entity,code,year,total_affected_drought_yearly,total_affected_earthquake_yearly,total_affected_volcanic_activity_yearly,total_affected_flood_yearly,total_affected_landslide_yearly,total_affected_extreme_weather_yearly,total_affected_wildfire_yearly,total_affected_extreme_temperature_yearly,total_affected_all_disasters_yearly
Afghanistan,AFG,1954,,0,,,,,,,0
Afghanistan,AFG,1956,,2000,,0,,,,,2000
Afghanistan,AFG,1963,,,,0,,,,,0
Afghanistan,AFG,1969,48000,,,,,,,,48000
Afghanistan,AFG,1971,0,,,,0,,,,0
Afghanistan,AFG,1972,0,15,,250000,,,,,250015
Afghanistan,AFG,1973,0,,,,,,,,0
Afghanistan,AFG,1976,,90000,,80000,,,,,170000
Afghanistan,AFG,1978,,,,271684,,,,,271684
Afghanistan,AFG,1980,,,,30000,,,,,30000
Afghanistan,AFG,1982,,38000,,,,,,,38000
Afghanistan,AFG,1983,,34503,,,,,,,34503
Afghanistan,AFG,1984,,35,,,,,,,35
Afghanistan,AFG,1987,,,,,0,,,,0
Afghanistan,AFG,1988,,,,161000,,,,,161000
Afghanistan,AFG,1990,,,,,,,,0,0
Afghanistan,AFG,1991,,7000,,139400,,,,200,146600
Afghanistan,AFG,1992,,0,,4000,,,,,4000
Afghanistan,AFG,1993,,,,,1000,0,,,1000
Afghanistan,AFG,1994,,100330,,,,,,,100330
Afghanistan,AFG,1995,,,,7500,174,,,,7674
Afghanistan,AFG,1996,,3250,,9855,,,,,13105
Afghanistan,AFG,1997,,0,,20750,0,,,,20750
Afghanistan,AFG,1998,,149753,,300,0,,,,150053
Afghanistan,AFG,1999,,91960,,500,,,0,,92460
Afghanistan,AFG,2000,648307,,,,,,,,648307
Afghanistan,AFG,2001,965846,270,,,,,,200000,1166116
Afghanistan,AFG,2002,965847,100891,,5545,400,,,,1072683
Afghanistan,AFG,2003,,1001,,3753,,,,,4754
Afghanistan,AFG,2004,,1040,,4500,,,,,5540
Afghanistan,AFG,2005,,501,,18318,,22656,,0,41475
Afghanistan,AFG,2006,1900000,935,,32975,300000,0,,,2233910
Afghanistan,AFG,2007,,,,30255,,,,,30255
Afghanistan,AFG,2008,280000,,,1180,,,,170684,451864
Afghanistan,AFG,2009,,3309,,62516,32,,,,65857
Afghanistan,AFG,2010,,1070,,45000,130,,,,46200
Afghanistan,AFG,2011,1750000,,,12810,,5,,,1762815
Afghanistan,AFG,2012,,3548,,51150,46,,,68,54812
Afghanistan,AFG,2013,,3531,,17097,1000,,,,21628
Afghanistan,AFG,2014,,,,142055,,0,,,142055
Afghanistan,AFG,2015,,93132,,3010,33707,,,,129849
Afghanistan,AFG,2016,,,,0,,,,,0
Afghanistan,AFG,2017,,,,1822,363,9055,,,11240
Afghanistan,AFG,2018,7623203,,,4000,0,,,,7627203
Afghanistan,AFG,2019,5876797,,,130942,0,,,,6007739
Afghanistan,AFG,2020,,,,44076,260,7481,,,51817
Afghanistan,AFG,2021,4557321,,,35033,0,,,,4592354
Afghanistan,AFG,2022,4557321,368627,,266787,0,,,,5192735
Afghanistan,AFG,2023,1885358,280435,,127549,,,,0,2293342
Afghanistan,AFG,2024,,,,312504,158,,,327422,640084
Afghanistan,AFG,2025,,2716872,,2048,,,,,2718920
Africa,OWID_AFR,1900,0,,,,,,,,0
Africa,OWID_AFR,1903,0,,0,,,,,,0
Africa,OWID_AFR,1906,0,,,,,,,,0
Africa,OWID_AFR,1907,0,,,,,,,,0
Africa,OWID_AFR,1909,,0,,,,,,,0
Africa,OWID_AFR,1910,6396,0,,,,,,,6396
Africa,OWID_AFR,1911,6396,,,,,,,,6396
Africa,OWID_AFR,1912,6396,,,,,,,,6396
Africa,OWID_AFR,1913,6396,,,,,,,,6396
Africa,OWID_AFR,1914,6416,,,,,,,,6416
Africa,OWID_AFR,1920,0,,,,,,,,0
Africa,OWID_AFR,1926,,0,,,,,,,0
Africa,OWID_AFR,1927,,,,0,,,,,0
Africa,OWID_AFR,1939,,7630,,,,,,,7630
Africa,OWID_AFR,1940,0,,,,,,,,0
Africa,OWID_AFR,1941,0,,,,,,,,0
Africa,OWID_AFR,1942,0,,,,,,,,0
Africa,OWID_AFR,1943,0,,,,,,,,0
Africa,OWID_AFR,1944,0,,,,,,,,0
Africa,OWID_AFR,1946,0,0,,,,,,,0
Africa,OWID_AFR,1948,,,,,,0,,,0
Africa,OWID_AFR,1951,,,,0,,0,,,0
Africa,OWID_AFR,1952,,,,0,,0,,,0
Africa,OWID_AFR,1954,,134250,,0,,,,,134250
Africa,OWID_AFR,1955,,28,,,,,,,28
Africa,OWID_AFR,1956,,,,,,0,,,0
Africa,OWID_AFR,1957,,0,,,,,,,0
Africa,OWID_AFR,1959,,,,0,,,,,0
Africa,OWID_AFR,1960,,1250,,,,0,,,1250
Africa,OWID_AFR,1961,,0,,0,,,,,0
Africa,OWID_AFR,1962,,,,0,,,,,0
Africa,OWID_AFR,1963,,5375,,80410,,,,,85785
Africa,OWID_AFR,1964,705000,500,,49900,,,,,755400
Africa,OWID_AFR,1965,1866000,49350,,47813,,,,,1963163
Africa,OWID_AFR,1966,0,9110,,37912,,15,,,47037
Africa,OWID_AFR,1967,78483,215,,81200,668,23524,,,184090
Africa,OWID_AFR,1968,444000,,,98000,768,75000,,,617768
Africa,OWID_AFR,1969,2248794,2136,,473806,,43040,,,2767776
Africa,OWID_AFR,1970,714692,,,266444,,10000,,,991136
Africa,OWID_AFR,1971,1506075,,,500000,,,,,2006075
Africa,OWID_AFR,1972,685884,,,1000,,2535072,,,3221956
Africa,OWID_AFR,1973,735885,,,203240,,,5000,,944125
Africa,OWID_AFR,1974,1284821,,,2004000,,,,,3288821
Africa,OWID_AFR,1975,1387187,,,248000,,846308,,,2481495
Africa,OWID_AFR,1976,2359485,,,70000,,508876,,,2938361
Africa,OWID_AFR,1977,4374645,,86000,646900,,30151,,,5137696
Africa,OWID_AFR,1978,3037851,,,446900,,123000,7200,,3614951
Africa,OWID_AFR,1979,2499634,,,213042,,120257,,,2832933
Africa,OWID_AFR,1980,3247170,930317,,,0,7000,,,4184487
Africa,OWID_AFR,1981,5086310,,,657235,,119850,,,5863395
Africa,OWID_AFR,1982,4745590,,,667514,12416,104722,,,5530242
Africa,OWID_AFR,1983,11776314,41436,,137000,,44163,,,11998913
Africa,OWID_AFR,1984,21931334,,0,5970,,1588215,0,,23525519
Africa,OWID_AFR,1985,14304719,0,,1114972,,35000,1500,,15456191
Africa,OWID_AFR,1986,1030206,,10437,36723,,84309,,,1161675
Africa,OWID_AFR,1987,11899210,3152,,195000,,57714,,,12155076
Africa,OWID_AFR,1988,4022750,2257,,3163247,1500,15307,,,7205061
Africa,OWID_AFR,1989,1446197,62284,,1369391,148,66114,,,2944134
Africa,OWID_AFR,1990,8827910,8006,,692368,,0,,1000000,10528284
Africa,OWID_AFR,1991,11029873,,200,2150422,0,257800,0,,13438295
Africa,OWID_AFR,1992,14875479,95210,,2258,,,,0,14972947
Africa,OWID_AFR,1993,6676234,15,,284705,996,17397,,,6979347
Africa,OWID_AFR,1994,4880362,62789,,1166881,29,3048851,0,,9158912
Africa,OWID_AFR,1995,5280957,69,6306,1268725,,2775,85,0,6558917
Africa,OWID_AFR,1996,1018804,,,675618,0,300200,,0,1994622
Africa,OWID_AFR,1997,2878418,46,,3351704,0,600060,0,,6830228
Africa,OWID_AFR,1998,1623606,,,3274039,2500,160,1500,,4901805
Africa,OWID_AFR,1999,3063171,15175,3010,1491549,,146623,3005,,4722533
Africa,OWID_AFR,2000,15549278,791,,5713013,465,1119513,1255,105,22384420
Africa,OWID_AFR,2001,15101157,700,,2852276,3516,5941,0,,17963590
Africa,OWID_AFR,2002,17648809,3893,110400,1008909,0,645636,2250,0,19419897
Africa,OWID_AFR,2003,11196684,210461,,1441380,100,217252,,0,13065877
Africa,OWID_AFR,2004,26135601,123813,,806738,,1055108,777,,28122037
Africa,OWID_AFR,2005,9657607,6563,293000,676210,,14537,,,10647917
Africa,OWID_AFR,2006,15245259,1795,0,2174761,2000,89622,,,17513437
Africa,OWID_AFR,2007,2699253,,2000,4907480,6,389016,3100,0,8000855
Africa,OWID_AFR,2008,10285426,17998,,1151745,717,762240,3048,,12221174
Africa,OWID_AFR,2009,19659387,20736,,2520043,10006,155829,125,,22366126
Africa,OWID_AFR,2010,14201857,,,4486699,20054,199836,2770,,18911216
Africa,OWID_AFR,2011,18704619,,,1435932,,126874,,,20267425
Africa,OWID_AFR,2012,21405856,,,9295725,3432,471842,,7500,31184355
Africa,OWID_AFR,2013,4924838,,,2330860,,201873,5016,,7462587
Africa,OWID_AFR,2014,6654441,12422,1392,949272,0,131112,,,7748639
Africa,OWID_AFR,2015,9743961,390,1108,2723231,3492,222075,57003,66,12751326
Africa,OWID_AFR,2016,25506307,140191,,1288430,31030,37272,,750020,27753250
Africa,OWID_AFR,2017,21026373,,,1491727,12736,1317109,7500,1775000,25630445
Africa,OWID_AFR,2018,3269532,,,3475674,333,506931,,70000,7322470
Africa,OWID_AFR,2019,8970032,,,4604381,141611,4583605,12,125025,18424666
Africa,OWID_AFR,2020,18829438,15000,,8334058,0,137110,,,27315606
Africa,OWID_AFR,2021,31272275,,301769,2811656,,618389,43503,,35047592
Africa,OWID_AFR,2022,113715896,,,7337521,1446,2325406,36768,,123417037
Africa,OWID_AFR,2023,5047995,845674,,10373514,8341,5529821,30026,,21835371
Africa,OWID_AFR,2024,22728438,,,13323586,46766,1376933,250,0,37475973
Africa,OWID_AFR,2025,15908102,142961,,2802290,6569,1632915,4180,,20497017
Albania,ALB,1905,,0,,,,,,,0
Albania,ALB,1920,,0,,,,,,,0
Albania,ALB,1930,,3048,,,,,,,3048
Albania,ALB,1931,,0,,,,,,,0
Albania,ALB,1942,,110,,,,,,,110
Albania,ALB,1962,,154,,,,,,,154
Albania,ALB,1967,,134,,,,,,,134
Albania,ALB,1979,,350,,,,,,,350
Albania,ALB,1982,,5005,,,,,,,5005
Albania,ALB,1985,,,,,26,,,7085,7111
Albania,ALB,1988,,690,,,,,,,690
Albania,ALB,1989,1066666,,,,,,,,1066666
Albania,ALB,1990,1066666,,,,,,,,1066666
Albania,ALB,1991,1066668,,,,,,,,1066668
Albania,ALB,1992,,,,35000,,,,,35000
Albania,ALB,1995,,,,3500,,,,,3500
Albania,ALB,1997,,,,8000,,,,,8000
Albania,ALB,1998,,2100,,,,,,,2100
Albania,ALB,2002,,,,66884,,125000,,,191884
Albania,ALB,2004,,,,2500,,,,0,2500
Albania,ALB,2005,,,,500,,400000,,,400500
Albania,ALB,2007,,,,,,,75,150,225
Albania,ALB,2009,,150,,3960,,,,,4110
Albania,ALB,2010,,,,16640,,,,,16640
Albania,ALB,2012,,,,,,,,230000,230000
Albania,ALB,2013,,,,2800,,,,,2800
Albania,ALB,2015,,,,42300,,,,,42300
Albania,ALB,2016,,,,4500,,,,,4500
Albania,ALB,2017,,,,21002,,,,0,21002
Albania,ALB,2018,,,,800,,,,,800
Albania,ALB,2019,,207825,,,,,,,207825
Albania,ALB,2021,,,,84,,,,,84
Albania,ALB,2022,,,,,,,,0,0
Albania,ALB,2023,,,,,,,,0,0
Albania,ALB,2025,,,,,,840,,,840
Algeria,DZA,1910,,0,,,,,,,0
Algeria,DZA,1927,,,,0,,,,,0
Algeria,DZA,1946,,0,,,,,,,0
Algeria,DZA,1952,,,,0,,,,,0
Algeria,DZA,1954,,134250,,,,,,,134250
Algeria,DZA,1960,,1250,,,,,,,1250
Algeria,DZA,1963,,,,45400,,,,,45400
Algeria,DZA,1965,,49350,,,,,,,49350
Algeria,DZA,1966,,,,35912,,,,,35912
Algeria,DZA,1967,,215,,30000,,,,,30215
Algeria,DZA,1969,,,,200237,,,,,200237
Algeria,DZA,1973,,,,146000,,,,,146000
Algeria,DZA,1974,,,,20000,,,,,20000
Algeria,DZA,1979,,,,30000,,,,,30000
Algeria,DZA,1980,,930317,,,,,,,930317
Algeria,DZA,1981,,,,50,,,,,50
Algeria,DZA,1982,,,,8514,,,,,8514
Algeria,DZA,1984,,,,1470,,,,,1470
Algeria,DZA,1985,,0,,15000,,,,,15000
Algeria,DZA,1987,,3152,,,,,,,3152
Algeria,DZA,1988,,257,,,,10107,,,10364
Algeria,DZA,1989,,12184,,,,,,,12184
Algeria,DZA,1992,,2250,,2258,,,,,4508
Algeria,DZA,1993,,,,16,696,,,,712
Algeria,DZA,1994,,12789,,31200,,,0,,43989
Algeria,DZA,1996,,,,101,,,,,101
Algeria,DZA,1997,,,,3000,,,,,3000
Algeria,DZA,1999,,15175,,702,,,,,15877
Algeria,DZA,2000,,,,100,,,,,100
Algeria,DZA,2001,,,,45423,,,,,45423
Algeria,DZA,2002,,,,2305,,,,,2305
Algeria,DZA,2003,,210461,,50,,0,,0,210511
Algeria,DZA,2004,,315,,27565,,,,,27880
Algeria,DZA,2005,,,,1820,,5,,,1825
Algeria,DZA,2006,,319,,60000,,,,,60319
Algeria,DZA,2007,,,,1305,,,0,,1305
Algeria,DZA,2008,,,,59050,,,,,59050
Algeria,DZA,2009,,,,2548,,,,,2548
Algeria,DZA,2011,,,,793,,,,,793
Algeria,DZA,2012,,,,101,,,,,101
Algeria,DZA,2014,,420,,,,,,,420
Algeria,DZA,2015,,,,35000,,,,,35000
Algeria,DZA,2017,,,,,,,,125000,125000
Algeria,DZA,2018,,,,200,,,,,200
Algeria,DZA,2019,,,,,,,,125025,125025
Algeria,DZA,2020,,15000,,,,,,,15000
Algeria,DZA,2021,,,,2920,,,42503,,45423
Algeria,DZA,2022,,,,,,,6768,,6768
Algeria,DZA,2023,,,,1668,,,30026,,31694
Algeria,DZA,2024,,,,12000,,,,,12000
Algeria,DZA,2025,,,,1350,,,,,1350
American Samoa,ASM,1966,,,,,,0,,,0
American Samoa,ASM,1989,,,,,,0,,,0
American Samoa,ASM,2003,,,,3,,,,,3
American Samoa,ASM,2004,,,,,,23060,,,23060
American Samoa,ASM,2005,,,,,,0,,,0
American Samoa,ASM,2009,,2500,,,,,,,2500
Angola,AGO,1981,80000,,,,,,,,80000
Angola,AGO,1985,500000,,,,,,,,500000
Angola,AGO,1989,474674,,,100000,,,,,574674
Angola,AGO,1990,474674,,,,,,,,474674
Angola,AGO,1991,474674,,,,,,,,474674
Angola,AGO,1992,475978,,,,,,,,475978
Angola,AGO,1997,47883,,,,,,,,47883
Angola,AGO,1998,57117,,,,,,,,57117
Angola,AGO,2000,,,,79011,0,,,,79011
Angola,AGO,2001,0,,,39928,,,,,39928
Angola,AGO,2003,,,,825,,,,,825
Angola,AGO,2004,6262,,,333700,,,,,339962
Angola,AGO,2005,18738,,,10000,,,,,28738
Angola,AGO,2006,,,,225,,,,,225
Angola,AGO,2007,,,,46000,,,,,46000
Angola,AGO,2008,,,,81400,,,,,81400
Angola,AGO,2009,,,,225065,,,,,225065
Angola,AGO,2010,,,,189781,,,,,189781
Angola,AGO,2011,,,,88780,,,,,88780
Angola,AGO,2012,1227950,,,1904,,,,,1229854
Angola,AGO,2013,605950,,,1000,,,,,606950
Angola,AGO,2015,,,,5000,,,,,5000
Angola,AGO,2016,,,,9899,,,,,9899
Angola,AGO,2017,1420000,,,30250,,,,,1450250
Angola,AGO,2018,,,,3000,,,,,3000
Angola,AGO,2019,,,,16165,,,,,16165
Angola,AGO,2020,111962,,,20955,,,,,132917
Angola,AGO,2021,1318264,,,9937,,,,,1328201
Angola,AGO,2022,213090,,,,,,,,213090
Angola,AGO,2023,,,,160725,,,,,160725
Angola,AGO,2024,1034887,,,,,,,,1034887
Angola,AGO,2025,1765113,,,,,,,,1765113
Anguilla,AIA,1919,0,,,,,,,,0
Anguilla,AIA,1920,0,,,,,,,,0
Anguilla,AIA,1921,0,,,,,,,,0
Anguilla,AIA,1922,0,,,,,,,,0
Anguilla,AIA,1923,0,,,,,,,,0
Anguilla,AIA,1955,,,,,,0,,,0
Anguilla,AIA,1960,,,,,,1250,,,1250
Anguilla,AIA,1979,,,,,,0,,,0
Anguilla,AIA,1999,,,,,,150,,,150
Anguilla,AIA,2017,,,,,,15000,,,15000
Antigua and Barbuda,ATG,1950,,,,,,0,,,0
Antigua and Barbuda,ATG,1960,,,,,,0,,,0
Antigua and Barbuda,ATG,1966,,,,,,0,,,0
Antigua and Barbuda,ATG,1983,75000,,,,,,,,75000
Antigua and Barbuda,ATG,1989,,,,,,8030,,,8030
Antigua and Barbuda,ATG,1990,,,,,,0,,,0
Antigua and Barbuda,ATG,1995,,,,,,3702,,,3702
Antigua and Barbuda,ATG,1998,,,,,,2025,,,2025
Antigua and Barbuda,ATG,1999,,,,,,5957,,,5957
Antigua and Barbuda,ATG,2008,,,,,,25800,,,25800
Antigua and Barbuda,ATG,2010,,,,,,5000,,,5000
Antigua and Barbuda,ATG,2017,,,,,,1800,,,1800
Argentina,ARG,1920,,0,,,,,,,0
Argentina,ARG,1944,,155000,,,,,,,155000
Argentina,ARG,1958,,,,0,,,,,0
Argentina,ARG,1965,,,,,0,,,,0
Argentina,ARG,1966,,,,120000,,,,,120000
Argentina,ARG,1967,,,,212000,,,,,212000
Argentina,ARG,1970,,,,0,,,,,0
Argentina,ARG,1972,,,,,,,,0,0
Argentina,ARG,1973,,,,,,300,,,300
Argentina,ARG,1974,,,,,,100000,,,100000
Argentina,ARG,1975,,,,,,0,,,0
Argentina,ARG,1977,,40100,,2500,,,,,42600
Argentina,ARG,1978,,,,1600,,100,,,1700
Argentina,ARG,1979,,,,20000,,,,,20000
Argentina,ARG,1980,,,,40000,,,,,40000
Argentina,ARG,1982,,,,50000,,,,,50000
Argentina,ARG,1983,,,,6080000,,,,,6080000
Argentina,ARG,1984,,,,,12014,,,,12014
Argentina,ARG,1985,,45238,,1206000,,,,,1251238
Argentina,ARG,1986,,,,204000,,1000,,,205000
Argentina,ARG,1987,,,,12000,,1000,152752,,165752
Argentina,ARG,1988,,,,4600000,,,,,4600000
Argentina,ARG,1990,,,,2000,,,,,2000
Argentina,ARG,1991,,,63200,,,,,,63200
Argentina,ARG,1992,,,,88074,,,,,88074
Argentina,ARG,1993,,,,0,,8000,,,8000
Argentina,ARG,1994,,,,,,,0,,0
Argentina,ARG,1995,,,,2500,,6000,,25000,33500
Argentina,ARG,1997,,,,12500,,,,,12500
Argentina,ARG,1998,,,,360000,,4000,,,364000
Argentina,ARG,1999,,,,,,,0,,0
Argentina,ARG,2000,,,,37840,,430,0,300,38570
Argentina,ARG,2001,,,,251300,,2650,0,3000,256950
Argentina,ARG,2002,,727,,6000,,5000,,200,11927
Argentina,ARG,2003,0,,,163000,,900,,,163900
Argentina,ARG,2004,,,,6307,,,,0,6307
Argentina,ARG,2005,,,,,,252,,,252
Argentina,ARG,2006,,,,4500,,,,,4500
Argentina,ARG,2007,,,,135000,,,,0,135000
Argentina,ARG,2008,,,0,85000,,,,,85000
Argentina,ARG,2009,0,,,34128,20000,24,,,54152
Argentina,ARG,2010,,,,,,,,0,0
Argentina,ARG,2011,,,3000,,,,,,3000
Argentina,ARG,2012,,,,10000,,9530,,,19530
Argentina,ARG,2013,,,,350000,,12,,,350012
Argentina,ARG,2014,,,,7203,350,,,,7553
Argentina,ARG,2015,,,0,104721,,4500,,,109221
Argentina,ARG,2016,,,,122181,,,,,122181
Argentina,ARG,2017,,,,51777,2666,,,,54443
Argentina,ARG,2018,0,,,63420,,1200,,,64620
Argentina,ARG,2019,11666,,,35351,,,,,47017
Argentina,ARG,2020,11666,,,3000,,250,,,14916
Argentina,ARG,2021,11700,1814,,90,,,1207,,14811
Argentina,ARG,2022,,,,,,,124085,,124085
Argentina,ARG,2023,,,,38000,,14020,800,,52820
Argentina,ARG,2024,,,,402400,,400006,,,802406
Argentina,ARG,2025,,,,236700,,1800,1500,,240000
Armenia,ARM,1931,,0,,,,,,,0
Armenia,ARM,1997,,15000,,7000,,,,,22000
Armenia,ARM,1998,,,,144,,,,,144
Armenia,ARM,2000,297000,,,,,,,,297000
Armenia,ARM,2004,,,,0,,,,,0
Armenia,ARM,2013,,,,,,64000,,4133,68133
Armenia,ARM,2014,,,,,,,,7867,7867
Armenia,ARM,2016,,,,,750,,,,750
Armenia,ARM,2018,,,,,,9900,,,9900
Armenia,ARM,2019,,,,,,11700,,,11700
Armenia,ARM,2020,,,,,,2836,,,2836
Armenia,ARM,2023,,,,,,18000,,,18000
Armenia,ARM,2024,,,,429,,,,,429
Armenia,ARM,2025,,,,,,20000,,,20000
Asia,OWID_ASI,1900,0,0,0,,,,,,0
Asia,OWID_ASI,1901,,24,,,,,,,24
Asia,OWID_ASI,1902,,0,0,,,0,,,0
Asia,OWID_ASI,1903,,60000,,,,,,,60000
Asia,OWID_ASI,1904,,2349,,,,0,,,2349
Asia,OWID_ASI,1905,,177,,,,0,,,177
Asia,OWID_ASI,1906,,35918,,,,0,,,35918
Asia,OWID_ASI,1907,,0,,,,,,,0
Asia,OWID_ASI,1909,,3345,,,,0,,,3345
Asia,OWID_ASI,1910,,0,,0,,,,,0
Asia,OWID_ASI,1911,,1266,199,0,,0,,,1465
Asia,OWID_ASI,1912,,18195,,,,500000,,,518195
Asia,OWID_ASI,1913,,112,,,,,,,112
Asia,OWID_ASI,1914,,53640,0,,,,,,53640
Asia,OWID_ASI,1915,,0,,3000000,,,,,3000000
Asia,OWID_ASI,1916,,2153,,,,0,,,2153
Asia,OWID_ASI,1917,,475,,635000,,0,,,635475
Asia,OWID_ASI,1918,,0,,,,,,,0
Asia,OWID_ASI,1919,,,0,,,0,,,0
Asia,OWID_ASI,1920,20000000,0,,,,,,,20000000
Asia,OWID_ASI,1922,,417,,,,0,,,417
Asia,OWID_ASI,1923,,203733,,,0,25000,,,228733
Asia,OWID_ASI,1924,,12390,,,,1000000,,,1012390
Asia,OWID_ASI,1925,,17628,,,,0,,,17628
Asia,OWID_ASI,1926,,,0,0,,40000,,,40000
Asia,OWID_ASI,1927,,213484,,,,40010,,,253494
Asia,OWID_ASI,1928,0,209,,2000,,,,,2209
Asia,OWID_ASI,1929,,1121,,,,,,,1121
Asia,OWID_ASI,1930,,27376,0,,,,,,27376
Asia,OWID_ASI,1931,,0,0,0,,0,,,0
Asia,OWID_ASI,1932,,3440,,,,2500,,,5940
Asia,OWID_ASI,1933,,150,,3600000,,,,,3600150
Asia,OWID_ASI,1934,,0,,,0,0,,,0
Asia,OWID_ASI,1935,,282592,,10030000,,0,,,10312592
Asia,OWID_ASI,1936,,71516,,,,150000,,,221516
Asia,OWID_ASI,1937,,200,,,,0,,,200
Asia,OWID_ASI,1938,,6430,,0,,0,,,6430
Asia,OWID_ASI,1939,,586557,,0,,0,,,586557
Asia,OWID_ASI,1940,,64205,,,,0,,,64205
Asia,OWID_ASI,1941,,46172,,,,0,,,46172
Asia,OWID_ASI,1942,0,0,,,,0,,,0
Asia,OWID_ASI,1943,0,44313,,0,,30000,,,74313
Asia,OWID_ASI,1944,,80573,,,,10000,,,90573
Asia,OWID_ASI,1945,,22589,0,,,1883672,,,1906261
Asia,OWID_ASI,1946,,3884,,,,0,,,3884
Asia,OWID_ASI,1947,0,0,,0,,0,,,0
Asia,OWID_ASI,1948,,339200,,0,0,414153,,,753353
Asia,OWID_ASI,1949,,5422,,0,,194046,,,199468
Asia,OWID_ASI,1950,,50,0,10025000,,642117,,,10667167
Asia,OWID_ASI,1951,,162346,0,318534,,176417,,,657297
Asia,OWID_ASI,1952,,4976,29,,,1500452,,,1505457
Asia,OWID_ASI,1953,,50000,,1886760,,1746819,,0,3683579
Asia,OWID_ASI,1954,,101,0,0,0,160170,,,160271
Asia,OWID_ASI,1955,,2113,,0,0,375000,,,377113
Asia,OWID_ASI,1956,,2419,,77000,0,12016617,,,12096036
Asia,OWID_ASI,1957,,15119,,268240,,250111,,,533470
Asia,OWID_ASI,1958,,4345,,5000,0,20000,,0,29345
Asia,OWID_ASI,1959,,63,,13000,0,2491742,,,2504805
Asia,OWID_ASI,1960,0,0,,167000,0,723713,,,890713
Asia,OWID_ASI,1961,,0,,1304384,,1171,,0,1305555
Asia,OWID_ASI,1962,,103000,,0,,112000,,,215000
Asia,OWID_ASI,1963,,18,78000,0,0,6002200,,,6080218
Asia,OWID_ASI,1964,1291000,110961,,1849037,0,2805561,,,6056559
Asia,OWID_ASI,1965,33333333,15000,58785,3644959,,16191139,,0,53243216
Asia,OWID_ASI,1966,33537333,129620,47060,3234331,0,2254906,,,39203250
Asia,OWID_ASI,1967,34731418,398941,,1841151,,299473,,,37270983
Asia,OWID_ASI,1968,1401916,107392,51000,24700216,107,360785,0,,26621416
Asia,OWID_ASI,1969,887998,108992,251700,1229673,,640362,0,,3118725
Asia,OWID_ASI,1970,839998,94641,,20826438,113,5479157,,,27240347
Asia,OWID_ASI,1971,840004,95556,,280000,0,7206615,,,8422175
Asia,OWID_ASI,1972,102339806,28473,,4171158,1000,5050911,,,111591348
Asia,OWID_ASI,1973,102060194,931,,4807862,,4653300,0,0,111522287
Asia,OWID_ASI,1974,0,50273,,40806823,0,161623,,,41018719
Asia,OWID_ASI,1975,,53372,,48053448,75000,17847,,0,48199667
Asia,OWID_ASI,1976,0,1137159,11510,9882098,0,3632369,,,14663136
Asia,OWID_ASI,1977,3750000,485436,10000,2683046,0,14803956,,,21732438
Asia,OWID_ASI,1978,6020885,47213,26000,41818232,7,3300915,,0,51213252
Asia,OWID_ASI,1979,11747606,682309,28000,28102100,5318,2239033,30000,0,42834366
Asia,OWID_ASI,1980,2754494,260813,52235,44571349,3010,17558240,,0,65200141
Asia,OWID_ASI,1981,0,64769,5000,19893935,6000,3410698,48588,0,23428990
Asia,OWID_ASI,1982,37461302,464422,330000,35477674,5915,7810715,9000,0,81559028
Asia,OWID_ASI,1983,86229758,897032,21535,10359294,25188,2938551,0,,100471358
Asia,OWID_ASI,1984,2000,766401,98000,51142757,4040,6522005,0,0,58535203
Asia,OWID_ASI,1985,0,36279,1078,14730307,0,4240763,0,0,19008427
Asia,OWID_ASI,1986,1000,24123,13000,11041901,2500334,14393839,0,30000,28004197
Asia,OWID_ASI,1987,303202100,241972,13000,49499889,820,5764441,56313,7,358778542
Asia,OWID_ASI,1988,49968065,21638336,11570,95554024,52620,18548901,,200,185773716
Asia,OWID_ASI,1989,5567935,270752,3000,101866268,18248,50653017,,0,158379220
Asia,OWID_ASI,1990,12943,2438408,10265,45700189,5115,17049825,0,0,65216745
Asia,OWID_ASI,1991,7652402,612658,1059564,224772797,0,22938659,8,450,257036538
Asia,OWID_ASI,1992,12088937,657652,41578,18864717,76669,18130190,50000,0,49909743
Asia,OWID_ASI,1993,1175000,196389,173403,147067006,78849,13571651,,,162262298
Asia,OWID_ASI,1994,86183154,657148,4722,127583530,143377,29377366,3000000,8000,246957297
Asia,OWID_ASI,1995,14630337,1820852,2500,189801949,1132312,13259091,3240,0,220650281
Asia,OWID_ASI,1996,1936509,5379254,,181085216,908,25671396,5561,0,214078844
Asia,OWID_ASI,1997,1503679,1184559,3000,40081046,3896,12643890,40070,702180,56162320
Asia,OWID_ASI,1998,5166321,3642863,6000,289440235,203341,26195580,2300,34000,324690640
Asia,OWID_ASI,1999,36934410,5348889,,144961726,92,18106614,4000,0,205355731
Asia,OWID_ASI,2000,58512667,2419779,84826,67538202,68691,11222316,1883,312,139848676
Asia,OWID_ASI,2001,63158726,7764882,83221,30179622,67339,25712737,,202012,127168539
Asia,OWID_ASI,2002,373907155,828801,5000,164692829,300306,109063960,422,21432,648819905
Asia,OWID_ASI,2003,51544042,3799589,,167051681,379416,10909193,300,32362,233716583
Asia,OWID_ASI,2004,,3013428,43548,115163000,81981,13978163,2155,430,132282705
Asia,OWID_ASI,2005,8784000,6149800,26000,72963221,7019,41584134,2140,920,129517234
Asia,OWID_ASI,2006,20100000,3824478,54849,27242327,419702,66717482,200,730,118359768
Asia,OWID_ASI,2007,0,682056,45963,167691147,3996,22480277,15,103025,191006479
Asia,OWID_ASI,2008,13394957,47481649,600,27682045,5113,11129479,300,79170684,178864827
Asia,OWID_ASI,2009,27431153,2956891,47137,54682946,11833,50181534,,148735,135460229
Asia,OWID_ASI,2010,48687711,211363,166361,177763232,2388101,6892324,20025,686885,236816002
Asia,OWID_ASI,2011,32261781,1427242,42304,130973003,2927,37412268,,4169972,206289497
Asia,OWID_ASI,2012,16800000,1437376,,53798173,284,18882610,,90656,91009099
Asia,OWID_ASI,2013,5000000,7081135,29727,26639524,1007,48206971,,113245,87071609
Asia,OWID_ASI,2014,31726000,2428057,175774,37884494,6847,25307218,,1024867,98553257
Asia,OWID_ASI,2015,182994702,6499346,,23162991,45406,9828197,409664,418301,223358607
Asia,OWID_ASI,2016,179667461,604531,,74147171,238397,5889034,60137,751358,261358089
Asia,OWID_ASI,2017,2789524,546477,133349,51569563,140157,12093329,,48308,67320707
Asia,OWID_ASI,2018,10924853,2710686,183834,30124913,50159,15820069,0,326768,60141282
Asia,OWID_ASI,2019,26228298,1448355,,28513976,32165,33248550,3035,30897,89505276
Asia,OWID_ASI,2020,251410,111543,757088,26167160,177929,30997862,141300,30000,58634292
Asia,OWID_ASI,2021,13675033,578561,34754,22866641,2580,17175088,561088,,54893745
Asia,OWID_ASI,2022,17262407,3536462,13157,45839275,12359,8690554,12084,61667,75427965
Asia,OWID_ASI,2023,23033560,26484981,41204,19140786,3128,16130431,50805,1032090,85916985
Asia,OWID_ASI,2024,266000,360616,95348,31898141,3490705,40847963,19900,36377795,113356468
Asia,OWID_ASI,2025,17400000,5745476,112872,14975190,7320,43449992,121374,0,81812224
Australia,AUS,1939,,,,,,,3900,,3900
Australia,AUS,1944,,,,,,,2100,,2100
Australia,AUS,1955,,,,15000,,,,,15000
Australia,AUS,1967,0,,,,,,3100,,3100
Australia,AUS,1968,0,4290,,,,,1800,,6090
Australia,AUS,1969,0,,,,,,,,0
Australia,AUS,1970,,,,,,0,,,0
Australia,AUS,1971,,,,0,,257,,,257
Australia,AUS,1973,,,,6000,,,,,6000
Australia,AUS,1974,0,,,6000,,69940,,,75940
Australia,AUS,1975,0,,,,,,,,0
Australia,AUS,1976,0,,,10000,,0,,,10000
Australia,AUS,1977,,,,,,,0,,0
Australia,AUS,1978,0,,,0,,100,,,100
Australia,AUS,1979,,,,,,0,,,0
Australia,AUS,1981,40000,,,0,,,,,40000
Australia,AUS,1982,40000,,,,,0,,,40000
Australia,AUS,1983,,,,,,,11000,,11000
Australia,AUS,1984,,,,0,,,,,0
Australia,AUS,1985,,,,,,0,100,,100
Australia,AUS,1986,,,,0,,1012,,,1012
Australia,AUS,1988,,,,0,,0,,,0
Australia,AUS,1989,,2115,,0,,0,,,2115
Australia,AUS,1990,,,,6243,,0,0,,6243
Australia,AUS,1991,0,,,557,,408,,,965
Australia,AUS,1992,192717,,,,,120,,,192837
Australia,AUS,1993,2269094,,,20530,,12070,,3000500,5302194
Australia,AUS,1994,2269094,5025,,,,2860414,46161,1100184,6280878
Australia,AUS,1995,2269095,,,,,431769,,500100,3200964
Australia,AUS,1996,,,,13226,101,622806,,,636133
Australia,AUS,1997,,,,400,0,,0,,400
Australia,AUS,1998,,,,15175,,,,,15175
Australia,AUS,1999,,,,,,10697,2000,,12697
Australia,AUS,2000,,,,600,,1350,200,,2150
Australia,AUS,2001,,,,4001,,207,1339,,5547
Australia,AUS,2002,0,,,,,129,3305,,3434
Australia,AUS,2003,,,,470,,2070,2650,,5190
Australia,AUS,2004,,,,3620,,645,,,4265
Australia,AUS,2005,,,,3000,,1200,220,,4420
Australia,AUS,2006,0,,,1100,,9030,141,,10271
Australia,AUS,2007,,,,5000,,820,,,5820
Australia,AUS,2008,,,,8400,,12000,,,20400
Australia,AUS,2009,,,,9200,,15400,9954,2000,36554
Australia,AUS,2010,,,,40166,,0,,,40166
Australia,AUS,2011,,,,146051,,7300,120,,153471
Australia,AUS,2012,,,,16000,,,,,16000
Australia,AUS,2013,,,,,,7500,1440,,8940
Australia,AUS,2014,,,,,,52539,290,0,52829
Australia,AUS,2015,,,,0,,8038,743,,8781
Australia,AUS,2016,,,,280,,0,540,,820
Australia,AUS,2017,,,,,,51000,143,,51143
Australia,AUS,2018,0,,,600,,,,0,600
Australia,AUS,2019,,,,9900,,,6581,0,16481
Australia,AUS,2020,,,,0,,0,2929,,2929
Australia,AUS,2021,,,,19850,,8625,243,,28718
Australia,AUS,2022,,,,247212,,,,,247212
Australia,AUS,2023,,,,1737,,2400,,,4137
Australia,AUS,2024,,,,5576,,4402,,,9978
Australia,AUS,2025,,,,630,,50013,419,,51062
Austria,AUT,1952,,,,,0,,,,0
Austria,AUT,1954,,,,,380,,,,380
Austria,AUT,1975,,,,,0,,,,0
Austria,AUT,1980,,,,0,,,,,0
Austria,AUT,1982,,,,,0,,,,0
Austria,AUT,1983,,,,0,,,,,0
Austria,AUT,1984,,,,,0,0,,,0
Austria,AUT,1985,,,,0,,,,,0
Austria,AUT,1990,,,,,,0,,,0
Austria,AUT,1991,,,,0,,0,,,0
Austria,AUT,1993,,,,,,0,,,0
Austria,AUT,1994,,,,,,0,,,0
Austria,AUT,1996,,,,0,,,,,0
Austria,AUT,1997,,,,0,,,,,0
Austria,AUT,1998,,0,,,,,,,0
Austria,AUT,1999,,,,0,10000,,,,10000
Austria,AUT,2000,,,,,0,0,,,0
Austria,AUT,2002,,,,60000,,300,,,60300
Austria,AUT,2003,,,,,,,,0,0
Austria,AUT,2005,,,,900,,,,0,900
Austria,AUT,2006,,,,516,,,,0,516
Austria,AUT,2007,,,,480,,0,,0,480
Austria,AUT,2008,,,,,,0,,,0
Austria,AUT,2009,,,,0,,0,,0,0
Austria,AUT,2012,,,,,,,,0,0
Austria,AUT,2013,,,,200,,,,,200
Austria,AUT,2016,,,,0,,,,,0
Austria,AUT,2017,,,,,,330,,,330
Austria,AUT,2019,,,,,,0,,0,0
Austria,AUT,2020,,,,,,0,,,0
Austria,AUT,2021,,,,0,,,,,0
Austria,AUT,2022,,,,,,13,,0,13
Austria,AUT,2023,,,,,0,,,0,0
Austria,AUT,2024,,,,,,2220,,0,2220
Azerbaijan,AZE,1995,,,,1658800,,,,,1658800
Azerbaijan,AZE,1997,,,,75000,,,,,75000
Azerbaijan,AZE,1998,,700010,,,,,,,700010
Azerbaijan,AZE,1999,,9168,,,,,,,9168
Azerbaijan,AZE,2000,0,3294,,,0,,,,3294
Azerbaijan,AZE,2003,,,,31500,,,,,31500
Azerbaijan,AZE,2009,,,,5000,,,,,5000
Azerbaijan,AZE,2010,,,,70000,,,,,70000
Azerbaijan,AZE,2012,,22499,,,,,,0,22499
Bahamas,BHS,1926,,,,,,0,,,0
Bahamas,BHS,1929,,,,,,0,,,0
Bahamas,BHS,1935,,,,,,0,,,0
Bahamas,BHS,1945,,,,,,0,,,0
Bahamas,BHS,1956,,,,,,0,,,0
Bahamas,BHS,1963,,,,,,0,,,0
Bahamas,BHS,1965,,,,,,1200,,,1200
Bahamas,BHS,1966,,,,,,3,,,3
Bahamas,BHS,1988,,,,0,,,,,0
Bahamas,BHS,1990,,,,,,0,,,0
Bahamas,BHS,1992,,,,,,1700,,,1700
Bahamas,BHS,1995,,,,,,0,,,0
Bahamas,BHS,1999,,,,,,0,,,0
Bahamas,BHS,2001,,,,,,0,,,0
Bahamas,BHS,2004,,,,,,9000,,,9000
Bahamas,BHS,2005,,,,,,1500,,,1500
Bahamas,BHS,2007,,,,,,7000,,,7000
Bahamas,BHS,2008,,,,,,3000,,,3000
Bahamas,BHS,2011,,,,,,10000,,,10000
Bahamas,BHS,2012,,,,,,0,,,0
Bahamas,BHS,2013,,,,1000,,,,,1000
Bahamas,BHS,2015,,,,,,6710,,,6710
Bahamas,BHS,2016,,,,,,0,,,0
Bahamas,BHS,2017,,,,,,0,,,0
Bahamas,BHS,2019,,,,,,14940,,,14940
Bahamas,BHS,2025,,,,,,2600,,,2600
Bangladesh,BGD,1904,,,,,,0,,,0
Bangladesh,BGD,1909,,,,,,0,,,0
Bangladesh,BGD,1911,,,,,,0,,,0
Bangladesh,BGD,1919,,,,,,0,,,0
Bangladesh,BGD,1922,,,,,,0,,,0
Bangladesh,BGD,1923,,,,,,25000,,,25000
Bangladesh,BGD,1926,,,,,,0,,,0
Bangladesh,BGD,1937,,,,,,0,,,0
Bangladesh,BGD,1941,,,,,,0,,,0
Bangladesh,BGD,1942,,,,,,0,,,0
Bangladesh,BGD,1943,0,,,,,,,,0
Bangladesh,BGD,1947,0,,,,,0,,,0
Bangladesh,BGD,1951,,,,,,0,,,0
Bangladesh,BGD,1958,,,,,,0,,,0
Bangladesh,BGD,1960,,,,0,,200000,,,200000
Bangladesh,BGD,1961,,,,,,0,,,0
Bangladesh,BGD,1963,,,,0,,1000000,,,1000000
Bangladesh,BGD,1964,,,,1000000,,800,,,1000800
Bangladesh,BGD,1965,,,,,,15660000,,,15660000
Bangladesh,BGD,1966,,,,500000,,1800000,,,2300000
Bangladesh,BGD,1967,,,,,,200,,,200
Bangladesh,BGD,1968,,,,15889616,,16138,,,15905754
Bangladesh,BGD,1969,,,,,,199473,,,199473
Bangladesh,BGD,1970,,,,10000000,,3648110,,,13648110
Bangladesh,BGD,1971,,,,,,0,,,0
Bangladesh,BGD,1972,,,,0,,25000,,,25000
Bangladesh,BGD,1973,,,,0,,50000,,,50000
Bangladesh,BGD,1974,0,,,38000000,,0,,,38000000
Bangladesh,BGD,1976,,,,4000000,,200,,,4000200
Bangladesh,BGD,1977,,,,213650,,10600,,,224250
Bangladesh,BGD,1978,,,,400000,,100,,,400100
Bangladesh,BGD,1979,,,,,,150,,,150
Bangladesh,BGD,1980,,,,10000000,,1050,,,10001050
Bangladesh,BGD,1981,,,,,,2037000,,,2037000
Bangladesh,BGD,1982,,,,308000,,,,,308000
Bangladesh,BGD,1983,20000000,,,7160000,,5350,,,27165350
Bangladesh,BGD,1984,,,,30000000,,,,,30000000
Bangladesh,BGD,1985,,,,500000,,1831300,,,2331300
Bangladesh,BGD,1986,,,,400000,,2723100,,,3123100
Bangladesh,BGD,1987,,,,29700000,,0,,,29700000
Bangladesh,BGD,1988,,100,,45000000,,10574060,,,55574160
Bangladesh,BGD,1989,5000000,100,,200000,,104000,,0,5304100
Bangladesh,BGD,1990,,,,2011600,,58570,,0,2070170
Bangladesh,BGD,1991,,,,2990000,,15439149,,0,18429149
Bangladesh,BGD,1992,,,,75200,,10300,,0,85500
Bangladesh,BGD,1993,,,,15751613,,868020,,,16619633
Bangladesh,BGD,1994,,,,395100,,659009,,0,1054109
Bangladesh,BGD,1995,,,,14718331,,2373570,,0,17091901
Bangladesh,BGD,1996,,,,5828319,,118691,,0,5947010
Bangladesh,BGD,1997,,200,,900030,,3803402,,0,4703632
Bangladesh,BGD,1998,,,,15000050,,230244,,34000,15264294
Bangladesh,BGD,1999,,15200,,495420,,101510,,,612130
Bangladesh,BGD,2000,,1000,,2679198,,146599,,0,2826797
Bangladesh,BGD,2001,,,,700000,,28750,,2000,730750
Bangladesh,BGD,2002,,,,1500000,,101400,,17708,1619108
Bangladesh,BGD,2003,,2525,,550000,,400,,32362,585287
Bangladesh,BGD,2004,,0,,36871700,,18200,,130,36890030
Bangladesh,BGD,2005,,,,1150000,,35606,,500,1186106
Bangladesh,BGD,2006,,,,211775,,18149,,500,230424
Bangladesh,BGD,2007,,,,13851440,,8978766,,100000,22930206
Bangladesh,BGD,2008,,,,635640,50,400,,,636090
Bangladesh,BGD,2009,0,,,500000,,3954550,,17708,4472258
Bangladesh,BGD,2010,,,,575000,55230,257160,,32292,919682
Bangladesh,BGD,2011,,,,1570559,0,121,,102000,1672680
Bangladesh,BGD,2012,,,,5398475,,184679,,25833,5608987
Bangladesh,BGD,2013,,,,,,1532207,,49167,1581374
Bangladesh,BGD,2014,,,,3200447,,5262,,,3205709
Bangladesh,BGD,2015,,200,,1411901,1003,2660250,,,4073354
Bangladesh,BGD,2016,,70,,1900000,,1203555,,,3103625
Bangladesh,BGD,2017,,,,8086025,80187,3300012,,,11466224
Bangladesh,BGD,2018,,,,14000,,0,,0,14000
Bangladesh,BGD,2019,,,,7600000,18016,261551,,4500,7884067
Bangladesh,BGD,2020,,,,5448271,,2600000,,,8048271
Bangladesh,BGD,2021,,,,268744,,1300000,,,1568744
Bangladesh,BGD,2022,,,,7200000,,1000000,,,8200000
Bangladesh,BGD,2023,,,,1000006,,2250012,,,3250018
Bangladesh,BGD,2024,,,,11188931,,4590013,,33000000,48778944
Bangladesh,BGD,2025,,507,,15350,,10104,,,25961
Barbados,BRB,1955,,,,,,0,,,0
Barbados,BRB,1970,,,,210,,,,,210
Barbados,BRB,1980,,,,,,5007,,,5007
Barbados,BRB,1984,,,,100,,,,,100
Barbados,BRB,1987,,,,,,230,,,230
Barbados,BRB,1995,,,,,,0,,,0
Barbados,BRB,2002,,,,,,2000,,,2000
Barbados,BRB,2004,,,,,,880,,,880
Barbados,BRB,2007,,1,,,,,,,1
Barbados,BRB,2010,0,,,,,2500,,,2500
Barbados,BRB,2017,,,,,,0,,,0
Barbados,BRB,2021,,,,,,3300,,,3300
Barbados,BRB,2023,,,,,,179,,,179
Barbados,BRB,2024,,,,,,2500,,,2500
Belarus,BLR,1993,,,,40000,,,,,40000
Belarus,BLR,1996,,,,0,,,,,0
Belarus,BLR,1997,,,,,,21390,,,21390
Belarus,BLR,1999,,,,2000,,,,,2000
Belarus,BLR,2000,,,,,,,,0,0
Belarus,BLR,2006,,,,,,,,1820,1820
Belarus,BLR,2007,,,,,,0,,,0
Belarus,BLR,2012,,,,,,,,130,130
Belarus,BLR,2013,,,,,,,,11325,11325
Belarus,BLR,2014,,,,,,,,31500,31500
Belarus,BLR,2017,,,,,,,,50539,50539
Belarus,BLR,2018,,,,50000,,,,,50000
Belarus,BLR,2023,,,,420,,,,,420
Belgium,BEL,1926,,,,0,,,,,0
Belgium,BEL,1928,,,,6000,,,,,6000
Belgium,BEL,1930,,,,,,0,,,0
Belgium,BEL,1953,,,,350,,,,,350
Belgium,BEL,1956,,,,0,,,,,0
Belgium,BEL,1963,,,,,,,,0,0
Belgium,BEL,1967,,,,,,100,,,100
Belgium,BEL,1971,,,,600,,,,,600
Belgium,BEL,1976,0,,,,,0,,,0
Belgium,BEL,1983,,1030,,,,,,,1030
Belgium,BEL,1984,,,,,,0,,,0
Belgium,BEL,1985,,,,,,0,,0,0
Belgium,BEL,1990,,,,,,0,,,0
Belgium,BEL,1992,,0,,,,,,,0
Belgium,BEL,1993,,,,2907,,,,,2907
Belgium,BEL,1994,,,,328,,,,,328
Belgium,BEL,1995,,,,,,800,,,800
Belgium,BEL,1998,,,,140,,0,,,140
Belgium,BEL,1999,,,,,,905,,,905
Belgium,BEL,2002,,,,2400,,0,,,2400
Belgium,BEL,2003,,,,0,,,,0,0
Belgium,BEL,2005,,,,210,,,,0,210
Belgium,BEL,2006,,,,,,,,0,0
Belgium,BEL,2007,,,,,,2,,,2
Belgium,BEL,2008,,,,,,0,,,0
Belgium,BEL,2009,,,,,,,,0,0
Belgium,BEL,2010,,,,690,,0,,,690
Belgium,BEL,2011,,,,,,71,,,71
Belgium,BEL,2012,,,,,,,,0,0
Belgium,BEL,2013,,,,,,0,,,0
Belgium,BEL,2014,,,,,,0,,,0
Belgium,BEL,2015,,,,,,,,0,0
Belgium,BEL,2016,,,,0,,0,,,0
Belgium,BEL,2018,,,,,,0,,0,0
Belgium,BEL,2019,,,,,,,,0,0
Belgium,BEL,2020,,,,,,0,,0,0
Belgium,BEL,2021,,,,101950,,0,,,101950
Belgium,BEL,2022,,,,,,0,,0,0
Belgium,BEL,2023,,,,3000,,0,,0,3000
Belgium,BEL,2024,,,,,,,,0,0
Belize,BLZ,1931,,,,,,0,,,0
Belize,BLZ,1955,,,,,,0,,,0
Belize,BLZ,1961,,,,,,10000,,,10000
Belize,BLZ,1974,,,,,,70000,,,70000
Belize,BLZ,1978,,,,,,6000,,,6000
Belize,BLZ,1979,,,,17000,,,,,17000
Belize,BLZ,1990,,,,0,,,,0,0
Belize,BLZ,1995,,,,2600,,,,,2600
Belize,BLZ,1998,,,,,,60000,,,60000
Belize,BLZ,2000,,,,,,62570,,,62570
Belize,BLZ,2001,,,,,,20000,,,20000
Belize,BLZ,2005,,,,,,0,,,0
Belize,BLZ,2007,,,,,,20000,,,20000
Belize,BLZ,2008,,,,38000,,10000,,,48000
Belize,BLZ,2010,,,,,,0,,,0
Belize,BLZ,2015,,,,20000,,,,,20000
Belize,BLZ,2016,,,,,,10355,,,10355
Belize,BLZ,2020,,,,,,60000,,,60000
Belize,BLZ,2022,,,,,,172150,,,172150
Belize,BLZ,2024,,,,,,162,800,,962
Benin,BEN,1970,,,,0,,,,,0
Benin,BEN,1972,28809,,,,,,,,28809
Benin,BEN,1973,28730,,,,,,,,28730
Benin,BEN,1974,28730,,,,,,,,28730
Benin,BEN,1975,28731,,,,,,,,28731
Benin,BEN,1978,,,,,,,7200,,7200
Benin,BEN,1982,,,,580000,,,,,580000
Benin,BEN,1983,699361,,,,,,,,699361
Benin,BEN,1984,699361,,,,,,0,,699361
Benin,BEN,1985,701278,,,475000,,,,,1176278
Benin,BEN,1988,,,,84000,,,,,84000
Benin,BEN,1991,,,,0,,,,,0
Benin,BEN,1994,,,,34000,,,,,34000
Benin,BEN,1995,,,,123000,,,,,123000
Benin,BEN,1996,,,,148727,,,,,148727
Benin,BEN,1997,,,,51000,,,,,51000
Benin,BEN,1998,,,,420000,,,,,420000
Benin,BEN,1999,,,,57469,,,,,57469
Benin,BEN,2007,,,,10884,,,,,10884
Benin,BEN,2008,,,,158235,,,,,158235
Benin,BEN,2009,,,,119657,,800,,,120457
Benin,BEN,2010,,,,831000,,,,,831000
Benin,BEN,2011,,,,5840,,,,,5840
Benin,BEN,2012,,,,55000,,,,,55000
Benin,BEN,2013,,,,32735,,,2759,,35494
Benin,BEN,2020,,,,7000,,,,,7000
Benin,BEN,2021,,,,35850,,,,,35850
Benin,BEN,2022,,,,73000,,,,,73000
Benin,BEN,2024,,,,34052,,,,,34052
Benin,BEN,2025,,,,,,1368,,,1368
Bermuda,BMU,1948,,,,,,0,,,0
Bermuda,BMU,1985,,,,,,0,,,0
Bermuda,BMU,1986,,,,,,0,,,0
Bermuda,BMU,1987,,,,,,40,,,40
Bermuda,BMU,1989,,,,,,0,,,0
Bermuda,BMU,2003,,,,,,0,,,0
Bermuda,BMU,2025,,,,,,0,,,0
Bhutan,BTN,1994,,,,600,,65000,,,65600
Bhutan,BTN,1999,,,,,,,0,,0
Bhutan,BTN,2000,,,,1000,,,,,1000
Bhutan,BTN,2004,,,,0,,,,,0
Bhutan,BTN,2009,,12,,,,0,,,12
Bhutan,BTN,2011,,20016,,,,,,,20016
Bhutan,BTN,2021,,502,,0,,,,,502
Bolivia,BOL,1965,,,,500,,,,,500
Bolivia,BOL,1966,,,,6100,,,,,6100
Bolivia,BOL,1968,,,,26200,,,,,26200
Bolivia,BOL,1974,,,,18000,,,,,18000
Bolivia,BOL,1977,0,,,90000,,,,,90000
Bolivia,BOL,1978,,,,178000,,,,,178000
Bolivia,BOL,1980,,,,15000,,,,,15000
Bolivia,BOL,1982,,,,30000,,,,,30000
Bolivia,BOL,1983,3083049,,,50000,,,,,3133049
Bolivia,BOL,1984,,,,3000,,,,,3000
Bolivia,BOL,1985,,,,475,,,,,475
Bolivia,BOL,1986,,,,310000,,,,,310000
Bolivia,BOL,1987,,,,20000,,,,,20000
Bolivia,BOL,1988,0,,,,,,,,0
Bolivia,BOL,1990,283160,,,,,,,,283160
Bolivia,BOL,1992,,,,40050,600,,,,40650
Bolivia,BOL,1994,50000,0,,,165000,,,,215000
Bolivia,BOL,1996,,,,,0,,,,0
Bolivia,BOL,1997,,,,190000,,,,,190000
Bolivia,BOL,1998,,18050,,,23,,,,18073
Bolivia,BOL,1999,,,,1600,,,6300,,7900
Bolivia,BOL,2000,20000,,,7010,,,,25277,52287
Bolivia,BOL,2001,,,,357250,,,,,357250
Bolivia,BOL,2002,,,,5146,,12085,,,17231
Bolivia,BOL,2003,,,,26588,1001,,,,27589
Bolivia,BOL,2004,11072,,,30941,,,,,42013
Bolivia,BOL,2005,43928,,,,,,3000,,46928
Bolivia,BOL,2006,,,,126600,,,,,126600
Bolivia,BOL,2007,,,,460751,,,,0,460751
Bolivia,BOL,2008,2152,,,363768,,6655,,,372575
Bolivia,BOL,2009,25348,,,63000,,,,,88348
Bolivia,BOL,2010,62500,,,227860,,,300,0,290660
Bolivia,BOL,2011,,,,88825,4000,,,,92825
Bolivia,BOL,2012,,,,69085,,,,,69085
Bolivia,BOL,2013,340355,,,351540,29,,,17490,709414
Bolivia,BOL,2014,51180,,,245243,11400,,,,307823
Bolivia,BOL,2015,,,,169222,,,,,169222
Bolivia,BOL,2016,665000,,,5420,,,,,670420
Bolivia,BOL,2018,,,,12186,,,,,12186
Bolivia,BOL,2019,,,3000,349540,0,,36000,,388540
Bolivia,BOL,2020,,,,37611,,,126000,,163611
Bolivia,BOL,2021,,,,287807,,,,,287807
Bolivia,BOL,2022,,,,390790,,,,,390790
Bolivia,BOL,2023,1174178,,,208970,,,0,,1383148
Bolivia,BOL,2024,875822,,,7022,,,25335,,908179
Bolivia,BOL,2025,,,,3015642,,80000,14000,,3109642
Bosnia and Herzegovina,BIH,1999,,,,,,1090,,,1090
Bosnia and Herzegovina,BIH,2000,0,,,,403,,,,403
Bosnia and Herzegovina,BIH,2001,,,,9000,,,,,9000
Bosnia and Herzegovina,BIH,2003,62575,,,,,,,,62575
Bosnia and Herzegovina,BIH,2004,,,,278000,,,,,278000
Bosnia and Herzegovina,BIH,2005,,,,3100,,0,,,3100
Bosnia and Herzegovina,BIH,2007,,,,,,,,0,0
Bosnia and Herzegovina,BIH,2009,,,,3730,,,,10000,13730
Bosnia and Herzegovina,BIH,2010,,,,34910,,,,,34910
Bosnia and Herzegovina,BIH,2012,,,,,,,,10347,10347
Bosnia and Herzegovina,BIH,2014,,,,1000600,,,,,1000600
Bosnia and Herzegovina,BIH,2015,,,,0,,,,,0
Bosnia and Herzegovina,BIH,2019,,,,759,,,,,759
Bosnia and Herzegovina,BIH,2020,,,,15000,,,,,15000
Bosnia and Herzegovina,BIH,2021,,,,250000,,,,,250000
Bosnia and Herzegovina,BIH,2022,,1052,,3000,,,,,4052
Bosnia and Herzegovina,BIH,2023,,,,10000,,20,,,10020
Bosnia and Herzegovina,BIH,2024,,,,5000,,,,0,5000
Bosnia and Herzegovina,BIH,2025,,,,3000,,,,,3000
Botswana,BWA,1965,60000,,,,,,,,60000
Botswana,BWA,1968,60000,,,,,,,,60000
Botswana,BWA,1970,87600,,,,,,,,87600
Botswana,BWA,1972,,,,1000,,,,,1000
Botswana,BWA,1982,135772,,,,,,,,135772
Botswana,BWA,1983,180206,,,,,,,,180206
Botswana,BWA,1984,180206,,,,,,,,180206
Botswana,BWA,1985,180206,,,,,,,,180206
Botswana,BWA,1986,180206,,,,,,,,180206
Botswana,BWA,1987,180704,,,,,,,,180704
Botswana,BWA,1988,,,,12007,,,,,12007
Botswana,BWA,1992,100000,,,,,,,,100000
Botswana,BWA,1995,,,,5500,,,,,5500
Botswana,BWA,2000,,,,138776,,,,,138776
Botswana,BWA,2004,,,,4960,,,,,4960
Botswana,BWA,2009,,,,4656,,400,,,5056
Botswana,BWA,2011,,,,0,,,,,0
Botswana,BWA,2013,,,,4210,,,,,4210
Botswana,BWA,2015,0,,,,,,,,0
Botswana,BWA,2017,,,,3250,,,,,3250
Botswana,BWA,2018,,,,4225,,,,,4225
Botswana,BWA,2019,38000,,,,,,,,38000
Botswana,BWA,2023,18601,,,,,,,,18601
Botswana,BWA,2024,18399,,,,,105000,,,123399
Botswana,BWA,2025,,,,190343,,,,,190343
Brazil,BRA,1948,,,,0,,,,,0
Brazil,BRA,1949,,,,,,0,,,0
Brazil,BRA,1956,,,,,0,,,,0
Brazil,BRA,1957,,,,0,,,,,0
Brazil,BRA,1959,,,,0,,0,,,0
Brazil,BRA,1964,,,,120000,,,,,120000
Brazil,BRA,1965,,,,270000,,,,,270000
Brazil,BRA,1966,,,,208138,4000000,0,,,4208138
Brazil,BRA,1967,,,,189543,0,,,,189543
Brazil,BRA,1968,,,,,,,,0,0
Brazil,BRA,1969,,,,38305,,,,,38305
Brazil,BRA,1970,10000000,,,104371,,,,,10104371
Brazil,BRA,1971,,,,13000,,,,,13000
Brazil,BRA,1973,,,,0,,,,,0
Brazil,BRA,1974,,,,325000,0,,,,325000
Brazil,BRA,1975,,,,828000,,,,600,828600
Brazil,BRA,1977,0,,,131000,,100,,,131100
Brazil,BRA,1978,0,,,1000,,,,,1000
Brazil,BRA,1979,5000000,,,1500000,,,,,6500000
Brazil,BRA,1980,,,,271000,,48,,,271048
Brazil,BRA,1981,,,,52300,,,,,52300
Brazil,BRA,1982,,,,,,4300,,,4300
Brazil,BRA,1983,20000000,,,3338300,40,,,,23338340
Brazil,BRA,1984,,,,391500,,200,,,391700
Brazil,BRA,1985,0,,,612000,,3000,,,615000
Brazil,BRA,1986,,23000,,8335,,,,,31335
Brazil,BRA,1987,276724,,,10500,,,,,287224
Brazil,BRA,1988,473276,,,3071734,,,,0,3545010
Brazil,BRA,1989,,,,1033944,78000,45000,,,1156944
Brazil,BRA,1990,,,,2800,,,,,2800
Brazil,BRA,1991,,,,17000,600,,,,17600
Brazil,BRA,1992,,,,147493,60,,,,147553
Brazil,BRA,1994,,,,,,1000,,0,1000
Brazil,BRA,1995,,,,33800,2000,,,,35800
Brazil,BRA,1996,,,,7000,7105,,,,14105
Brazil,BRA,1997,,,,62200,,676,,,62876
Brazil,BRA,1998,4296875,,,47500,,,12000,,4356375
Brazil,BRA,1999,5703125,,,0,9,,0,,5703134
Brazil,BRA,2000,,,,87000,143000,,,,230000
Brazil,BRA,2001,1000000,,,11046,,3400,,,1014446
Brazil,BRA,2002,0,,,3500,1500,,,,5000
Brazil,BRA,2003,,,,97665,,,,,97665
Brazil,BRA,2004,0,,,113570,,150060,,0,263630
Brazil,BRA,2005,0,,,41000,,344,,,41344
Brazil,BRA,2006,,,,116000,,,,,116000
Brazil,BRA,2007,1000000,286,,206352,5000,,,,1211638
Brazil,BRA,2008,,,,1752391,,1600,,,1753991
Brazil,BRA,2009,,,,1862648,34,2364,,,1865046
Brazil,BRA,2010,62000,,,240557,966,,,0,303523
Brazil,BRA,2011,,,,1212981,,,,,1212981
Brazil,BRA,2012,2474747,,,306000,,,,,2780747
Brazil,BRA,2013,1525253,,,238293,,13864,,,1777410
Brazil,BRA,2014,8991788,,,627269,,,,,9619057
Brazil,BRA,2015,8991788,,,298510,0,11037,,,9301335
Brazil,BRA,2016,9016424,,,50500,,,,,9066924
Brazil,BRA,2017,,,,104140,,,,,104140
Brazil,BRA,2018,,,,1250,300,,,,1550
Brazil,BRA,2019,,,,46778,,,10002195,,10048973
Brazil,BRA,2020,0,,,17161,,1119,,,18280
Brazil,BRA,2021,0,,,1344896,,,,,1344896
Brazil,BRA,2022,0,,,487235,,,,,487235
Brazil,BRA,2023,608000,,,288246,,343274,,,1239520
Brazil,BRA,2024,745000,,,2588933,,29655,,,3363588
Brazil,BRA,2025,0,,,780,3700,17600,,,22080
British Virgin Islands,VGB,1996,,,,,,3,,,3
British Virgin Islands,VGB,2017,,,,,,0,,,0
Brunei,BRN,1998,,,,,,,0,,0
Bulgaria,BGR,1928,,0,,,,,,,0
Bulgaria,BGR,1965,,,,,0,,,,0
Bulgaria,BGR,1977,,165,,,,,,,165
Bulgaria,BGR,1981,,,,,,0,,,0
Bulgaria,BGR,1986,,3060,,,,,,,3060
Bulgaria,BGR,1990,,0,,,,,,,0
Bulgaria,BGR,1993,,,,,,5000,,,5000
Bulgaria,BGR,1997,,,,55,,,,,55
Bulgaria,BGR,1998,,,,145,,,,323,468
Bulgaria,BGR,1999,,,,,,850,,,850
Bulgaria,BGR,2000,0,,,,,,167,0,167
Bulgaria,BGR,2001,0,,,,,,0,,0
Bulgaria,BGR,2002,,,,0,,,,,0
Bulgaria,BGR,2005,,,,13240,,0,,,13240
Bulgaria,BGR,2006,,527,,0,,,,20,547
Bulgaria,BGR,2007,,,,1070,,,9,50,1129
Bulgaria,BGR,2008,,,,,,,,0,0
Bulgaria,BGR,2010,,,,90,,,,0,90
Bulgaria,BGR,2012,,210,,37950,,,,0,38160
Bulgaria,BGR,2014,,,,8507,,40,,,8547
Bulgaria,BGR,2015,,,,0,,,,,0
Bulgaria,BGR,2017,,,,0,,,,,0
Bulgaria,BGR,2018,,,,600,,,,,600
Bulgaria,BGR,2021,,,,25,,,500,,525
Bulgaria,BGR,2022,,,,10937,,,,0,10937
Bulgaria,BGR,2023,,,,4000,,36,,0,4036
Bulgaria,BGR,2024,,,,,,,,0,0
Bulgaria,BGR,2025,,,,100,,,,,100
Burkina Faso,BFA,1910,0,,,,,,,,0
Burkina Faso,BFA,1911,0,,,,,,,,0
Burkina Faso,BFA,1912,0,,,,,,,,0
Burkina Faso,BFA,1913,0,,,,,,,,0
Burkina Faso,BFA,1914,0,,,,,,,,0
Burkina Faso,BFA,1940,0,,,,,,,,0
Burkina Faso,BFA,1941,0,,,,,,,,0
Burkina Faso,BFA,1942,0,,,,,,,,0
Burkina Faso,BFA,1943,0,,,,,,,,0
Burkina Faso,BFA,1944,0,,,,,,,,0
Burkina Faso,BFA,1966,0,,,,,,,,0
Burkina Faso,BFA,1969,108728,,,,,,,,108728
Burkina Faso,BFA,1970,144312,,,,,,,,144312
Burkina Faso,BFA,1971,144312,,,,,,,,144312
Burkina Faso,BFA,1972,144312,,,,,,,,144312
Burkina Faso,BFA,1973,144312,,,,,,,,144312
Burkina Faso,BFA,1974,144312,,,,,,,,144312
Burkina Faso,BFA,1975,144712,,,,,,,,144712
Burkina Faso,BFA,1977,221000,,,900,,,,,221900
Burkina Faso,BFA,1978,221000,,,,,,,,221000
Burkina Faso,BFA,1980,40408,,,,,,,,40408
Burkina Faso,BFA,1981,241785,,,,,,,,241785
Burkina Faso,BFA,1982,241785,,,,,,,,241785
Burkina Faso,BFA,1983,241785,,,,,,,,241785
Burkina Faso,BFA,1984,241785,,,1500,,,,,243285
Burkina Faso,BFA,1985,242452,,,572,,,,,243024
Burkina Faso,BFA,1988,200000,,,33324,,,,,233324
Burkina Faso,BFA,1990,2600000,,,,,,,,2600000
Burkina Faso,BFA,1994,,,,66500,,,,,66500
Burkina Faso,BFA,1995,5902,,,,,,,,5902
Burkina Faso,BFA,1996,69688,,,,,,,,69688
Burkina Faso,BFA,1998,20700,,,,,,,,20700
Burkina Faso,BFA,1999,,,,1560,,,,,1560
Burkina Faso,BFA,2001,0,,,,,,,,0
Burkina Faso,BFA,2003,,,,12120,,,,,12120
Burkina Faso,BFA,2006,,,,25610,,,,,25610
Burkina Faso,BFA,2007,,,,121043,,,,,121043
Burkina Faso,BFA,2008,,,,4870,,,,,4870
Burkina Faso,BFA,2009,,,,151500,,,,,151500
Burkina Faso,BFA,2010,,,,133362,,,,,133362
Burkina Faso,BFA,2011,222544,,,,,,,,222544
Burkina Faso,BFA,2012,2627456,,,21000,,,,,2648456
Burkina Faso,BFA,2013,,,,11396,,,,,11396
Burkina Faso,BFA,2014,4000000,,,,,,,,4000000
Burkina Faso,BFA,2015,,,,28925,,,,,28925
Burkina Faso,BFA,2016,,,,34893,,,,,34893
Burkina Faso,BFA,2017,,,,882,,,,,882
Burkina Faso,BFA,2020,2900000,,,130452,,,,,3030452
Burkina Faso,BFA,2022,3500928,,,,,,,,3500928
Burkina Faso,BFA,2024,,,,7684,,,,,7684
Burundi,BDI,1989,,,,3600,,,,,3600
Burundi,BDI,1999,72660,,,,,30810,,,103470
Burundi,BDI,2000,288274,,,500,,,,,288774
Burundi,BDI,2001,289066,,,,,,,,289066
Burundi,BDI,2002,,,,8000,,,,,8000
Burundi,BDI,2003,0,,,,,,,,0
Burundi,BDI,2004,0,120,,10000,,15500,,,25620
Burundi,BDI,2005,1981691,,,5000,,,,,1986691
Burundi,BDI,2006,168309,,,12752,,1505,,,182566
Burundi,BDI,2007,,,,27754,,,,,27754
Burundi,BDI,2008,65784,,,3275,,,,,69059
Burundi,BDI,2009,78716,,,8000,,,,,86716
Burundi,BDI,2010,118000,,,1990,,1500,,,121490
Burundi,BDI,2011,0,,,685,,50,,,735
Burundi,BDI,2014,,,,12682,,,,,12682
Burundi,BDI,2015,,,,2741,3000,,,,5741
Burundi,BDI,2016,,,,1438,,,,,1438
Burundi,BDI,2017,,,,,810,,,,810
Burundi,BDI,2018,,,,47956,,,,,47956
Burundi,BDI,2019,,,,3773,9942,,,,13715
Burundi,BDI,2020,,,,36762,,5000,,,41762
Burundi,BDI,2021,,,,52182,,,,,52182
Burundi,BDI,2023,,,,9585,,,,,9585
Burundi,BDI,2024,,,,237175,,655,,,237830
Cambodia,KHM,1987,0,,,,,,,,0
Cambodia,KHM,1991,,,,900000,,,,,900000
Cambodia,KHM,1994,1132275,,,29000,,,,,1161275
Cambodia,KHM,1995,1931216,,,,,,,,1931216
Cambodia,KHM,1996,1936509,,,1300000,,,,,3236509
Cambodia,KHM,1997,,,,,,0,,,0
Cambodia,KHM,1999,,,,660379,,,,,660379
Cambodia,KHM,2000,,,,3448053,,,,,3448053
Cambodia,KHM,2001,300000,,,1669182,,,,,1969182
Cambodia,KHM,2002,650000,,,1470000,,,,,2120000
Cambodia,KHM,2004,,,,0,,,,,0
Cambodia,KHM,2005,600000,,,0,,,,,600000
Cambodia,KHM,2006,,,,38000,,,,,38000
Cambodia,KHM,2007,,,,19000,,,,,19000
Cambodia,KHM,2009,,,,,,178091,,,178091
Cambodia,KHM,2010,,,,0,,,,,0
Cambodia,KHM,2011,,,,1640023,,,,,1640023
Cambodia,KHM,2012,,,,71500,,,,,71500
Cambodia,KHM,2013,,,,1500000,,,,,1500000
Cambodia,KHM,2014,,,,530450,,,,,530450
Cambodia,KHM,2015,,,,22000,,6300,,,28300
Cambodia,KHM,2016,2500000,,,,,,,,2500000
Cambodia,KHM,2018,,,,5817,,,,,5817
Cambodia,KHM,2019,,,,435000,,,,,435000
Cambodia,KHM,2020,,,,,,759360,,,759360
Cambodia,KHM,2021,,,,13225,,501,,,13726
Cambodia,KHM,2022,,,,167770,,0,,,167770
Cambodia,KHM,2023,,,,,,14100,,,14100
Cambodia,KHM,2024,,,,,,,,0,0
Cambodia,KHM,2025,,,,67000,,,,,67000
Cameroon,CMR,1971,400000,,,,,,,,400000
Cameroon,CMR,1984,,,0,,,,,,0
Cameroon,CMR,1986,,,10437,,,,,,10437
Cameroon,CMR,1988,,,,1000,,,,,1000
Cameroon,CMR,1990,93450,,,,,,,,93450
Cameroon,CMR,1991,93450,,,200,,,,,93650
Cameroon,CMR,1994,,,,0,,,,,0
Cameroon,CMR,1999,,,3010,1000,,,,,4010
Cameroon,CMR,2000,,,,500,,,,,500
Cameroon,CMR,2001,0,,,1500,,,,,1500
Cameroon,CMR,2003,,,,,100,,,,100
Cameroon,CMR,2005,,,,0,,,,,0
Cameroon,CMR,2007,,,,10296,,,,,10296
Cameroon,CMR,2008,,,,25000,,,,,25000
Cameroon,CMR,2010,,,,3095,,,,,3095
Cameroon,CMR,2012,12000,,,51980,,,,,63980
Cameroon,CMR,2013,,,,805,,,,,805
Cameroon,CMR,2014,,,,250000,,,,,250000
Cameroon,CMR,2015,,,,30000,,,,,30000
Cameroon,CMR,2017,,,,12890,,,,,12890
Cameroon,CMR,2019,,,,,0,,,,0
Cameroon,CMR,2020,,,,26402,,,,,26402
Cameroon,CMR,2022,2389127,,,153095,250,,,,2542472
Cameroon,CMR,2023,,,,93260,2000,,,,95260
Cameroon,CMR,2024,,,,500008,0,,,,500008
Canada,CAN,1903,,,,,23,,,,23
Canada,CAN,1905,,,,,18,,,,18
Canada,CAN,1908,,,,,0,,,,0
Canada,CAN,1910,,,,,0,,,,0
Canada,CAN,1911,,,,,,,200,,200
Canada,CAN,1912,,,,,,2700,,,2700
Canada,CAN,1915,,,,,22,,,,22
Canada,CAN,1922,,,,,,,11000,,11000
Canada,CAN,1928,,0,,,,,,,0
Canada,CAN,1931,2497,,,,,,,,2497
Canada,CAN,1932,2497,,,,,,,,2497
Canada,CAN,1933,2497,,,,,,,,2497
Canada,CAN,1934,2497,,,,,,,,2497
Canada,CAN,1935,2497,,,,,,,,2497
Canada,CAN,1936,2497,,,,,,,0,2497
Canada,CAN,1937,2497,,,,,,,,2497
Canada,CAN,1938,2497,,,,,,,,2497
Canada,CAN,1939,2497,,,,,,,,2497
Canada,CAN,1940,2527,,,,,,,,2527
Canada,CAN,1946,,,,,,0,,,0
Canada,CAN,1950,,,,107000,,0,,,107000
Canada,CAN,1954,,,,,,0,,,0
Canada,CAN,1955,,,,,2006,0,,,2006
Canada,CAN,1959,,,,,,0,,,0
Canada,CAN,1961,0,,,,,,,,0
Canada,CAN,1962,,,,,,0,,,0
Canada,CAN,1965,,,,,22,,,,22
Canada,CAN,1966,,,,,,0,,,0
Canada,CAN,1970,,,,,,200,,,200
Canada,CAN,1971,,,,,1500,150,,,1650
Canada,CAN,1972,,,,,,0,,,0
Canada,CAN,1974,,,,0,,,,,0
Canada,CAN,1975,,,,,,340,,,340
Canada,CAN,1977,0,,,,,0,,,0
Canada,CAN,1978,0,,,,,,,,0
Canada,CAN,1979,0,,,0,,,,,0
Canada,CAN,1980,0,,,,,,5000,,5000
Canada,CAN,1981,,,,,,0,,,0
Canada,CAN,1982,,,,,,,,200,200
Canada,CAN,1983,,,,0,,,,,0
Canada,CAN,1984,24078,,,,,,,,24078
Canada,CAN,1985,5922,,,,,1000,0,,6922
Canada,CAN,1986,,,,4500,,2400,2000,,8900
Canada,CAN,1987,,,,0,,250,,,250
Canada,CAN,1988,0,,,0,,,,,0
Canada,CAN,1989,,,,,,0,25000,,25000
Canada,CAN,1990,,,,0,,,,,0
Canada,CAN,1991,,,,,,0,,,0
Canada,CAN,1992,,,,,,,0,0,0
Canada,CAN,1993,,,,200,,,,0,200
Canada,CAN,1994,,,,,,1304,3000,,4304
Canada,CAN,1995,,,,5600,,0,6500,,12100
Canada,CAN,1996,,,,12000,,0,,,12000
Canada,CAN,1997,,,,29000,,0,1600,,30600
Canada,CAN,1998,,,,3100,,2000,8000,,13100
Canada,CAN,1999,,,,,,4200,1500,,5700
Canada,CAN,2000,,,,,,840,,,840
Canada,CAN,2001,,,,,,30,1200,,1230
Canada,CAN,2002,,,,0,,,600,,600
Canada,CAN,2003,,,,2470,,200,0,,2670
Canada,CAN,2004,,,,1000,,0,,,1000
Canada,CAN,2005,,,,5600,,300,0,,5900
Canada,CAN,2006,,,,3900,,,,,3900
Canada,CAN,2007,,,,500,,0,,,500
Canada,CAN,2008,,,,2400,,,,,2400
Canada,CAN,2009,,,,200,,3,,,203
Canada,CAN,2011,,,,2000,,0,7000,,9000
Canada,CAN,2012,,,,1500,,0,,,1500
Canada,CAN,2013,,,,100000,,0,,0,100000
Canada,CAN,2014,,,,6904,,,,0,6904
Canada,CAN,2015,,,,,,,13036,,13036
Canada,CAN,2016,,,,300,,,88000,,88300
Canada,CAN,2017,,,,19113,,,43441,,62554
Canada,CAN,2018,,,,4000,,930,3000,0,7930
Canada,CAN,2019,,,,19500,,0,,,19500
Canada,CAN,2020,,,,12936,,60000,,,72936
Canada,CAN,2021,,,,15000,,302,250,0,15552
Canada,CAN,2022,,,,2000,,4000,,,6000
Canada,CAN,2023,,,,1450,,,30000,0,31450
Canada,CAN,2024,,,,,,20,3500,,3520
Canada,CAN,2025,,,,,,396,,,396
Cape Verde,CPV,1900,0,,,,,,,,0
Cape Verde,CPV,1910,0,,,,,,,,0
Cape Verde,CPV,1911,0,,,,,,,,0
Cape Verde,CPV,1912,0,,,,,,,,0
Cape Verde,CPV,1913,0,,,,,,,,0
Cape Verde,CPV,1914,0,,,,,,,,0
Cape Verde,CPV,1920,0,,,,,,,,0
Cape Verde,CPV,1940,0,,,,,,,,0
Cape Verde,CPV,1941,0,,,,,,,,0
Cape Verde,CPV,1942,0,,,,,,,,0
Cape Verde,CPV,1943,0,,,,,,,,0
Cape Verde,CPV,1944,0,,,,,,,,0
Cape Verde,CPV,1946,0,,,,,,,,0
Cape Verde,CPV,1972,0,,,,,,,,0
Cape Verde,CPV,1973,0,,,,,,,,0
Cape Verde,CPV,1974,0,,,,,,,,0
Cape Verde,CPV,1975,0,,,,,,,,0
Cape Verde,CPV,1982,0,,,,,2222,,,2222
Cape Verde,CPV,1983,0,,,,,,,,0
Cape Verde,CPV,1984,0,,,,,5500,,,5500
Cape Verde,CPV,1985,0,,,,,,,,0
Cape Verde,CPV,1992,0,,,,,,,,0
Cape Verde,CPV,1995,,,6306,,,,,,6306
Cape Verde,CPV,1998,10000,,,,,,,,10000
Cape Verde,CPV,2002,30000,,,,,,,,30000
Cape Verde,CPV,2009,,,,150,,,,,150
Cape Verde,CPV,2014,,,1392,,,,,,1392
Cape Verde,CPV,2015,,,1108,,,0,,,1108
Cape Verde,CPV,2017,70000,,,,,,,,70000
Cape Verde,CPV,2020,,,,25000,,,,,25000
Cape Verde,CPV,2022,46093,,,,,,,,46093
Cape Verde,CPV,2025,,,,119000,,,,,119000
Cayman Islands,CYM,1903,,,,,,1000,,,1000
Cayman Islands,CYM,1932,,,,,,0,,,0
Cayman Islands,CYM,2001,,,,,,0,,,0
Cayman Islands,CYM,2002,,,,,,300,,,300
Cayman Islands,CYM,2004,,,,,,0,,,0
Cayman Islands,CYM,2008,,,,,,0,,,0
Central African Republic,CAF,1973,,,,13000,,,,,13000
Central African Republic,CAF,1981,,,,,,1850,,,1850
Central African Republic,CAF,1983,0,,,,,,,,0
Central African Republic,CAF,1984,0,,,,,,,,0
Central African Republic,CAF,1995,,,,3914,,,85,,3999
Central African Republic,CAF,1996,,,,17500,,,,,17500
Central African Republic,CAF,1998,,,,9200,,,,,9200
Central African Republic,CAF,1999,,,,45919,,,,,45919
Central African Republic,CAF,2001,,,,,,3000,,,3000
Central African Republic,CAF,2002,,,,,,,750,,750
Central African Republic,CAF,2003,,,,240,,,,,240
Central African Republic,CAF,2004,,,,12702,,,,,12702
Central African Republic,CAF,2005,,,,23805,,,,,23805
Central African Republic,CAF,2007,,,,7812,,,,,7812
Central African Republic,CAF,2008,,,,795,,,,,795
Central African Republic,CAF,2009,,,,11000,,12972,,,23972
Central African Republic,CAF,2010,,,,1585,,,,,1585
Central African Republic,CAF,2011,,,,2935,,1831,,,4766
Central African Republic,CAF,2012,,,,,,3893,,,3893
Central African Republic,CAF,2013,,,,32993,,8744,,,41737
Central African Republic,CAF,2015,,,,,,1116,,,1116
Central African Republic,CAF,2017,,,,3500,,3690,,,7190
Central African Republic,CAF,2019,,,,44918,,,,,44918
Central African Republic,CAF,2021,,,,3957,,,,,3957
Central African Republic,CAF,2022,2221692,,,118003,,,30000,,2369695
Central African Republic,CAF,2023,,,,,,6066,,,6066
Central African Republic,CAF,2024,,,,2700,,,,,2700
Central African Republic,CAF,2025,,,,2500,,,,,2500
Chad,TCD,1910,0,,,,,,,,0
Chad,TCD,1911,0,,,,,,,,0
Chad,TCD,1912,0,,,,,,,,0
Chad,TCD,1913,0,,,,,,,,0
Chad,TCD,1914,0,,,,,,,,0
Chad,TCD,1940,0,,,,,,,,0
Chad,TCD,1941,0,,,,,,,,0
Chad,TCD,1942,0,,,,,,,,0
Chad,TCD,1943,0,,,,,,,,0
Chad,TCD,1944,0,,,,,,,,0
Chad,TCD,1966,0,,,,,,,,0
Chad,TCD,1969,24504,,,,,,,,24504
Chad,TCD,1970,97218,,,,,,,,97218
Chad,TCD,1971,97218,,,,,,,,97218
Chad,TCD,1972,97218,,,,,,,,97218
Chad,TCD,1973,97218,,,,,,,,97218
Chad,TCD,1974,97218,,,,,,,,97218
Chad,TCD,1975,97218,,,,,,,,97218
Chad,TCD,1976,97218,,,,,,,,97218
Chad,TCD,1977,97218,,,,,100,,,97318
Chad,TCD,1978,97752,,,,,,,,97752
Chad,TCD,1981,60118,,,,,,,,60118
Chad,TCD,1982,359724,,,,,,,,359724
Chad,TCD,1983,359724,,,,,,,,359724
Chad,TCD,1984,359724,,,,,,,,359724
Chad,TCD,1985,360710,,,500,,,,,361210
Chad,TCD,1988,,,,47498,,1200,,,48698
Chad,TCD,1991,,,,14,,,,,14
Chad,TCD,1993,300000,,,,,,,,300000
Chad,TCD,1995,,,,80686,,,,,80686
Chad,TCD,1997,356000,,,,,,,,356000
Chad,TCD,1998,,,,1000,,,,,1000
Chad,TCD,1999,,,,173506,,,,,173506
Chad,TCD,2001,800000,,,175763,,,,,975763
Chad,TCD,2006,,,,0,,,,,0
Chad,TCD,2007,,,,173000,,145,,,173145
Chad,TCD,2008,,,,14450,,,,,14450
Chad,TCD,2009,306172,,,12915,,,,,319087
Chad,TCD,2010,2093828,,,144579,,,,,2238407
Chad,TCD,2012,1254212,,,613631,,,,,1867843
Chad,TCD,2013,345788,,,,,,,,345788
Chad,TCD,2017,1886800,,,,,,,,1886800
Chad,TCD,2019,,,,423,37,,,,460
Chad,TCD,2020,,,,36934,,,,,36934
Chad,TCD,2021,,,,269180,,,,,269180
Chad,TCD,2022,2135362,,,1100229,,,,,3235591
Chad,TCD,2024,,,,1945674,,,,,1945674
Chad,TCD,2025,,,,123019,,,,,123019
Chile,CHL,1906,,0,,,,,,,0
Chile,CHL,1922,,0,,,,,,,0
Chile,CHL,1928,,0,,,,,,,0
Chile,CHL,1939,,58500,,,,,,,58500
Chile,CHL,1943,,35,,,,,,,35
Chile,CHL,1946,,0,,,,,,,0
Chile,CHL,1948,,,0,,,,,,0
Chile,CHL,1949,,173,,,,,,,173
Chile,CHL,1953,,55,,,,,,,55
Chile,CHL,1958,,35,,,,,,,35
Chile,CHL,1960,,2003000,,,,,,,2003000
Chile,CHL,1964,,,2000,,,,,,2000
Chile,CHL,1965,,20350,,375000,0,0,,,395350
Chile,CHL,1966,,3006,,,,,,,3006
Chile,CHL,1968,11375,,,,,0,,,11375
Chile,CHL,1969,27137,,,,,,,,27137
Chile,CHL,1970,27137,,,,,,,,27137
Chile,CHL,1971,27137,2348973,,,,90000,,,2466110
Chile,CHL,1972,27214,,,,,,,,27214
Chile,CHL,1974,,,,40000,,,,,40000
Chile,CHL,1977,,,,,,16800,,,16800
Chile,CHL,1978,,,,6000,,,,,6000
Chile,CHL,1979,,,,,0,,,,0
Chile,CHL,1982,,,,8000,,,,,8000
Chile,CHL,1983,,1524,,,,,,,1524
Chile,CHL,1984,,,,,,323173,,,323173
Chile,CHL,1985,,1482275,,,,,,,1482275
Chile,CHL,1986,,,,54118,,30806,,,84924
Chile,CHL,1987,,5112,,197364,30,,,,202506
Chile,CHL,1988,,,2000,,,,,,2000
Chile,CHL,1989,,,,0,,,,,0
Chile,CHL,1990,,,,2500,,,,,2500
Chile,CHL,1991,0,,63200,,82811,,,,146011
Chile,CHL,1992,,,,,,38000,0,,38000
Chile,CHL,1993,,,350,3276,,,0,,3626
Chile,CHL,1995,,1833,,0,,,,10000,11833
Chile,CHL,1997,,53098,,76800,,2250,300,,132448
Chile,CHL,1999,,,,,,,1000,,1000
Chile,CHL,2000,,,,181667,,,,0,181667
Chile,CHL,2001,,,,12559,,2400,,,14959
Chile,CHL,2002,,,,230642,,,0,25000,255642
Chile,CHL,2003,,,,,,,285,,285
Chile,CHL,2004,,,,9000,,,,0,9000
Chile,CHL,2005,,27645,,1348,,112,,,29105
Chile,CHL,2006,,,,95862,,,,,95862
Chile,CHL,2007,,25155,,,,,,0,25155
Chile,CHL,2008,,,8000,144755,,,,,152755
Chile,CHL,2010,,2671556,,,,,,150,2671706
Chile,CHL,2011,,,3500,,,,760,25475,29735
Chile,CHL,2012,,24297,,4300,,,1804,,30401
Chile,CHL,2013,,,,,,,,0,0
Chile,CHL,2014,,513387,,12555,,,13000,,538942
Chile,CHL,2015,,681499,7600,193997,,938,32,,884066
Chile,CHL,2016,,,,100,,,,,100
Chile,CHL,2017,,,,7224,142,,19608,,26974
Chile,CHL,2019,,780,,600,,,747,,2127
Chile,CHL,2021,,,,610,,521,,,1131
Chile,CHL,2022,,,,,,,13051,,13051
Chile,CHL,2023,,,,53673,,,10916,,64589
Chile,CHL,2024,,,,6393,,26820,40904,,74117
Chile,CHL,2025,,,,,,0,45786,,45786
China,CHN,1902,,0,,,,,,,0
China,CHN,1905,,0,,,,,,,0
China,CHN,1906,,10000,,,,,,,10000
China,CHN,1907,,0,,,,,,,0
China,CHN,1909,,0,,,,,,,0
China,CHN,1911,,,,0,,,,,0
China,CHN,1912,,,,,,500000,,,500000
China,CHN,1913,,112,,,,,,,112
China,CHN,1915,,0,,3000000,,,,,3000000
China,CHN,1917,,0,,635000,,,,,635000
China,CHN,1918,,0,,,,,,,0
China,CHN,1920,20000000,0,,,,,,,20000000
China,CHN,1922,,,,,,0,,,0
China,CHN,1923,,0,,,,,,,0
China,CHN,1924,,0,,,,,,,0
China,CHN,1925,,1500,,,,,,,1500
China,CHN,1927,,133894,,,,0,,,133894
China,CHN,1928,0,,,,,,,,0
China,CHN,1930,,0,,,,,,,0
China,CHN,1931,,0,,0,,,,,0
China,CHN,1933,,150,,3600000,,,,,3600150
China,CHN,1934,,,,,0,,,,0
China,CHN,1935,,0,,10030000,,,,,10030000
China,CHN,1936,,70576,,,,,,,70576
China,CHN,1937,,0,,,,,,,0
China,CHN,1939,,,,0,,,,,0
China,CHN,1940,,64205,,,,,,,64205
China,CHN,1941,,32168,,,,,,,32168
China,CHN,1942,,0,,,,,,,0
China,CHN,1945,,30,,,,,,,30
China,CHN,1948,,7200,,0,,0,,,7200
China,CHN,1949,,5067,,0,,,,,5067
China,CHN,1950,,,,10000000,,,,,10000000
China,CHN,1951,,149450,,0,,,,,149450
China,CHN,1952,,4170,,,,,,,4170
China,CHN,1954,,,,0,,,,,0
China,CHN,1955,,113,,,,,,,113
China,CHN,1956,,,,0,,11016617,,,11016617
China,CHN,1957,,,,0,,,,,0
China,CHN,1959,,,,0,,0,,,0
China,CHN,1960,,,,0,,,,,0
China,CHN,1961,,,,0,,,,,0
China,CHN,1964,,,,,,0,,,0
China,CHN,1965,0,,,,,,,,0
China,CHN,1967,,2085,,,,,,,2085
China,CHN,1969,,53810,,0,,,,,53810
China,CHN,1970,,0,,,,14000,,,14000
China,CHN,1973,,840,,,,,,,840
China,CHN,1974,,0,,,,,,,0
China,CHN,1975,,0,,11000000,,,,,11000000
China,CHN,1976,,164000,,,,,,,164000
China,CHN,1977,,,,,,120000,,,120000
China,CHN,1978,6000000,,,,,,,,6000000
China,CHN,1979,0,574636,,,,0,,,574636
China,CHN,1980,0,,,107100,,100,,,107200
China,CHN,1981,0,25850,,3187140,,0,0,,3212990
China,CHN,1982,0,5,,816143,0,,,,816148
China,CHN,1983,0,18700,,0,0,21363,,,40063
China,CHN,1984,,,,28000,40,0,,,28040
China,CHN,1985,0,16400,,18000,0,201400,,,235800
China,CHN,1986,0,290,,9800000,,4616056,,30000,14446346
China,CHN,1987,,187169,,940529,119,1386588,56313,,2570718
China,CHN,1988,49000000,1320424,,25645705,52000,237232,,,76255361
China,CHN,1989,,246042,,100010000,5370,38018944,,,138280356
China,CHN,1990,,64335,,42305805,5115,5901786,,,48277041
China,CHN,1991,5000000,283350,,210235727,0,3356406,,,218875483
China,CHN,1992,12000000,16000,,684435,0,16229733,,,28930168
China,CHN,1993,,142650,,7400,0,8649863,,,8799913
China,CHN,1994,85050879,6645,,111539385,0,26141747,,0,222738656
China,CHN,1995,12699121,1025493,,126570411,0,6567998,0,,146863023
China,CHN,1996,,5311360,,154674000,631,15317482,,,175303473
China,CHN,1997,0,775224,,7689229,1851,7272699,,102180,15841183
China,CHN,1998,,1184945,,242714300,15,11001464,,,254900724
China,CHN,1999,19000000,3036807,,107197000,45,2181610,0,,131415462
China,CHN,2000,20000000,2105050,,758407,2027,2526889,,,25392373
China,CHN,2001,16330000,503124,,2349839,21633,21165838,,,40370434
China,CHN,2002,64560000,65878,,113255696,11,107403094,,3500,285288179
China,CHN,2003,51000000,3146942,,155924986,0,9480207,300,,219552435
China,CHN,2004,,436930,,42720339,453,9791865,,0,52949587
China,CHN,2005,7774000,634009,,34752066,,40782831,,200,83943106
China,CHN,2006,18000000,411548,,14990065,5,55337820,,,88739438
China,CHN,2007,,329,,111093292,1,9005154,,,120098776
China,CHN,2008,1880833,47369797,,7189166,35,1649106,,77000000,135088937
China,CHN,2009,24695216,69885,,45226038,10022,23296806,,,93297967
China,CHN,2010,43245489,177540,,140194136,2147835,3137290,3,,188902293
China,CHN,2011,29038462,229459,,93360000,2,26649950,,4033472,153311345
China,CHN,2012,,978858,,32992000,0,10541177,,50650,44562685
China,CHN,2013,5000000,3519817,,7684030,4,11345574,,0,27549425
China,CHN,2014,27726000,2394973,,23581500,407,11209694,,,64912574
China,CHN,2015,0,221603,,1374371,300,2189485,,,3785759
China,CHN,2016,10000000,51320,,61308000,237607,604695,,0,72201622
China,CHN,2017,2000000,251457,,12333608,1162,307206,,,14893433
China,CHN,2018,,30024,,3698400,,4609700,,,8338124
China,CHN,2019,,292574,,4887261,6646,153120,0,,5339601
China,CHN,2020,,3324,,14274120,20000,627335,1200,,14925979
China,CHN,2021,0,90840,,17626100,,172034,,,17888974
China,CHN,2022,6100000,200254,,9200,3,0,,,6309457
China,CHN,2023,0,609789,,1373000,958,880908,,,2864655
China,CHN,2024,0,12572,,176045,536,9634,4900,,203687
China,CHN,2025,,62525,,300181,3,100507,,,463216
Colombia,COL,1906,,0,,,,,,,0
Colombia,COL,1923,,0,,,,,,,0
Colombia,COL,1926,,,,,0,,,,0
Colombia,COL,1936,,0,,,,,,,0
Colombia,COL,1949,,,0,,,,,,0
Colombia,COL,1950,,40000,,,,,,,40000
Colombia,COL,1954,,,,,0,,,,0
Colombia,COL,1958,,46,,,,,,,46
Colombia,COL,1959,,,,0,,,,,0
Colombia,COL,1962,,300,,0,,,,,300
Colombia,COL,1965,,,,,0,,,,0
Colombia,COL,1967,,40200,,,,,,,40200
Colombia,COL,1968,,,,,,1083,,,1083
Colombia,COL,1969,,,,70000,,,,,70000
Colombia,COL,1970,,3006,,5109000,,,,,5112006
Colombia,COL,1971,,,,0,0,,,,0
Colombia,COL,1972,,,,,0,,,,0
Colombia,COL,1973,,,,5172,0,,,,5172
Colombia,COL,1974,,0,,,1000,,,,1000
Colombia,COL,1976,,,,0,16,,,,16
Colombia,COL,1977,,,,,100,,,,100
Colombia,COL,1979,,11642,,102000,,,,,113642
Colombia,COL,1980,,,,50,,,,,50
Colombia,COL,1981,,0,,0,14000,,,,14000
Colombia,COL,1982,,,,0,0,,,,0
Colombia,COL,1983,,36200,,,0,540,,,36740
Colombia,COL,1984,,,,1940000,,,,,1940000
Colombia,COL,1985,,,12700,,,,,,12700
Colombia,COL,1986,,,,250000,0,28000,,,278000
Colombia,COL,1987,,,,850,6436,,,,7286
Colombia,COL,1988,,,1900,130800,,100000,,,232700
Colombia,COL,1989,,,,0,,,,,0
Colombia,COL,1990,,,,20625,,,,,20625
Colombia,COL,1991,,867,,,117,,0,,984
Colombia,COL,1992,,1635,,,,,,,1635
Colombia,COL,1993,,3071,6,80283,3492,,,,86852
Colombia,COL,1994,,37416,,17969,,,,,55385
Colombia,COL,1995,,18201,,86000,0,,,,104201
Colombia,COL,1996,,,,180200,110,,,,180310
Colombia,COL,1997,,,,15000,,,,,15000
Colombia,COL,1998,100000,,,,0,,,,100000
Colombia,COL,1999,,1205933,,151390,3400,0,,,1360723
Colombia,COL,2000,,430,,79000,,,,,79430
Colombia,COL,2001,,,,6000,32,7700,0,,13732
Colombia,COL,2002,,,,124538,2000,,,,126538
Colombia,COL,2003,,,,39752,779,,,,40531
Colombia,COL,2004,,8538,,531482,,,,,540020
Colombia,COL,2005,,,0,601866,,3074,,,604940
Colombia,COL,2006,,,17000,221465,,,,,238465
Colombia,COL,2007,,175,3000,2671487,,,,,2674662
Colombia,COL,2008,,1754,22358,1080081,16,,,,1104209
Colombia,COL,2009,,,,151260,600,,,,151860
Colombia,COL,2010,,,,2248131,0,,200,,2248331
Colombia,COL,2011,,,,2035952,175,,,,2036127
Colombia,COL,2012,,,,81518,,,,,81518
Colombia,COL,2013,,10015,,51781,,,,,61796
Colombia,COL,2014,,,,72214,,18,,,72232
Colombia,COL,2015,0,41236,,8105,348,,119000,,168689
Colombia,COL,2016,0,,,2272,,,,,2272
Colombia,COL,2017,,,,30853,45872,0,,,76725
Colombia,COL,2018,,,,60000,,,,,60000
Colombia,COL,2019,,,,39897,0,,,,39897
Colombia,COL,2020,,,,56617,12,277800,,,334429
Colombia,COL,2021,,,,50457,10,,,,50467
Colombia,COL,2022,,,,231810,32696,5002,,,269508
Colombia,COL,2023,,,,45588,806,,,,46394
Colombia,COL,2024,1143043,,335,,19,262059,,,1405456
Colombia,COL,2025,,1651,,407957,1715,20000,,,431323
Comoros,COM,1903,,,0,,,,,,0
Comoros,COM,1951,,,,,,0,,,0
Comoros,COM,1977,,,25000,,,,,,25000
Comoros,COM,1983,,,,,,30052,,,30052
Comoros,COM,1985,,,,,,35000,,,35000
Comoros,COM,1987,,,,,,50000,,,50000
Comoros,COM,1989,,,,,,0,,,0
Comoros,COM,1991,,,200,,,,,,200
Comoros,COM,2003,,,,,,300,,,300
Comoros,COM,2005,,,284000,,,,,,284000
Comoros,COM,2006,,,0,,,,,,0
Comoros,COM,2009,,,,2500,,,,,2500
Comoros,COM,2012,,,,65137,,,,,65137
Comoros,COM,2014,,10000,,,,9511,,,19511
Comoros,COM,2019,,,,,,345311,,,345311
Comoros,COM,2024,,,,,,64155,,,64155
Congo,COG,1967,,,,,668,,,,668
Congo,COG,1983,0,,,,,,,,0
Congo,COG,1994,,,,16500,,,,,16500
Congo,COG,1998,,,,20000,,,,,20000
Congo,COG,1999,,,,42000,,,,,42000
Congo,COG,2002,,,,48350,,,,,48350
Congo,COG,2003,,,,4650,,,,,4650
Congo,COG,2005,,,,2000,,,,,2000
Congo,COG,2006,,,,5000,,,,,5000
Congo,COG,2007,,,,25000,,,,,25000
Congo,COG,2012,,,,9614,,,,,9614
Congo,COG,2019,,,,94122,,,,,94122
Congo,COG,2020,,,,224878,,,,,224878
Congo,COG,2021,,,,46652,,,,,46652
Congo,COG,2022,,,,164679,,,,,164679
Congo,COG,2023,,,,1125000,,,,,1125000
Congo,COG,2024,,,,675000,,,,,675000
Congo,COG,2025,,,,,,61555,,,61555
Cook Islands,COK,1942,,,,,,0,,,0
Cook Islands,COK,1943,,,,,,0,,,0
Cook Islands,COK,1946,,,,,,0,,,0
Cook Islands,COK,1967,,,,,,0,,,0
Cook Islands,COK,1981,,,,,,0,,,0
Cook Islands,COK,1987,,,,,,2000,,,2000
Cook Islands,COK,1990,,,,,,0,,,0
Cook Islands,COK,1997,,,,,,900,,,900
Cook Islands,COK,2001,,,,,,744,,,744
Cook Islands,COK,2005,,,,,,608,,,608
Cook Islands,COK,2010,,,,,,2202,,,2202
Costa Rica,CRI,1910,,0,,,,,,,0
Costa Rica,CRI,1952,,0,,,,,,,0
Costa Rica,CRI,1955,,0,,,,,,,0
Costa Rica,CRI,1963,,,5200,,,,,,5200
Costa Rica,CRI,1968,,,15671,,,,,,15671
Costa Rica,CRI,1969,,,,4603,,,,,4603
Costa Rica,CRI,1970,,,,15240,,,,,15240
Costa Rica,CRI,1973,0,3745,,,,,,,3745
Costa Rica,CRI,1975,,,0,,,,,,0
Costa Rica,CRI,1976,,,70000,,,,0,,70000
Costa Rica,CRI,1980,,,,1350,,,,,1350
Costa Rica,CRI,1983,,5535,,,,,,,5535
Costa Rica,CRI,1988,,,,12500,,127500,,,140000
Costa Rica,CRI,1990,,14609,,,,,,,14609
Costa Rica,CRI,1991,,10569,0,185021,,,,,195590
Costa Rica,CRI,1992,,,,,,,1200,,1200
Costa Rica,CRI,1993,,240,,38451,,,,,38691
Costa Rica,CRI,1994,0,,,2556,,,,,2556
Costa Rica,CRI,1995,,,,,,8062,,,8062
Costa Rica,CRI,1996,,,,20000,,716000,,,736000
Costa Rica,CRI,1998,0,,450,,,16700,,,17150
Costa Rica,CRI,1999,,,,9993,,,,,9993
Costa Rica,CRI,2000,,,,,200,,,,200
Costa Rica,CRI,2001,,,,1437,,,,,1437
Costa Rica,CRI,2002,,,,95040,,,,,95040
Costa Rica,CRI,2003,,135,,2500,,,,,2635
Costa Rica,CRI,2004,,280,,3056,,,,,3336
Costa Rica,CRI,2005,,,,2998,,1074,,,4072
Costa Rica,CRI,2007,,,,24500,,,,,24500
Costa Rica,CRI,2008,,,,154498,,55000,,,209498
Costa Rica,CRI,2009,,128618,,,,,,,128618
Costa Rica,CRI,2010,,,,3106,,,,,3106
Costa Rica,CRI,2011,,,,46695,,,,,46695
Costa Rica,CRI,2012,,762,,9523,,,,,10285
Costa Rica,CRI,2015,0,,18450,9666,,,,,28116
Costa Rica,CRI,2016,,,,,,50000,,,50000
Costa Rica,CRI,2017,,,,,,11500,,,11500
Costa Rica,CRI,2018,,,,125190,,,,,125190
Costa Rica,CRI,2019,0,,,,,,,,0
Costa Rica,CRI,2020,,,,,,25000,,,25000
Costa Rica,CRI,2021,,,,200000,,,,,200000
Costa Rica,CRI,2022,,,,,,300000,,,300000
Costa Rica,CRI,2024,,,,1098668,,3418,,,1102086
Costa Rica,CRI,2025,,,518948,400000,,,,,918948
Cote d'Ivoire,CIV,1983,0,,,,,,,,0
Cote d'Ivoire,CIV,1989,,,,7000,,,,,7000
Cote d'Ivoire,CIV,1996,,,,0,,,,,0
Cote d'Ivoire,CIV,2007,,,,2000,,,,,2000
Cote d'Ivoire,CIV,2008,,,,450,,,,,450
Cote d'Ivoire,CIV,2009,,,,,10006,,,,10006
Cote d'Ivoire,CIV,2010,,,,6425,,,,,6425
Cote d'Ivoire,CIV,2014,,,,0,,,,,0
Cote d'Ivoire,CIV,2015,,,,0,,,,,0
Cote d'Ivoire,CIV,2016,,,,0,,,,,0
Cote d'Ivoire,CIV,2017,,,,225,,,,,225
Cote d'Ivoire,CIV,2018,,,,25000,,,,,25000
Cote d'Ivoire,CIV,2019,,,,14646,,,,,14646
Cote d'Ivoire,CIV,2020,,,,18657,,,,,18657
Cote d'Ivoire,CIV,2022,,,,11592,,,,,11592
Cote d'Ivoire,CIV,2024,,,,227,,,,,227
Cote d'Ivoire,CIV,2025,,,,,7,,,,7
Croatia,HRV,1996,,2000,,,,,,,2000
Croatia,HRV,1997,,,,,,,0,,0
Croatia,HRV,2000,,,,600,,,0,200,800
Croatia,HRV,2001,,,,1200,,,,,1200
Croatia,HRV,2003,0,,,,,,0,0,0
Croatia,HRV,2005,,,,250,,0,,0,250
Croatia,HRV,2006,,,,0,,,,,0
Croatia,HRV,2007,,,,,,,26,,26
Croatia,HRV,2010,,,,1110,,,,,1110
Croatia,HRV,2012,,,,1500,,,,0,1500
Croatia,HRV,2014,,,,9116,,,,,9116
Croatia,HRV,2015,,,,1200,,,,,1200
Croatia,HRV,2017,,,,,,8000,80,,8080
Croatia,HRV,2018,,,,471,,,,,471
Croatia,HRV,2019,,,,65,,,,,65
Croatia,HRV,2020,,228349,,,,,,,228349
Croatia,HRV,2022,,,,0,,,,0,0
Croatia,HRV,2023,,,,177,,6100,,0,6277
Croatia,HRV,2024,,,,,,,,0,0
Croatia,HRV,2025,,,,0,,,,,0
Cuba,CUB,1909,,,,,,0,,,0
Cuba,CUB,1912,,,,,,0,,,0
Cuba,CUB,1926,,,,,,0,,,0
Cuba,CUB,1932,,,,,,0,,,0
Cuba,CUB,1933,,,,,,0,,,0
Cuba,CUB,1935,,,,,,500,,,500
Cuba,CUB,1944,,,,,,0,,,0
Cuba,CUB,1948,,,,,,300,,,300
Cuba,CUB,1955,,,,,,205,,,205
Cuba,CUB,1963,,,,,,0,,,0
Cuba,CUB,1964,,,,,,0,,,0
Cuba,CUB,1966,,,,,,174030,,,174030
Cuba,CUB,1968,,,,,,0,,,0
Cuba,CUB,1970,,,,,,0,,,0
Cuba,CUB,1972,,,,,,0,,,0
Cuba,CUB,1976,,8,,,,,,,8
Cuba,CUB,1977,,,,18000,,,,,18000
Cuba,CUB,1978,,,,,,170,,,170
Cuba,CUB,1980,,,,,,0,,,0
Cuba,CUB,1982,,,,,,180000,,,180000
Cuba,CUB,1983,,,,164575,,,,,164575
Cuba,CUB,1985,,,,3000,,498891,,,501891
Cuba,CUB,1986,,,,7500,,,,,7500
Cuba,CUB,1987,,,,,,,0,,0
Cuba,CUB,1988,,,,90012,,61500,,,151512
Cuba,CUB,1990,,,,11000,,,,,11000
Cuba,CUB,1992,,5869,,9127,,,,,14996
Cuba,CUB,1993,,,,572000,,149775,,,721775
Cuba,CUB,1994,,,,38600,,110558,,,149158
Cuba,CUB,1995,,,,33180,,163,,,33343
Cuba,CUB,1996,,,,10866,,336676,,,347542
Cuba,CUB,1997,,,,35000,,,,,35000
Cuba,CUB,1998,820000,,,,,147000,,,967000
Cuba,CUB,1999,,,,,,254990,0,,254990
Cuba,CUB,2000,0,,,675,,,,,675
Cuba,CUB,2001,0,,,,,5900012,,,5900012
Cuba,CUB,2002,,,,35000,,323970,,,358970
Cuba,CUB,2003,,,,600,,,,,600
Cuba,CUB,2004,0,,,,,247250,,,247250
Cuba,CUB,2005,,,,,,2600000,,,2600000
Cuba,CUB,2006,,,,1500,,268,,,1768
Cuba,CUB,2007,,,,18000,,192488,,,210488
Cuba,CUB,2008,,,,20000,,499464,,,519464
Cuba,CUB,2012,,,,3000,,208101,,,211101
Cuba,CUB,2013,,,,227,,,,,227
Cuba,CUB,2015,100000,,,10089,,,,,110089
Cuba,CUB,2016,,,,,,190000,,,190000
Cuba,CUB,2017,,,,,,10000000,,,10000000
Cuba,CUB,2018,,,,,,40540,,,40540
Cuba,CUB,2019,,,,,,10111,,,10111
Cuba,CUB,2020,,,,,,4333,,,4333
Cuba,CUB,2021,,,,,,0,,,0
Cuba,CUB,2022,,,,2300,,3206780,,,3209080
Cuba,CUB,2023,,,,18500,,0,,,18500
Cuba,CUB,2024,,6007,,,,4590000,,,4596007
Cuba,CUB,2025,,,,,,2200017,,,2200017
Cyprus,CYP,1953,,2600,,,,,,,2600
Cyprus,CYP,1969,,,,,,3100,,,3100
Cyprus,CYP,1983,,,,,,0,,,0
Cyprus,CYP,1995,,1865,,,,,,,1865
Cyprus,CYP,1998,,,,,,,,100,100
Cyprus,CYP,2000,0,,,,,,0,400,400
Cyprus,CYP,2003,,,,,,30,,,30
Cyprus,CYP,2004,,,,,,10,,,10
Cyprus,CYP,2007,,,,,,,,0,0
Cyprus,CYP,2021,,,,,,,150,,150
Cyprus,CYP,2022,,,,,,,,0,0
Cyprus,CYP,2023,,,,,,,,0,0
Cyprus,CYP,2024,,,,469,,,,0,469
Cyprus,CYP,2025,,,,,,,599,,599
Czechia,CZE,1996,,,,60,,,,,60
Czechia,CZE,1997,,,,102107,,,,,102107
Czechia,CZE,1998,,,,5380,,,,,5380
Czechia,CZE,2000,,,,0,,,,,0
Czechia,CZE,2002,,,,200000,,0,,,200000
Czechia,CZE,2003,,,,,,,,0,0
Czechia,CZE,2005,,,,0,,3,,0,3
Czechia,CZE,2006,,,,4315,,,,0,4315
Czechia,CZE,2007,,,,300,,0,,,300
Czechia,CZE,2008,,,,,,0,,,0
Czechia,CZE,2009,,,,14450,,12,,,14462
Czechia,CZE,2010,,,,1400,,,,0,1400
Czechia,CZE,2012,,,,,,,,0,0
Czechia,CZE,2013,,,,1300000,,,,,1300000
Czechia,CZE,2017,,,,,,600,,,600
Czechia,CZE,2018,,,,,,,,0,0
Czechia,CZE,2020,,,,24,,5,,,29
Czechia,CZE,2021,,,,0,,3815,,,3815
Czechia,CZE,2022,,,,,,3,,0,3
Czechia,CZE,2023,,,,0,,,,0,0
Czechia,CZE,2024,,,,,,250000,,0,250000
Czechoslovakia,OWID_CZS,1974,,,,,0,,,,0
Czechoslovakia,OWID_CZS,1981,,,,600,,,,0,600
Czechoslovakia,OWID_CZS,1985,,,,,0,,,0,0
Czechoslovakia,OWID_CZS,1987,,,,0,,0,,,0
Democratic Republic of Congo,COD,1966,,3600,,,,,,,3600
Democratic Republic of Congo,COD,1968,,,,,768,,,,768
Democratic Republic of Congo,COD,1977,,,60000,,,,,,60000
Democratic Republic of Congo,COD,1978,250000,,,,,,,,250000
Democratic Republic of Congo,COD,1979,250000,,,,,,,,250000
Democratic Republic of Congo,COD,1984,300000,,,,,,,,300000
Democratic Republic of Congo,COD,1989,,,,,148,,,,148
Democratic Republic of Congo,COD,1990,,,,27500,,,,,27500
Democratic Republic of Congo,COD,1992,,311,,,,,,,311
Democratic Republic of Congo,COD,1994,,,,50,,,,,50
Democratic Republic of Congo,COD,1997,,,,35506,,,,,35506
Democratic Republic of Congo,COD,1999,,,,78000,,,,,78000
Democratic Republic of Congo,COD,2001,,,,13026,0,,,,13026
Democratic Republic of Congo,COD,2002,,,110400,2540,,,,,112940
Democratic Republic of Congo,COD,2003,,,,1481,,22573,,,24054
Democratic Republic of Congo,COD,2005,,1505,,,,5389,,,6894
Democratic Republic of Congo,COD,2006,,,,12970,,75066,,,88036
Democratic Republic of Congo,COD,2007,,,,1600,,,,,1600
Democratic Republic of Congo,COD,2008,,17355,,502,,8,,,17865
Democratic Republic of Congo,COD,2009,,,,5000,,,125,,5125
Democratic Republic of Congo,COD,2010,,,,70500,1167,,2770,,74437
Democratic Republic of Congo,COD,2011,,,,8000,,,,,8000
Democratic Republic of Congo,COD,2012,,,,4535,,,,,4535
Democratic Republic of Congo,COD,2014,,,,4750,0,,,,4750
Democratic Republic of Congo,COD,2015,,390,,190560,,,57003,,247953
Democratic Republic of Congo,COD,2016,,,,12635,,,,,12635
Democratic Republic of Congo,COD,2017,,,,500,10,,,,510
Democratic Republic of Congo,COD,2018,,,,15760,,,,,15760
Democratic Republic of Congo,COD,2019,,,,399894,450,,,,400344
Democratic Republic of Congo,COD,2020,,,,231506,,,,,231506
Democratic Republic of Congo,COD,2021,,,288404,,,,,,288404
Democratic Republic of Congo,COD,2022,25972806,,,260711,,,,,26233517
Democratic Republic of Congo,COD,2023,,,,53845,0,,,,53845
Democratic Republic of Congo,COD,2024,,,,2479430,193,527,,,2480150
Democratic Republic of Congo,COD,2025,,,,283464,,,,,283464
Denmark,DNK,1976,,,,,,0,,,0
Denmark,DNK,1980,,,,,,0,,,0
Denmark,DNK,1981,,,,,,0,,,0
Denmark,DNK,1983,,,,,,0,,,0
Denmark,DNK,1985,,,,,,0,,,0
Denmark,DNK,1990,,,,,,0,,,0
Denmark,DNK,1992,0,,,,,,,,0
Denmark,DNK,1999,,,,,,240,,,240
Denmark,DNK,2002,,,,,,0,,,0
Denmark,DNK,2005,,,,,,0,,,0
Denmark,DNK,2007,,,,,,0,,,0
Denmark,DNK,2010,,,,,,0,,,0
Denmark,DNK,2013,,,,,,0,,,0
Denmark,DNK,2022,,,,,,3,,0,3
Denmark,DNK,2023,,,,,,,,0,0
Denmark,DNK,2024,,,,,,,,0,0
Djibouti,DJI,1977,,,,91000,,,,,91000
Djibouti,DJI,1978,,,,106000,,,,,106000
Djibouti,DJI,1980,145000,,,,,,,,145000
Djibouti,DJI,1981,,,,102000,,,,,102000
Djibouti,DJI,1983,39945,,,,,,,,39945
Djibouti,DJI,1984,40055,,,,,,,,40055
Djibouti,DJI,1988,30000,,,,,,,,30000
Djibouti,DJI,1989,,,,150300,,,,,150300
Djibouti,DJI,1993,,,,20000,,,,,20000
Djibouti,DJI,1994,,,,120000,,,,,120000
Djibouti,DJI,1995,,,,,,775,,,775
Djibouti,DJI,1996,100000,,,,,,,,100000
Djibouti,DJI,2001,100000,,,,,,,,100000
Djibouti,DJI,2004,,,,100000,,,,,100000
Djibouti,DJI,2005,104430,,,,,,,,104430
Djibouti,DJI,2006,45570,,,,,,,,45570
Djibouti,DJI,2007,42750,,,,,,,,42750
Djibouti,DJI,2008,113952,,,,,,,,113952
Djibouti,DJI,2009,226048,,,,,,,,226048
Djibouti,DJI,2010,44746,,,,,,,,44746
Djibouti,DJI,2011,155512,,,,,,,,155512
Djibouti,DJI,2018,,,,,,25000,,,25000
Djibouti,DJI,2019,,,,250000,,,,,250000
Djibouti,DJI,2020,,,,110000,,,,,110000
Djibouti,DJI,2022,192168,,,,,,,,192168
Dominica,DMA,1956,,,,,,0,,,0
Dominica,DMA,1963,,,,,,0,,,0
Dominica,DMA,1970,,,,,,0,,,0
Dominica,DMA,1979,,,,,,72100,,,72100
Dominica,DMA,1980,,,,,,0,,,0
Dominica,DMA,1984,,,,,,10000,,,10000
Dominica,DMA,1989,,,,,,710,,,710
Dominica,DMA,1995,,,,,,5001,,,5001
Dominica,DMA,1999,,,,,,715,,,715
Dominica,DMA,2004,,100,,,,,,,100
Dominica,DMA,2007,,,,,,7530,,,7530
Dominica,DMA,2011,,,,,,240,,,240
Dominica,DMA,2015,,,,,,28594,,,28594
Dominica,DMA,2017,,,,,,71393,,,71393
Dominican Republic,DOM,1926,,,,,,0,,,0
Dominican Republic,DOM,1930,,,,,,12000,,,12000
Dominican Republic,DOM,1946,,0,,,,,,,0
Dominican Republic,DOM,1963,,,,,,0,,,0
Dominican Republic,DOM,1964,,,,,,0,,,0
Dominican Republic,DOM,1965,,,,,,,0,,0
Dominican Republic,DOM,1966,,,,,,12942,,,12942
Dominican Republic,DOM,1968,240000,,,,,,,,240000
Dominican Republic,DOM,1975,,,,,,0,,,0
Dominican Republic,DOM,1979,,,,1000,,1554000,,,1555000
Dominican Republic,DOM,1980,,,,,,0,,,0
Dominican Republic,DOM,1981,,,,150000,,,,,150000
Dominican Republic,DOM,1983,,,,,,,0,,0
Dominican Republic,DOM,1985,,,,895,,,,,895
Dominican Republic,DOM,1986,,,,,,2000,,,2000
Dominican Republic,DOM,1987,,,,,,0,,,0
Dominican Republic,DOM,1988,,,,1191150,,,,,1191150
Dominican Republic,DOM,1989,,,,,,0,,,0
Dominican Republic,DOM,1991,,,,0,,,,,0
Dominican Republic,DOM,1993,,,,20000,,,,,20000
Dominican Republic,DOM,1995,,,,,,2830,,,2830
Dominican Republic,DOM,1996,,,,1000,,25000,,,26000
Dominican Republic,DOM,1998,,,,,,975595,,,975595
Dominican Republic,DOM,2001,,,,,,175,,,175
Dominican Republic,DOM,2002,,,,1750,,,,,1750
Dominican Republic,DOM,2003,,2015,,65463,,10000,,,77478
Dominican Republic,DOM,2004,,,,10002,,14259,,,24261
Dominican Republic,DOM,2005,,,,1450,,1000,0,,2450
Dominican Republic,DOM,2007,,,,19830,,142933,,,162763
Dominican Republic,DOM,2008,,,,,,17002,,,17002
Dominican Republic,DOM,2009,,,,14565,,,,,14565
Dominican Republic,DOM,2010,,,,35200,,12000,,,47200
Dominican Republic,DOM,2011,,,,11200,,44000,,,55200
Dominican Republic,DOM,2012,,,,14570,,42515,,,57085
Dominican Republic,DOM,2013,,,,0,,,,,0
Dominican Republic,DOM,2014,,,,300,,,,,300
Dominican Republic,DOM,2015,,,,21200,,2133,,,23333
Dominican Republic,DOM,2016,,,,2795400,,48,,,2795448
Dominican Republic,DOM,2017,,,,,,42587,,,42587
Dominican Republic,DOM,2018,,,,7390,,8000,,,15390
Dominican Republic,DOM,2020,,,,,,15595,,,15595
Dominican Republic,DOM,2021,,,,,,4178,,,4178
Dominican Republic,DOM,2022,,,,467,,1434802,,,1435269
Dominican Republic,DOM,2023,,,,311319,,289083,,,600402
Dominican Republic,DOM,2024,,,,15000,,15000,,,30000
Dominican Republic,DOM,2025,,,,,,1277237,,,1277237
East Germany,OWID_GDR,1985,,,,,,0,,,0
East Timor,TLS,2001,,,,2508,,,,,2508
East Timor,TLS,2003,,,,825,,,,,825
East Timor,TLS,2004,,,,225,,,,,225
East Timor,TLS,2006,,,,,,8730,,,8730
East Timor,TLS,2007,0,,,947,,,,,947
East Timor,TLS,2015,,2003,,,,,,,2003
East Timor,TLS,2016,120000,,,,,,,,120000
East Timor,TLS,2020,,,,9131,,,,,9131
East Timor,TLS,2021,,,,,,143670,,,143670
Ecuador,ECU,1924,,0,,,,,,,0
Ecuador,ECU,1931,,,,,0,,,,0
Ecuador,ECU,1942,,0,,,,,,,0
Ecuador,ECU,1949,,100000,,,,,,,100000
Ecuador,ECU,1950,,,,0,,,,,0
Ecuador,ECU,1953,,,,0,,,,,0
Ecuador,ECU,1964,600000,,,,,,,,600000
Ecuador,ECU,1965,,,,50000,,,,,50000
Ecuador,ECU,1966,,,,,0,,,,0
Ecuador,ECU,1967,,,,20500,,,,,20500
Ecuador,ECU,1970,,88112,,150600,,,,,238712
Ecuador,ECU,1971,,,,2400,6,,,,2406
Ecuador,ECU,1973,,,,30000,0,,,,30000
Ecuador,ECU,1975,,,0,,,,,,0
Ecuador,ECU,1976,,20000,25000,,0,,,,45000
Ecuador,ECU,1980,,40,,,,,,,40
Ecuador,ECU,1982,,,,156410,,,,,156410
Ecuador,ECU,1983,,,,743590,0,,,,743590
Ecuador,ECU,1985,,,,,,,800,,800
Ecuador,ECU,1987,,150006,,10000,6000,,,,166006
Ecuador,ECU,1989,,,,30000,,,,,30000
Ecuador,ECU,1990,,6510,,,,,,,6510
Ecuador,ECU,1992,,,,205000,,,,,205000
Ecuador,ECU,1993,,,,,75065,,,,75065
Ecuador,ECU,1994,,,,,,,0,,0
Ecuador,ECU,1995,,890,,,,,,,890
Ecuador,ECU,1996,,30705,,,,,,,30705
Ecuador,ECU,1997,34000,,,31654,,,,,65654
Ecuador,ECU,1998,,2040,,17353,,,,,19393
Ecuador,ECU,1999,,,24200,,,,,,24200
Ecuador,ECU,2000,,,,32,385,,,,417
Ecuador,ECU,2001,,,22770,9530,,,,,32300
Ecuador,ECU,2002,,,149650,54633,0,,,,204283
Ecuador,ECU,2003,,,25000,7905,,,,,32905
Ecuador,ECU,2006,,,300263,57670,,,,,357933
Ecuador,ECU,2008,,,,289122,,,,,289122
Ecuador,ECU,2009,15393,,,11807,,,,,27200
Ecuador,ECU,2010,92107,,2500,6940,,,,,101547
Ecuador,ECU,2011,,,,3600,150,,,,3750
Ecuador,ECU,2012,,,,71860,,,1945,,73805
Ecuador,ECU,2013,3165,,,25567,0,,,,28732
Ecuador,ECU,2015,,,843028,1185,,,,,844213
Ecuador,ECU,2016,,389511,87014,33955,,,,,510480
Ecuador,ECU,2019,,264,,3000,145,,,,3409
Ecuador,ECU,2020,,,18685,290,,,,,18975
Ecuador,ECU,2021,,39,133306,18464,,,,,151809
Ecuador,ECU,2022,,7804,,35379,,,,,43183
Ecuador,ECU,2023,,127416,,80950,8444,,,,216810
Ecuador,ECU,2024,,,,117498,3629,,,,121127
Ecuador,ECU,2025,,3081,,,,189298,,,192379
Egypt,EGY,1926,,0,,,,,,,0
Egypt,EGY,1954,,,,0,,,,,0
Egypt,EGY,1955,,28,,,,,,,28
Egypt,EGY,1969,,551,,,,,,,551
Egypt,EGY,1975,,,,0,,,,,0
Egypt,EGY,1979,,,,66000,,15000,,,81000
Egypt,EGY,1987,,,,,,11,,,11
Egypt,EGY,1991,,,,208,,,,,208
Egypt,EGY,1992,,92649,,,,,,,92649
Egypt,EGY,1993,,,,,300,,,,300
Egypt,EGY,1994,,,,160660,,,,,160660
Egypt,EGY,1995,,69,,3000,,,,0,3069
Egypt,EGY,1996,,,,260,,,,0,260
Egypt,EGY,1997,,,,0,,60,,,60
Egypt,EGY,2000,,,,,,,,105,105
Egypt,EGY,2002,,250,,870,,,,,1120
Egypt,EGY,2004,,,,,,42,,,42
Egypt,EGY,2008,,,,,697,,,,697
Egypt,EGY,2010,,,,3500,,40,,,3540
Egypt,EGY,2015,,,,,,135,,66,201
Egypt,EGY,2016,,,,,,32572,,,32572
Egypt,EGY,2020,,,,20400,,,,,20400
Egypt,EGY,2021,,,,6235,,,,,6235
Egypt,EGY,2025,,,,6000,,,,,6000
El Salvador,SLV,1934,,,,,,0,,,0
El Salvador,SLV,1936,,0,,,,,,,0
El Salvador,SLV,1951,,0,,,,,,,0
El Salvador,SLV,1965,,139720,,,,,,,139720
El Salvador,SLV,1969,,,,,,4640,,,4640
El Salvador,SLV,1974,,,,,,0,,,0
El Salvador,SLV,1982,,32500,,68000,,,,,100500
El Salvador,SLV,1986,,770000,,,,,,,770000
El Salvador,SLV,1988,,,,39060,0,,,,39060
El Salvador,SLV,1989,,,,0,,,,,0
El Salvador,SLV,1992,,,,8000,,,,,8000
El Salvador,SLV,1993,,,,,0,,,,0
El Salvador,SLV,1994,0,,,,,,,,0
El Salvador,SLV,1995,,,,1500,,,,,1500
El Salvador,SLV,1996,,,,,,0,,,0
El Salvador,SLV,1997,,,,,,2000,,,2000
El Salvador,SLV,1998,0,,,,,84000,,,84000
El Salvador,SLV,1999,,,,5450,,,,,5450
El Salvador,SLV,2000,,,,400,,100,,,500
El Salvador,SLV,2001,400000,1590550,,1000,,,,,1991550
El Salvador,SLV,2002,,,,100,,500,,,600
El Salvador,SLV,2005,,751,2000,2332,,72141,,,77224
El Salvador,SLV,2006,,16470,,,,,,0,16470
El Salvador,SLV,2007,,,,500,,2800,,,3300
El Salvador,SLV,2008,,,,3000,,,,,3000
El Salvador,SLV,2009,0,,,,,90000,,,90000
El Salvador,SLV,2010,,,,,,11753,,,11753
El Salvador,SLV,2011,,,,300000,,,,,300000
El Salvador,SLV,2013,,,63079,,,,,,63079
El Salvador,SLV,2015,300312,,,0,,20000,,,320312
El Salvador,SLV,2016,399688,,,,,,,,399688
El Salvador,SLV,2017,,,,,,584,,,584
El Salvador,SLV,2018,272153,2500,,7099,,,,,281752
El Salvador,SLV,2019,114457,160,,,,,,,114617
El Salvador,SLV,2020,,,,,525,149840,,,150365
El Salvador,SLV,2021,,,,300,,,,,300
El Salvador,SLV,2022,,,,,,9373,,,9373
El Salvador,SLV,2023,,,,,,500,,,500
El Salvador,SLV,2024,,,,,,9050,,,9050
Equatorial Guinea,GNQ,2025,,,,23155,,,,,23155
Eritrea,ERI,1993,1600000,,,,,15675,,,1615675
Eritrea,ERI,1999,136252,,,,,,,,136252
Eritrea,ERI,2000,540566,,,,,,,,540566
Eritrea,ERI,2001,540566,,,,,,,,540566
Eritrea,ERI,2002,540566,,,,,,,,540566
Eritrea,ERI,2003,542050,,,0,,,,,542050
Eritrea,ERI,2004,,,,7013,,,,,7013
Eritrea,ERI,2008,1700000,,,,,,,,1700000
Estonia,EST,2005,,,,,,100,,,100
Estonia,EST,2006,,,,,,,,0,0
Estonia,EST,2011,,,,,,6500,,,6500
Estonia,EST,2012,,,,,,,,0,0
Estonia,EST,2013,,,,,,0,,,0
Estonia,EST,2018,,,,,,,,0,0
Estonia,EST,2022,,,,,,,,0,0
Estonia,EST,2023,,,,,,,,0,0
Estonia,EST,2024,,,,,,,,0,0
Eswatini,SWZ,1983,0,,,,,,,,0
Eswatini,SWZ,1984,,,,,,632500,,,632500
Eswatini,SWZ,1990,8081,,,,,,,,8081
Eswatini,SWZ,1991,48357,,,,,,,,48357
Eswatini,SWZ,1992,48357,,,,,,,,48357
Eswatini,SWZ,1993,48357,,,,,,,,48357
Eswatini,SWZ,1994,48357,,,,,,,,48357
Eswatini,SWZ,1995,48491,,,,,,,,48491
Eswatini,SWZ,2000,,,,272000,,,,,272000
Eswatini,SWZ,2001,242334,,,,,,,,242334
Eswatini,SWZ,2002,242334,,,,,,,,242334
Eswatini,SWZ,2003,242334,,,,,,,,242334
Eswatini,SWZ,2004,242998,,,,,,,,242998
Eswatini,SWZ,2005,,,,,,1150,,,1150
Eswatini,SWZ,2006,,,,,,6535,,,6535
Eswatini,SWZ,2007,410000,,,,,,1500,,411500
Eswatini,SWZ,2008,,,,2500,,,,,2500
Eswatini,SWZ,2014,,,,400,,,,,400
Eswatini,SWZ,2016,418324,,,,,,,,418324
Eswatini,SWZ,2017,73676,,,,,,,,73676
Eswatini,SWZ,2019,232000,,,,,,,,232000
Eswatini,SWZ,2021,,,,,,0,,,0
Eswatini,SWZ,2022,,,,,,1058,,,1058
Ethiopia,ETH,1961,,0,,,,,,,0
Ethiopia,ETH,1965,1500000,,,,,,,,1500000
Ethiopia,ETH,1968,,,,16000,,,,,16000
Ethiopia,ETH,1969,1700000,585,,,,,,,1700585
Ethiopia,ETH,1973,50080,,,,,,,,50080
Ethiopia,ETH,1974,589660,,,,,,,,589660
Ethiopia,ETH,1975,589660,,,,,,,,589660
Ethiopia,ETH,1976,589660,,,70000,,,,,659660
Ethiopia,ETH,1977,589660,,0,16000,,,,,605660
Ethiopia,ETH,1978,591280,,,1000,,,,,592280
Ethiopia,ETH,1981,,,,20000,,,,,20000
Ethiopia,ETH,1983,3107610,,,,,,,,3107610
Ethiopia,ETH,1984,4642390,,,,,,,,4642390
Ethiopia,ETH,1985,,,,28000,,,,,28000
Ethiopia,ETH,1987,7000000,,,,,,,,7000000
Ethiopia,ETH,1988,,,,47240,,,,,47240
Ethiopia,ETH,1989,311783,,,,,,,,311783
Ethiopia,ETH,1990,1236965,,,350000,,,,,1586965
Ethiopia,ETH,1991,1236965,,,,0,,,,1236965
Ethiopia,ETH,1992,1236965,,,,,,,,1236965
Ethiopia,ETH,1993,1236965,,,34800,,,,,1271765
Ethiopia,ETH,1994,1240357,,,43014,29,,,,1283400
Ethiopia,ETH,1995,,,,93875,,,,,93875
Ethiopia,ETH,1996,,,,115000,,,,,115000
Ethiopia,ETH,1997,986200,,,65022,,,,,1051222
Ethiopia,ETH,1998,0,,,,,,,,0
Ethiopia,ETH,1999,1225000,,,147255,,,,,1372255
Ethiopia,ETH,2000,3675000,,,30000,165,,5,,3705170
Ethiopia,ETH,2001,,,,39500,,,,,39500
Ethiopia,ETH,2002,,,,4000,,,,,4000
Ethiopia,ETH,2003,6291381,,,110000,,,,,6401381
Ethiopia,ETH,2004,6308619,,,,,,,,6308619
Ethiopia,ETH,2005,372300,,9000,242418,,,,,623718
Ethiopia,ETH,2006,2227700,,,434146,,,,,2661846
Ethiopia,ETH,2007,,,2000,245386,,,,,247386
Ethiopia,ETH,2008,2856102,,,116440,,,,,2972542
Ethiopia,ETH,2009,7265937,,,,,,,,7265937
Ethiopia,ETH,2010,2477961,,,80700,,,,,2558661
Ethiopia,ETH,2011,4429476,,,40200,,,,,4469676
Ethiopia,ETH,2012,1376203,,,,,,,,1376203
Ethiopia,ETH,2013,,,,51500,,,,,51500
Ethiopia,ETH,2015,2046710,,,210600,,,,,2257310
Ethiopia,ETH,2016,6123355,,,493080,,,,,6616435
Ethiopia,ETH,2017,2029935,,,,,,,,2029935
Ethiopia,ETH,2018,,,,,21,,,,21
Ethiopia,ETH,2019,,,,200000,0,,,,200000
Ethiopia,ETH,2020,,,,1229854,0,,,,1229854
Ethiopia,ETH,2021,5480263,,,0,,,,,5480263
Ethiopia,ETH,2022,22066199,,,264831,,,,,22331030
Ethiopia,ETH,2023,3353538,,,1740000,,,,,5093538
Ethiopia,ETH,2024,,,,181548,15527,,,,197075
Ethiopia,ETH,2025,,142961,,,,38624,,,181585
Europe,OWID_EUR,1902,,142652,,,,,,,142652
Europe,OWID_EUR,1904,,1620,,,,,,,1620
Europe,OWID_EUR,1905,,22100,,,,,,,22100
Europe,OWID_EUR,1906,,,0,,,,,,0
Europe,OWID_EUR,1907,,,,6000,,,,,6000
Europe,OWID_EUR,1908,,150000,,,,,,,150000
Europe,OWID_EUR,1909,,0,,,,,,,0
Europe,OWID_EUR,1910,,,,0,,,,,0
Europe,OWID_EUR,1911,,0,,,,,,,0
Europe,OWID_EUR,1913,,0,,,,,,,0
Europe,OWID_EUR,1914,,669,,,,,,,669
Europe,OWID_EUR,1915,,0,,,,,,,0
Europe,OWID_EUR,1916,,,,0,,,,,0
Europe,OWID_EUR,1920,,0,,0,,,,,0
Europe,OWID_EUR,1921,5000000,,,,,,,,5000000
Europe,OWID_EUR,1923,,0,,,,0,,,0
Europe,OWID_EUR,1924,,,,0,,,,,0
Europe,OWID_EUR,1925,,,,0,,,,,0
Europe,OWID_EUR,1926,,,,0,0,,,,0
Europe,OWID_EUR,1928,,0,,6000,,0,,,6000
Europe,OWID_EUR,1929,,,,,,0,,,0
Europe,OWID_EUR,1930,,13256,,16200,0,0,,,29456
Europe,OWID_EUR,1931,,0,,,,,,,0
Europe,OWID_EUR,1932,,22641,,,0,,,,22641
Europe,OWID_EUR,1933,,0,,,,,,,0
Europe,OWID_EUR,1934,,0,,0,,,,,0
Europe,OWID_EUR,1936,,,,,0,,,,0
Europe,OWID_EUR,1937,,,,800,,,,,800
Europe,OWID_EUR,1940,,0,,15000,,,,,15000
Europe,OWID_EUR,1941,,,,,,262,,,262
Europe,OWID_EUR,1942,,110,,,,,,,110
Europe,OWID_EUR,1943,,0,,,,,,,0
Europe,OWID_EUR,1944,,,14000,,,,,,14000
Europe,OWID_EUR,1945,,0,,,,,,,0
Europe,OWID_EUR,1946,,0,,,,0,,,0
Europe,OWID_EUR,1947,,35020,,,,,,,35020
Europe,OWID_EUR,1948,,11375,,,0,5245,,,16620
Europe,OWID_EUR,1949,,0,,,0,,0,,0
Europe,OWID_EUR,1951,,,,177400,0,,,,177400
Europe,OWID_EUR,1952,,0,,660,0,,,,660
Europe,OWID_EUR,1953,,143877,,304350,,0,,,448227
Europe,OWID_EUR,1954,,200,,,5846,,,,6046
Europe,OWID_EUR,1955,,26582,,,,,,,26582
Europe,OWID_EUR,1956,,170,0,0,,,,,170
Europe,OWID_EUR,1957,,,,23200,,0,,,23200
Europe,OWID_EUR,1958,,,,6900,,,,,6900
Europe,OWID_EUR,1960,,,,,0,,,,0
Europe,OWID_EUR,1961,,,,,0,0,,,0
Europe,OWID_EUR,1962,,30154,,20000,,180000,,,230154
Europe,OWID_EUR,1963,,3300,,,0,,,0,3300
Europe,OWID_EUR,1964,,1000,,240000,,,,,241000
Europe,OWID_EUR,1965,,30453,,96500,0,0,,,126953
Europe,OWID_EUR,1966,,126173,,1300000,0,,0,,1426173
Europe,OWID_EUR,1967,,39687,,1100,,100,,,40887
Europe,OWID_EUR,1968,,78211,,3000,22,700,,,81933
Europe,OWID_EUR,1969,,286196,,,,3100,,,289296
Europe,OWID_EUR,1970,,,,1540405,85,200,,,1540690
Europe,OWID_EUR,1971,,4220,,600,,0,,0,4820
Europe,OWID_EUR,1972,,450,,0,,0,,,450
Europe,OWID_EUR,1973,,,5200,20000,,5000,,,30200
Europe,OWID_EUR,1974,,,,,0,0,,,0
Europe,OWID_EUR,1975,,,,1000000,0,,,,1000000
Europe,OWID_EUR,1976,0,250228,,,,0,,,250228
Europe,OWID_EUR,1977,,386465,,48836,50,,,,435351
Europe,OWID_EUR,1978,,601235,,2325,,19,,,603579
Europe,OWID_EUR,1979,,315530,24,61547,,,,0,377101
Europe,OWID_EUR,1980,0,434717,,104313,,0,,,539030
Europe,OWID_EUR,1981,0,81200,,27800,,10000,,0,119000
Europe,OWID_EUR,1982,0,12055,,244010,4000,0,18,,260083
Europe,OWID_EUR,1983,0,36647,0,514324,7035,1052,20,,559078
Europe,OWID_EUR,1984,,29685,0,2000,0,62310,200,,94195
Europe,OWID_EUR,1985,,9596,,10030,26,0,430,7085,27167
Europe,OWID_EUR,1986,0,278418,,8500,,1900,2050,,290868
Europe,OWID_EUR,1987,,,,70000,6695,4600,0,0,81295
Europe,OWID_EUR,1988,,1642715,,48780,2000,,,0,1693495
Europe,OWID_EUR,1989,1066666,12051,,6800,10500,0,,,1096017
Europe,OWID_EUR,1990,1442436,27985,,44388,0,0,0,0,1514809
Europe,OWID_EUR,1991,2190897,262350,7000,57000,0,0,0,0,2517247
Europe,OWID_EUR,1992,1124229,1545,,49530,1750,3000,0,,1180054
Europe,OWID_EUR,1993,1134229,2121,,497467,0,788420,,260,2422497
Europe,OWID_EUR,1994,1124229,2342,,850064,,31148,16820,0,2024603
Europe,OWID_EUR,1995,1127314,31575,,1720487,83,238360,2014,178,3120011
Europe,OWID_EUR,1996,,3500,0,257503,1329,12060,600,200,275192
Europe,OWID_EUR,1997,0,38100,,477826,55,22796,1259,10000,550036
Europe,OWID_EUR,1998,0,4805,,266102,3703,256865,101583,2386,635444
Europe,OWID_EUR,1999,0,126419,,359502,10590,3503316,6,725246,4725079
Europe,OWID_EUR,2000,0,19907,,260856,2411,2671704,276,1292,2956446
Europe,OWID_EUR,2001,0,300,0,753323,,12848,0,6294,772765
Europe,OWID_EUR,2002,0,9809,,1095864,231,125586,120,25062,1256672
Europe,OWID_EUR,2003,1062575,2037,,35720,,107,153204,0,1253643
Europe,OWID_EUR,2004,0,893,,417979,,19196,2100,113,440281
Europe,OWID_EUR,2005,0,,,150796,0,411861,137,665,563459
Europe,OWID_EUR,2006,0,12567,,131128,159,1802,0,61654,207310
Europe,OWID_EUR,2007,210394,29513,,423783,,9634,1005907,491,1679722
Europe,OWID_EUR,2008,,8943,,245135,,3956,,500,258534
Europe,OWID_EUR,2009,,72150,,41796,,2067,1040,10767,127820
Europe,OWID_EUR,2010,0,27030,0,306316,,531884,7196,11,872437
Europe,OWID_EUR,2011,,15300,,24469,,7085,,0,46854
Europe,OWID_EUR,2012,5800,25610,,123207,,310,604,442844,598375
Europe,OWID_EUR,2013,,1800,,1417654,,22306,0,11325,1453085
Europe,OWID_EUR,2014,,77025,,1133325,,18095,,89528,1317973
Europe,OWID_EUR,2015,,,,202830,,17567,5977,3772,230146
Europe,OWID_EUR,2016,,30273,,61992,,7200,1361,0,100826
Europe,OWID_EUR,2017,0,3504,,45407,200,17445,17267,52759,136582
Europe,OWID_EUR,2018,0,,328,75426,,3730,5047,0,84531
Europe,OWID_EUR,2019,,208579,,73715,150,154168,0,5460,442072
Europe,OWID_EUR,2020,,229268,,85940,1192,32870,1968,0,351238
Europe,OWID_EUR,2021,,5047,6888,399216,3003,8398,99870,0,522422
Europe,OWID_EUR,2022,0,1052,,14720,235,62276,60889,0,139172
Europe,OWID_EUR,2023,22329,4417,,1600088,0,556154,36387,0,2219375
Europe,OWID_EUR,2024,3671,,,90757,,326000,42399,0,462827
Europe,OWID_EUR,2025,,169,,7860,,6715,1085,,15829
European Union (27),OWID_EU27,1904,,1620,,,,,,,1620
European Union (27),OWID_EU27,1905,,22100,,,,,,,22100
European Union (27),OWID_EU27,1906,,,0,,,,,,0
European Union (27),OWID_EU27,1907,,,,6000,,,,,6000
European Union (27),OWID_EU27,1908,,150000,,,,,,,150000
European Union (27),OWID_EU27,1909,,0,,,,,,,0
European Union (27),OWID_EU27,1910,,,,0,,,,,0
European Union (27),OWID_EU27,1913,,0,,,,,,,0
European Union (27),OWID_EU27,1914,,669,,,,,,,669
European Union (27),OWID_EU27,1915,,0,,,,,,,0
European Union (27),OWID_EU27,1916,,,,0,,,,,0
European Union (27),OWID_EU27,1920,,0,,,,,,,0
European Union (27),OWID_EU27,1924,,,,0,,,,,0
European Union (27),OWID_EU27,1925,,,,0,,,,,0
European Union (27),OWID_EU27,1926,,,,0,0,,,,0
European Union (27),OWID_EU27,1928,,0,,6000,,0,,,6000
European Union (27),OWID_EU27,1930,,10000,,16200,0,0,,,26200
European Union (27),OWID_EU27,1932,,22641,,,0,,,,22641
European Union (27),OWID_EU27,1933,,0,,,,,,,0
European Union (27),OWID_EU27,1934,,0,,0,,,,,0
European Union (27),OWID_EU27,1937,,,,800,,,,,800
European Union (27),OWID_EU27,1940,,0,,15000,,,,,15000
European Union (27),OWID_EU27,1941,,,,,,262,,,262
European Union (27),OWID_EU27,1944,,,14000,,,,,,14000
European Union (27),OWID_EU27,1945,,0,,,,,,,0
European Union (27),OWID_EU27,1946,,,,,,0,,,0
European Union (27),OWID_EU27,1947,,35020,,,,,,,35020
European Union (27),OWID_EU27,1948,,11375,,,0,5245,,,16620
European Union (27),OWID_EU27,1949,,,,,,,0,,0
European Union (27),OWID_EU27,1951,,,,177400,,,,,177400
European Union (27),OWID_EU27,1952,,,,,0,,,,0
European Union (27),OWID_EU27,1953,,143877,,304350,,,,,448227
European Union (27),OWID_EU27,1954,,200,,,5846,,,,6046
European Union (27),OWID_EU27,1955,,26582,,,,,,,26582
European Union (27),OWID_EU27,1956,,170,,0,,,,,170
European Union (27),OWID_EU27,1957,,,,23200,,0,,,23200
European Union (27),OWID_EU27,1958,,,,6900,,,,,6900
European Union (27),OWID_EU27,1960,,,,,0,,,,0
European Union (27),OWID_EU27,1961,,,,,0,0,,,0
European Union (27),OWID_EU27,1962,,30000,,20000,,,,,50000
European Union (27),OWID_EU27,1963,,,,,0,,,0,0
European Union (27),OWID_EU27,1964,,1000,,,,,,,1000
European Union (27),OWID_EU27,1965,,30453,,1500,0,0,,,31953
European Union (27),OWID_EU27,1966,,26173,,1300000,,,0,,1326173
European Union (27),OWID_EU27,1967,,17683,,1100,,100,,,18883
European Union (27),OWID_EU27,1968,,63181,,3000,,,,,66181
European Union (27),OWID_EU27,1969,,80,,,,3100,,,3180
European Union (27),OWID_EU27,1970,,,,1540405,37,200,,,1540642
European Union (27),OWID_EU27,1971,,4220,,600,,0,,0,4820
European Union (27),OWID_EU27,1972,,450,,0,,,,,450
European Union (27),OWID_EU27,1973,,,,20000,,5000,,,25000
European Union (27),OWID_EU27,1975,,,,1000000,0,,,,1000000
European Union (27),OWID_EU27,1976,0,250222,,,,0,,,250222
European Union (27),OWID_EU27,1977,,386465,,28836,50,,,,415351
European Union (27),OWID_EU27,1978,,601000,,1325,,19,,,602344
European Union (27),OWID_EU27,1979,,5000,24,49547,,,,,54571
European Union (27),OWID_EU27,1980,0,429617,,104313,,0,,,533930
European Union (27),OWID_EU27,1981,0,81156,,3200,,0,,,84356
European Union (27),OWID_EU27,1982,0,7050,,243424,4000,0,18,,254492
European Union (27),OWID_EU27,1983,0,22647,,513312,7035,900,20,,543914
European Union (27),OWID_EU27,1984,,9585,,2000,0,62060,200,,73845
European Union (27),OWID_EU27,1985,,,,30,,0,430,0,460
European Union (27),OWID_EU27,1986,0,48360,,0,,1900,2050,,52310
European Union (27),OWID_EU27,1987,,,,34000,6189,3000,0,0,43189
European Union (27),OWID_EU27,1988,,25,,45000,,,,0,45025
European Union (27),OWID_EU27,1989,0,,,6800,,0,,,6800
European Union (27),OWID_EU27,1990,375770,3477,,,0,0,0,0,379247
European Union (27),OWID_EU27,1991,1124229,5850,7000,15000,,0,0,0,1152079
European Union (27),OWID_EU27,1992,1124229,1545,,8530,,2000,0,,1136304
European Union (27),OWID_EU27,1993,1124229,2121,,111714,,788420,,,2026484
European Union (27),OWID_EU27,1994,1124229,,,26731,,5506,16820,0,1173286
European Union (27),OWID_EU27,1995,1127314,30825,,10687,,235800,2014,70,1406710
European Union (27),OWID_EU27,1996,,3500,,13503,1029,60,,200,18292
European Union (27),OWID_EU27,1997,0,38100,,465882,55,1406,1259,10000,516702
European Union (27),OWID_EU27,1998,,2705,,33432,3703,705,900,2123,43568
European Union (27),OWID_EU27,1999,0,115159,,282781,10590,3502026,6,0,3910562
European Union (27),OWID_EU27,2000,0,600,,133755,0,3490,276,876,138997
European Union (27),OWID_EU27,2001,0,300,0,60218,,420,0,0,60938
European Union (27),OWID_EU27,2002,0,9709,,637247,,584,,0,647540
European Union (27),OWID_EU27,2003,0,232,,29770,,100,153204,0,183306
European Union (27),OWID_EU27,2004,0,755,,29951,,13134,1100,113,45053
European Union (27),OWID_EU27,2005,0,,,114221,,106,137,665,115129
European Union (27),OWID_EU27,2006,0,527,,77508,159,1802,0,220,80216
European Union (27),OWID_EU27,2007,,,,26026,,2082,5832,139,34079
European Union (27),OWID_EU27,2008,,3708,,11410,,3856,,500,19474
European Union (27),OWID_EU27,2009,,72000,,26544,,1887,1040,220,101691
European Union (27),OWID_EU27,2010,,,,141545,,531884,,0,673429
European Union (27),OWID_EU27,2011,,15300,,5300,,6571,,0,27171
European Union (27),OWID_EU27,2012,0,25610,,72405,,310,6,7539,105870
European Union (27),OWID_EU27,2013,,1800,,1368516,,18022,0,0,1388338
European Union (27),OWID_EU27,2014,,77025,,47059,,95,,50000,174179
European Union (27),OWID_EU27,2015,,,,6000,,1967,,0,7967
European Union (27),OWID_EU27,2016,,30173,,3359,,0,1361,0,34893
European Union (27),OWID_EU27,2017,0,3504,,8384,,17244,17067,0,46199
European Union (27),OWID_EU27,2018,0,,328,9420,,2330,5047,0,17125
European Union (27),OWID_EU27,2019,,754,,6302,,154168,,0,161224
European Union (27),OWID_EU27,2020,,229268,,11860,182,26457,,0,267767
European Union (27),OWID_EU27,2021,,5047,6888,120472,,6693,19750,0,158850
European Union (27),OWID_EU27,2022,0,,,10970,235,61976,58687,0,131868
European Union (27),OWID_EU27,2023,22329,752,,1571176,0,527765,21387,0,2143409
European Union (27),OWID_EU27,2024,3671,,,47357,,325250,42399,0,418677
European Union (27),OWID_EU27,2025,,,,2850,,3820,1085,,7755
Fiji,FJI,1931,,,,,,0,,,0
Fiji,FJI,1941,,,,,,0,,,0
Fiji,FJI,1952,,,,,,800,,,800
Fiji,FJI,1958,,,,,,0,,,0
Fiji,FJI,1964,,,,18000,,,,,18000
Fiji,FJI,1965,,,,,,10000,,,10000
Fiji,FJI,1972,,,,,,120000,,,120000
Fiji,FJI,1973,,,,,,6150,,,6150
Fiji,FJI,1975,,,,,,23000,,,23000
Fiji,FJI,1978,,,,,,0,,,0
Fiji,FJI,1979,,,,,,35900,,,35900
Fiji,FJI,1980,,,,,,35250,,,35250
Fiji,FJI,1981,,,,,,4700,,,4700
Fiji,FJI,1983,31000,,,,,211146,,,242146
Fiji,FJI,1985,,,,,,122000,,,122000
Fiji,FJI,1986,,,,215000,,3000,,,218000
Fiji,FJI,1987,,,,,,3369,,,3369
Fiji,FJI,1989,,,,0,,,,,0
Fiji,FJI,1990,,0,,,,6000,,,6000
Fiji,FJI,1992,,,,,,2000,,,2000
Fiji,FJI,1993,,,,,,160003,,,160003
Fiji,FJI,1997,,,,,,3500,,,3500
Fiji,FJI,1998,263455,,,,,,,,263455
Fiji,FJI,1999,,,,,,1772,,,1772
Fiji,FJI,2003,,,,,,30000,,,30000
Fiji,FJI,2004,,,,600,,5000,,,5600
Fiji,FJI,2006,,,,224,,168,,,392
Fiji,FJI,2007,,,,900,,69,,,969
Fiji,FJI,2008,,,,,,0,,,0
Fiji,FJI,2009,,,,10556,,3845,,,14401
Fiji,FJI,2010,,,,,,39101,,,39101
Fiji,FJI,2012,,,,19545,,8400,,,27945
Fiji,FJI,2015,67000,,,,,,,,67000
Fiji,FJI,2016,,,,,,545558,,,545558
Fiji,FJI,2018,,,,,,179200,,,179200
Fiji,FJI,2019,,,,,,7780,,,7780
Fiji,FJI,2020,,,,,,205115,,,205115
Fiji,FJI,2021,,,,,,82751,,,82751
Fiji,FJI,2022,,,,,,69564,,,69564
Fiji,FJI,2023,,,,,,230000,,,230000
Finland,FIN,1990,,,,,,0,,,0
Finland,FIN,2005,,,,400,,,,,400
Finland,FIN,2022,,,,,,,,0,0
Finland,FIN,2023,,,,,,,,0,0
Finland,FIN,2024,,,,,,,,0,0
France,FRA,1909,,0,,,,,,,0
France,FRA,1910,,,,0,,,,,0
France,FRA,1926,,,,,0,,,,0
France,FRA,1930,,,,16200,0,,,,16200
France,FRA,1932,,,,,0,,,,0
France,FRA,1940,,,,9000,,,,,9000
France,FRA,1949,,,,,,,0,,0
France,FRA,1958,,,,6900,,,,,6900
France,FRA,1961,,,,,0,,,,0
France,FRA,1967,,1100,,,,0,,,1100
France,FRA,1969,,,,,,0,,,0
France,FRA,1970,,,,,37,,,,37
France,FRA,1977,,,,25000,,,,,25000
France,FRA,1978,,,,1000,,,,,1000
France,FRA,1979,,,,2,,,,,2
France,FRA,1980,,,,313,,,,,313
France,FRA,1981,,,,2300,,,,,2300
France,FRA,1982,,,,,0,0,18,,18
France,FRA,1983,,,,3712,20,0,0,,3732
France,FRA,1984,,,,,,2000,0,,2000
France,FRA,1985,,,,,,0,130,0,130
France,FRA,1986,,,,,,,2000,,2000
France,FRA,1987,,,,0,,0,,,0
France,FRA,1988,,,,45000,,,,,45000
France,FRA,1989,0,,,,,0,,,0
France,FRA,1990,,,,,0,0,,0,0
France,FRA,1991,,,,,,,,0,0
France,FRA,1992,,,,5000,,2000,,,7000
France,FRA,1993,,,,0,,1720,,,1720
France,FRA,1994,,,,410,,,,,410
France,FRA,1995,,,,,,5000,,,5000
France,FRA,1996,,,,1380,,0,,,1380
France,FRA,1997,0,,,,,,1259,10000,11259
France,FRA,1998,,,,,21,690,,,711
France,FRA,1999,,,,4105,260,3500031,6,,3504402
France,FRA,2000,,,,2302,,207,,,2509
France,FRA,2001,,,,16882,,420,,,17302
France,FRA,2002,,,,12800,,253,,,13053
France,FRA,2003,,,,27000,,70,3004,0,30074
France,FRA,2004,,,,,,0,,,0
France,FRA,2005,,,,4000,,,0,0,4000
France,FRA,2006,,,,,,602,,0,602
France,FRA,2007,,,,,,900,,,900
France,FRA,2008,,,,,,2706,,,2706
France,FRA,2009,,,,,,0,0,200,200
France,FRA,2010,,,,1000,,500079,,0,501079
France,FRA,2011,,,,2300,,,,,2300
France,FRA,2012,,,,,,,,0,0
France,FRA,2013,,,,3200,,0,,,3200
France,FRA,2014,,,,4000,,0,,,4000
France,FRA,2015,,,,0,,750,,0,750
France,FRA,2016,,,,24,,,,,24
France,FRA,2017,,,,160,,11,12012,,12183
France,FRA,2018,,,,4226,,30,,0,4256
France,FRA,2019,,754,,1102,,1456,,0,3312
France,FRA,2020,,,,906,,13011,,0,13917
France,FRA,2021,,,,2147,,255,,0,2402
France,FRA,2022,0,,,,,60378,,0,60378
France,FRA,2023,,752,,5919,,517066,141,0,523878
France,FRA,2024,,,,6866,,27,,0,6893
France,FRA,2025,,,,,,1902,240,,2142
French Guiana,GUF,1996,,,,70000,,,,,70000
French Guiana,GUF,2000,,,,,5,,,,5
French Guiana,GUF,2020,,,,139,,,,,139
French Polynesia,PYF,1958,,,,,,0,,,0
French Polynesia,PYF,1983,,,,,,5050,,,5050
French Polynesia,PYF,1987,,,,,0,,,,0
French Polynesia,PYF,1998,,,,,511,,,,511
French Polynesia,PYF,2010,,,,,,3411,,,3411
French Polynesia,PYF,2017,,,,5004,,,,,5004
Gabon,GAB,1988,,,,10000,,,,,10000
Gabon,GAB,2009,,,,,,800,,,800
Gabon,GAB,2010,,,,,,2647,,,2647
Gabon,GAB,2011,,,,,,883,,,883
Gabon,GAB,2012,,,,77845,,,,,77845
Gabon,GAB,2023,,,,,,3000,,,3000
Gabon,GAB,2024,,,,13400,,,,,13400
Gambia,GMB,1910,0,,,,,,,,0
Gambia,GMB,1911,0,,,,,,,,0
Gambia,GMB,1912,0,,,,,,,,0
Gambia,GMB,1913,0,,,,,,,,0
Gambia,GMB,1914,0,,,,,,,,0
Gambia,GMB,1940,0,,,,,,,,0
Gambia,GMB,1941,0,,,,,,,,0
Gambia,GMB,1942,0,,,,,,,,0
Gambia,GMB,1943,0,,,,,,,,0
Gambia,GMB,1944,0,,,,,,,,0
Gambia,GMB,1968,180000,,,,,,,,180000
Gambia,GMB,1971,29983,,,,,,,,29983
Gambia,GMB,1972,29983,,,,,,,,29983
Gambia,GMB,1973,29983,,,,,,5000,,34983
Gambia,GMB,1974,29983,,,,,,,,29983
Gambia,GMB,1975,30068,,,,,,,,30068
Gambia,GMB,1977,0,,,,,,,,0
Gambia,GMB,1978,0,,,,,,,,0
Gambia,GMB,1980,31314,,,,,,,,31314
Gambia,GMB,1981,93685,,,,,,,,93685
Gambia,GMB,1982,93685,,,,,,,,93685
Gambia,GMB,1983,93685,,,,,,,,93685
Gambia,GMB,1984,93685,,,,,,,,93685
Gambia,GMB,1985,93946,,,,,,,,93946
Gambia,GMB,1996,,,,4000,,,,,4000
Gambia,GMB,1999,,,,32000,,,,,32000
Gambia,GMB,2001,,,,250,,,,,250
Gambia,GMB,2002,0,,,,,,,,0
Gambia,GMB,2003,,,,,,8019,,,8019
Gambia,GMB,2004,,,,,,6137,,,6137
Gambia,GMB,2007,,,,300,,,,,300
Gambia,GMB,2008,,,,400,,300,,,700
Gambia,GMB,2009,,,,14258,,2350,,,16608
Gambia,GMB,2010,,,,38961,,,,,38961
Gambia,GMB,2012,428000,,,,,,,,428000
Gambia,GMB,2013,,,,3300,,,,,3300
Gambia,GMB,2015,63100,,,,,,,,63100
Gambia,GMB,2017,,,,20000,,,,,20000
Gambia,GMB,2019,,,,,,15101,,,15101
Gambia,GMB,2021,,,,,,16949,,,16949
Gambia,GMB,2022,,,,17201,,,,,17201
Gambia,GMB,2025,,,,21377,,,,,21377
Georgia,GEO,1991,,3740,,,,,,,3740
Georgia,GEO,1992,,10,,,,,,,10
Georgia,GEO,1995,,,,300,,,,,300
Georgia,GEO,1997,,,,500,,,,,500
Georgia,GEO,2000,205575,,,,,,,,205575
Georgia,GEO,2001,490425,,,,,900,,,491325
Georgia,GEO,2002,,19156,,,,,,,19156
Georgia,GEO,2004,,,,90,,,,,90
Georgia,GEO,2005,,,,2500,,,,,2500
Georgia,GEO,2006,,,,600,,,,,600
Georgia,GEO,2009,,7306,,,,,,,7306
Georgia,GEO,2011,,,,1750,,,,,1750
Georgia,GEO,2012,,,,100018,,6018,,,106036
Georgia,GEO,2013,,,,25000,,1750,,,26750
Georgia,GEO,2014,,,,12000,,,,,12000
Georgia,GEO,2015,,,,10320,,,,,10320
Georgia,GEO,2018,,,,1143,,,,,1143
Georgia,GEO,2019,,,,5088,,,,,5088
Georgia,GEO,2020,,,,5133,,,,,5133
Georgia,GEO,2021,,,,1780,,,,,1780
Georgia,GEO,2022,,,,5200,,,,,5200
Georgia,GEO,2023,,,,350000,0,,,,350000
Georgia,GEO,2025,,,,20000,,28870,,,48870
Germany,DEU,1990,,,,,,0,,,0
Germany,DEU,1991,,,,0,,0,,,0
Germany,DEU,1992,,1525,,,,,,,1525
Germany,DEU,1993,,,,92307,,0,,,92307
Germany,DEU,1994,,,,7693,,0,,,7693
Germany,DEU,1995,,,,,,30000,,,30000
Germany,DEU,1996,,,,,,0,,,0
Germany,DEU,1997,,,,6500,,,,0,6500
Germany,DEU,1998,,,,,,15,,,15
Germany,DEU,1999,,,,100000,0,0,,,100000
Germany,DEU,2002,,,,330108,,19,,,330127
Germany,DEU,2003,,,,,,0,,0,0
Germany,DEU,2004,,150,,,,0,,,150
Germany,DEU,2005,,,,450,,2,,165,617
Germany,DEU,2006,,,,1000,,300,,0,1300
Germany,DEU,2007,,,,0,,130,,,130
Germany,DEU,2008,,,,,,0,,,0
Germany,DEU,2009,,,,0,,0,,0,0
Germany,DEU,2010,,,,1400,,0,,0,1400
Germany,DEU,2012,,,,,,,,0,0
Germany,DEU,2013,,,,6350,,2,,,6352
Germany,DEU,2014,,,,,,1,,,1
Germany,DEU,2016,,,,0,,,,,0
Germany,DEU,2017,,,,600,,24,,,624
Germany,DEU,2018,,,,,,12,,0,12
Germany,DEU,2019,,,,,,0,,0,0
Germany,DEU,2020,,,,,,33,,,33
Germany,DEU,2021,,,,1000,,604,,,1604
Germany,DEU,2022,,,,,,2,,0,2
Germany,DEU,2023,,,,,,0,,0,0
Germany,DEU,2024,,,,3407,,,,0,3407
Ghana,GHA,1939,,7630,,,,,,,7630
Ghana,GHA,1968,,,,25000,,,,,25000
Ghana,GHA,1971,12000,,,,,,,,12000
Ghana,GHA,1977,0,,,,,,,,0
Ghana,GHA,1983,1397326,,,,,,,,1397326
Ghana,GHA,1984,5543742,,,,,,,,5543742
Ghana,GHA,1985,5558932,,,,,,1500,,5560432
Ghana,GHA,1989,,,,2800,,,,,2800
Ghana,GHA,1991,,,,2000000,,,,,2000000
Ghana,GHA,1995,,,,700000,,,,,700000
Ghana,GHA,1999,,,,324602,,,,,324602
Ghana,GHA,2001,,,,144025,,,,,144025
Ghana,GHA,2002,,,,2200,,,,,2200
Ghana,GHA,2007,,,,332600,,,,,332600
Ghana,GHA,2008,,,,58000,,,,,58000
Ghana,GHA,2009,,,,159545,,,,,159545
Ghana,GHA,2010,,,,17174,,,,,17174
Ghana,GHA,2011,,,,94044,,,,,94044
Ghana,GHA,2013,,,,25000,,,,,25000
Ghana,GHA,2015,,,,5000,,,,,5000
Ghana,GHA,2016,,,,0,,,,,0
Ghana,GHA,2017,,,,1000000,,12,,,1000012
Ghana,GHA,2018,,,,100000,,,,,100000
Ghana,GHA,2019,,,,26102,,,,,26102
Ghana,GHA,2020,,,,200,,,,,200
Ghana,GHA,2021,,,,326,,,,,326
Ghana,GHA,2022,,,,5000,,,,,5000
Ghana,GHA,2023,,,,41114,,,,,41114
Greece,GRC,1904,,1620,,,,,,,1620
Greece,GRC,1907,,,,6000,,,,,6000
Greece,GRC,1914,,0,,,,,,,0
Greece,GRC,1924,,,,0,,,,,0
Greece,GRC,1925,,,,0,,,,,0
Greece,GRC,1928,,0,,,,,,,0
Greece,GRC,1930,,,,,,0,,,0
Greece,GRC,1932,,22641,,,,,,,22641
Greece,GRC,1937,,,,800,,,,,800
Greece,GRC,1947,,35020,,,,,,,35020
Greece,GRC,1948,,11375,,,,,,,11375
Greece,GRC,1953,,141277,,,,,,,141277
Greece,GRC,1954,,200,,,,,,,200
Greece,GRC,1955,,26582,,,,,,,26582
Greece,GRC,1956,,100,,,,,,,100
Greece,GRC,1961,,,,,,0,,,0
Greece,GRC,1965,,30453,,,,,,,30453
Greece,GRC,1966,,26173,,,,,,,26173
Greece,GRC,1967,,16583,,,,,,,16583
Greece,GRC,1968,,7618,,,,,,,7618
Greece,GRC,1977,,,,1600,,,,,1600
Greece,GRC,1978,,600100,,,,,,,600100
Greece,GRC,1979,,,,4000,,,,,4000
Greece,GRC,1980,,17,,,,,,,17
Greece,GRC,1981,,80850,,,,,,,80850
Greece,GRC,1983,,487,,,,,0,,487
Greece,GRC,1984,,,,,,,200,,200
Greece,GRC,1985,,,,,,,0,0,0
Greece,GRC,1986,,45300,,,,,,,45300
Greece,GRC,1987,,,,,,0,0,0,0
Greece,GRC,1988,,25,,,,,,0,25
Greece,GRC,1990,0,61,,,,0,,,61
Greece,GRC,1991,,,,,,,,0,0
Greece,GRC,1993,,2121,,,,,,,2121
Greece,GRC,1994,,,,1000,,,,,1000
Greece,GRC,1995,,28960,,,,,2014,,30974
Greece,GRC,1996,,1500,,,,,,,1500
Greece,GRC,1997,,,,0,,,,,0
Greece,GRC,1998,,,,900,,,300,,1200
Greece,GRC,1999,,115139,,,,,,,115139
Greece,GRC,2000,,600,,6600,,,109,176,7485
Greece,GRC,2001,,300,,1050,,,,,1350
Greece,GRC,2002,,167,,390,,12,,,569
Greece,GRC,2003,,,,450,,,,,450
Greece,GRC,2004,,,,,,0,,,0
Greece,GRC,2006,,,,3090,,600,,,3690
Greece,GRC,2007,,,,600,,,5392,0,5992
Greece,GRC,2008,,3708,,,,,,,3708
Greece,GRC,2009,,,,,,,1040,,1040
Greece,GRC,2010,,,,150,,,,,150
Greece,GRC,2012,,,,200,,,,0,200
Greece,GRC,2014,,77025,,2320,,,,,79345
Greece,GRC,2015,,,,500,,,,,500
Greece,GRC,2016,,,,200,,,,,200
Greece,GRC,2017,,851,,6024,,,,0,6875
Greece,GRC,2018,,,,,,,4718,,4718
Greece,GRC,2019,,,,,,123,,,123
Greece,GRC,2020,,919,,2970,,480,,,4369
Greece,GRC,2021,,5047,,,,,7500,,12547
Greece,GRC,2022,,,,,,,55000,0,55000
Greece,GRC,2023,,,,5260,,250,19011,0,24521
Greece,GRC,2024,,,,0,,,900,0,900
Greece,GRC,2025,,,,,,0,,,0
Grenada,GRD,1963,,,,,,0,,,0
Grenada,GRD,1975,,,,0,,,,,0
Grenada,GRD,1980,,,,,,0,,,0
Grenada,GRD,1990,,,,,,1000,,,1000
Grenada,GRD,1999,,,,,,210,,,210
Grenada,GRD,2002,,,,,,75,,,75
Grenada,GRD,2004,,,,,,113700,,,113700
Grenada,GRD,2005,,,,,,0,,,0
Grenada,GRD,2010,0,,,,,,,,0
Grenada,GRD,2024,100000,,,,,12027,,,112027
Guadeloupe,GLP,1928,,,,,,0,,,0
Guadeloupe,GLP,1956,,,,,,5000,,,5000
Guadeloupe,GLP,1964,,,,,,10100,,,10100
Guadeloupe,GLP,1966,,,,,,10000,,,10000
Guadeloupe,GLP,1970,,,,,,0,,,0
Guadeloupe,GLP,1976,,,75003,,,,,,75003
Guadeloupe,GLP,1979,,,,,,0,,,0
Guadeloupe,GLP,1988,,,,0,,,,,0
Guadeloupe,GLP,1989,,,,,,11084,,,11084
Guadeloupe,GLP,1990,,,,,,0,,,0
Guadeloupe,GLP,1995,,,,,,0,,,0
Guadeloupe,GLP,1998,,,,,,0,,,0
Guadeloupe,GLP,1999,,,,,,899,,,899
Guadeloupe,GLP,2004,,153,,,,,,,153
Guadeloupe,GLP,2007,,,,,,0,,,0
Guadeloupe,GLP,2017,,,,,,80002,,,80002
Guadeloupe,GLP,2022,,,,,,0,,,0
Guam,GUM,1962,,,,,,0,,,0
Guam,GUM,1976,,,,,,0,,,0
Guam,GUM,1987,,,,,,502,,,502
Guam,GUM,1992,,,,,,5542,,,5542
Guam,GUM,1993,,71,,,,,,,71
Guam,GUM,1997,,,,,,6420,,,6420
Guam,GUM,2002,,,,,,15144,,,15144
Guam,GUM,2004,,,,,,300,,,300
Guam,GUM,2023,,,,,,100000,,,100000
Guatemala,GTM,1902,,0,0,,,,,,0
Guatemala,GTM,1917,,0,,,,,,,0
Guatemala,GTM,1949,,,,0,,,,,0
Guatemala,GTM,1961,,,,,,0,,,0
Guatemala,GTM,1969,,,,,,10200,,,10200
Guatemala,GTM,1973,,,,1000,,,,,1000
Guatemala,GTM,1974,,,,,,0,,,0
Guatemala,GTM,1976,,4993000,,,,,,,4993000
Guatemala,GTM,1979,,2040,,,,,,,2040
Guatemala,GTM,1982,,,,20256,,,,,20256
Guatemala,GTM,1983,,,3500,,,,,,3500
Guatemala,GTM,1984,,,3000,,,,,,3000
Guatemala,GTM,1985,,5000,,,,,,,5000
Guatemala,GTM,1986,,2500,,,,,,,2500
Guatemala,GTM,1987,36450,,3035,6515,,,0,,46000
Guatemala,GTM,1988,36550,2050,,6000,,,,,44600
Guatemala,GTM,1989,,,,0,,,,,0
Guatemala,GTM,1991,,23890,,,0,,,,23890
Guatemala,GTM,1992,,,5000,,,,,,5000
Guatemala,GTM,1994,0,,,600,,,,,600
Guatemala,GTM,1995,,,,7435,,,,,7435
Guatemala,GTM,1996,,,743,,,0,,,743
Guatemala,GTM,1998,,,600,,8,105700,,,106308
Guatemala,GTM,1999,,280,,6023,,,,,6303
Guatemala,GTM,2000,,,800,2986,,,,,3786
Guatemala,GTM,2001,113596,152,,,,6446,,1850,122044
Guatemala,GTM,2002,,,,98740,474,1500,,,100714
Guatemala,GTM,2003,,,,,220,,0,,220
Guatemala,GTM,2005,,,,0,2535,475314,,,477849
Guatemala,GTM,2006,,,,,,,,0,0
Guatemala,GTM,2007,,,,2096,,3905,,,6001
Guatemala,GTM,2008,,,,197300,0,0,,,197300
Guatemala,GTM,2009,2500000,,,10800,3028,,,,2513828
Guatemala,GTM,2010,,,1800,3270,50696,400142,,,455908
Guatemala,GTM,2011,,400,,534828,0,0,,2643,537871
Guatemala,GTM,2012,266485,1321742,10000,,,,,,1598227
Guatemala,GTM,2013,,572,,,,,,,572
Guatemala,GTM,2014,225000,94783,,87500,,100000,,5397,512680
Guatemala,GTM,2015,536764,,,65136,1112,,,2744,605756
Guatemala,GTM,2016,538236,,,,46,55,,,538337
Guatemala,GTM,2017,,3601,,42559,0,3175,,,49335
Guatemala,GTM,2018,1055921,,1714414,76945,,,,,2847280
Guatemala,GTM,2019,444079,,,,,78453,,,522532
Guatemala,GTM,2020,,,,20070,,2854072,,,2874142
Guatemala,GTM,2021,,,,24616,,,,,24616
Guatemala,GTM,2022,,31302,,2890023,,457311,,,3378636
Guatemala,GTM,2023,,,1054,4400005,123325,,,,4524384
Guatemala,GTM,2024,,,,606115,,64640,200,,670955
Guatemala,GTM,2025,,29100,,,,4726,,,33826
Guinea,GIN,1981,0,,,5000,,,,,5000
Guinea,GIN,1982,0,,,,,,,,0
Guinea,GIN,1983,0,41436,,,,,,,41436
Guinea,GIN,1993,,,,6066,,,,,6066
Guinea,GIN,1998,0,,,,,,,,0
Guinea,GIN,2001,,,,220000,,,,,220000
Guinea,GIN,2004,,,,,,,777,,777
Guinea,GIN,2006,,,,1200,,,,,1200
Guinea,GIN,2007,,,,20685,,,,,20685
Guinea,GIN,2008,,,,4200,,,,,4200
Guinea,GIN,2009,,,,40000,,,,,40000
Guinea,GIN,2010,,,,48026,,,,,48026
Guinea,GIN,2011,,,,20143,,,,,20143
Guinea,GIN,2013,,,,11106,,,,,11106
Guinea,GIN,2015,,,,29628,492,,,,30120
Guinea,GIN,2017,,,,3287,,,,,3287
Guinea,GIN,2020,,,,49541,,,,,49541
Guinea,GIN,2021,,,,71664,,,,,71664
Guinea,GIN,2022,,,,49536,,,,,49536
Guinea,GIN,2023,,,,25072,,,,,25072
Guinea,GIN,2024,,,,176000,,,,,176000
Guinea,GIN,2025,,,,,,10,,,10
Guinea-Bissau,GNB,1910,0,,,,,,,,0
Guinea-Bissau,GNB,1911,0,,,,,,,,0
Guinea-Bissau,GNB,1912,0,,,,,,,,0
Guinea-Bissau,GNB,1913,0,,,,,,,,0
Guinea-Bissau,GNB,1914,0,,,,,,,,0
Guinea-Bissau,GNB,1940,0,,,,,,,,0
Guinea-Bissau,GNB,1941,0,,,,,,,,0
Guinea-Bissau,GNB,1942,0,,,,,,,,0
Guinea-Bissau,GNB,1943,0,,,,,,,,0
Guinea-Bissau,GNB,1944,0,,,,,,,,0
Guinea-Bissau,GNB,1972,0,,,,,,,,0
Guinea-Bissau,GNB,1973,0,,,,,,,,0
Guinea-Bissau,GNB,1974,0,,,,,,,,0
Guinea-Bissau,GNB,1975,0,,,,,,,,0
Guinea-Bissau,GNB,1982,0,,,,,,,,0
Guinea-Bissau,GNB,1983,0,,,,,,,,0
Guinea-Bissau,GNB,1984,0,,,,,,,,0
Guinea-Bissau,GNB,1985,0,,,,,,,,0
Guinea-Bissau,GNB,1987,,,,,,3703,,,3703
Guinea-Bissau,GNB,1993,,,,,,1722,,,1722
Guinea-Bissau,GNB,1998,,,,,,,1500,,1500
Guinea-Bissau,GNB,2002,100000,,,,,,,,100000
Guinea-Bissau,GNB,2003,,,,0,,,,,0
Guinea-Bissau,GNB,2004,,,,1000,,,,,1000
Guinea-Bissau,GNB,2006,32000,,,,,,,,32000
Guinea-Bissau,GNB,2008,,,,750,,,,,750
Guinea-Bissau,GNB,2010,,,,56792,,,,,56792
Guinea-Bissau,GNB,2018,,,,,,11541,,,11541
Guinea-Bissau,GNB,2025,,,,,,3032,,,3032
Guyana,GUY,1971,,,,21000,,,,,21000
Guyana,GUY,1989,,,,0,,,,,0
Guyana,GUY,1996,,,,38000,,,,,38000
Guyana,GUY,1997,203506,,,,,,,,203506
Guyana,GUY,1998,403694,,,,,,,,403694
Guyana,GUY,2005,,,,274774,,,,,274774
Guyana,GUY,2006,,,,35000,,,,,35000
Guyana,GUY,2008,,,,100000,,,,,100000
Guyana,GUY,2010,0,,,,,,,,0
Guyana,GUY,2015,,,,199000,,,,,199000
Guyana,GUY,2017,,,,3274,,,,,3274
Guyana,GUY,2021,,,,34500,,,,,34500
Guyana,GUY,2022,,,,500,,,,,500
Haiti,HTI,1909,,,,,,0,,,0
Haiti,HTI,1915,,,,,,0,,,0
Haiti,HTI,1935,,,,,,0,,,0
Haiti,HTI,1952,,0,,,,,,,0
Haiti,HTI,1954,,,,,0,250000,,,250000
Haiti,HTI,1959,,,,0,,,,,0
Haiti,HTI,1962,,,,0,,,,,0
Haiti,HTI,1963,,,,0,,0,,,0
Haiti,HTI,1964,,,,,,80000,,,80000
Haiti,HTI,1966,,,,,,67881,,,67881
Haiti,HTI,1968,210217,,,,,,,,210217
Haiti,HTI,1972,,,,40000,,,,,40000
Haiti,HTI,1974,507000,,,,,,,,507000
Haiti,HTI,1975,,,,,,0,,,0
Haiti,HTI,1977,450000,,,,,,,,450000
Haiti,HTI,1979,,,,,,1110,,,1110
Haiti,HTI,1980,25802,,,,,1165000,,,1190802
Haiti,HTI,1981,25732,,,,,,,,25732
Haiti,HTI,1982,25732,,,,,,,,25732
Haiti,HTI,1983,25734,,,,,,,,25734
Haiti,HTI,1986,,,,143860,,,,,143860
Haiti,HTI,1987,,,,8910,,,,,8910
Haiti,HTI,1988,,,,3901,,870000,,,873901
Haiti,HTI,1989,,,,24930,1060,,,,25990
Haiti,HTI,1990,,,,,,0,,,0
Haiti,HTI,1992,1000000,,,,,,,,1000000
Haiti,HTI,1993,0,,,5000,,,,,5000
Haiti,HTI,1994,,,,,,1587000,,,1587000
Haiti,HTI,1996,,,,40,,115,,,155
Haiti,HTI,1998,,,,,,12029,,,12029
Haiti,HTI,1999,,,,50,,,,,50
Haiti,HTI,2000,,,,1200,,,,,1200
Haiti,HTI,2001,,,,5081,,0,,,5081
Haiti,HTI,2002,,,,38339,,250,,,38589
Haiti,HTI,2003,16700,,,162390,,155,,,179245
Haiti,HTI,2004,18300,,,31283,,322094,,,371677
Haiti,HTI,2005,,,,14083,,27978,,,42061
Haiti,HTI,2006,,,,24700,,15000,,,39700
Haiti,HTI,2007,,,,104961,,115081,,,220042
Haiti,HTI,2008,,,,,,246276,,,246276
Haiti,HTI,2009,,,,12706,,,,,12706
Haiti,HTI,2010,,3700000,,22087,,78142,,,3800229
Haiti,HTI,2011,,,,4438,,3044,,,7482
Haiti,HTI,2012,,,,26465,,209857,,,236322
Haiti,HTI,2013,,,,33265,,,,,33265
Haiti,HTI,2014,632582,,,30000,,,,,662582
Haiti,HTI,2015,367418,,,45000,,1969,,,414387
Haiti,HTI,2016,3100235,,,94505,,2100439,,,5295179
Haiti,HTI,2017,499765,,,50342,,40092,,,590199
Haiti,HTI,2018,,39336,,,,,,,39336
Haiti,HTI,2019,,,,4433,,,,,4433
Haiti,HTI,2020,,,,,,44175,,,44175
Haiti,HTI,2021,,702763,,13380,,3,,,716146
Haiti,HTI,2022,,1017,,13000,,,,,14017
Haiti,HTI,2023,,,,225143,,,,,225143
Haiti,HTI,2024,,,,173830,11200,0,,,185030
Haiti,HTI,2025,,,,4116,,2300021,,,2304137
High-income countries,OWID_HIC,1900,,,0,,,0,,,0
High-income countries,OWID_HIC,1901,,24,,,,,,,24
High-income countries,OWID_HIC,1902,,,0,,,,,,0
High-income countries,OWID_HIC,1903,,0,,1200,23,1180,,,2403
High-income countries,OWID_HIC,1904,,3969,,,,,,,3969
High-income countries,OWID_HIC,1905,,22277,,,18,,,,22295
High-income countries,OWID_HIC,1906,,110482,0,,,0,,,110482
High-income countries,OWID_HIC,1907,,,,6000,,,,,6000
High-income countries,OWID_HIC,1908,,150000,,,0,,,,150000
High-income countries,OWID_HIC,1909,,3345,,0,,15000,,,18345
High-income countries,OWID_HIC,1910,,0,,0,0,0,,,0
High-income countries,OWID_HIC,1911,,1266,,,,0,200,,1466
High-income countries,OWID_HIC,1912,,,,,,2700,,,2700
High-income countries,OWID_HIC,1913,,0,,,,0,,,0
High-income countries,OWID_HIC,1914,,2589,0,,,,,,2589
High-income countries,OWID_HIC,1915,,0,,,22,0,,,22
High-income countries,OWID_HIC,1916,,2153,,0,,,,,2153
High-income countries,OWID_HIC,1917,,475,,,,0,,,475
High-income countries,OWID_HIC,1918,,0,,,,0,0,,0
High-income countries,OWID_HIC,1919,,,,,,0,,,0
High-income countries,OWID_HIC,1920,,0,,0,,1374,,,1374
High-income countries,OWID_HIC,1922,,417,,,,,11000,,11417
High-income countries,OWID_HIC,1923,,203733,,,0,0,,,203733
High-income countries,OWID_HIC,1924,,,,0,,0,,,0
High-income countries,OWID_HIC,1925,,9999,,0,,0,,,9999
High-income countries,OWID_HIC,1926,,,0,0,0,0,,,0
High-income countries,OWID_HIC,1927,,79540,,0,,620,,,80160
High-income countries,OWID_HIC,1928,,0,,6000,,0,,,6000
High-income countries,OWID_HIC,1929,,0,,,,0,,,0
High-income countries,OWID_HIC,1930,,37376,,16200,0,0,,,53576
High-income countries,OWID_HIC,1931,2497,11000,,,,,,,13497
High-income countries,OWID_HIC,1932,2497,22641,,,0,79820,,,104958
High-income countries,OWID_HIC,1933,2497,0,,,,1000,,,3497
High-income countries,OWID_HIC,1934,2497,0,,0,,15000,,,17497
High-income countries,OWID_HIC,1935,2497,257592,,,,0,,,260089
High-income countries,OWID_HIC,1936,2497,75,,0,0,0,,0,2572
High-income countries,OWID_HIC,1937,2497,,,1000800,,0,,,1003297
High-income countries,OWID_HIC,1938,2497,,,0,0,0,,,2497
High-income countries,OWID_HIC,1939,2497,59989,,,,0,3900,,66386
High-income countries,OWID_HIC,1940,2527,0,,15000,,0,,,17527
High-income countries,OWID_HIC,1941,,5304,,,,262,,,5566
High-income countries,OWID_HIC,1943,,23252,,0,,,,,23252
High-income countries,OWID_HIC,1944,,80573,14000,,,0,2100,,96673
High-income countries,OWID_HIC,1945,,22559,0,,,1882673,,,1905232
High-income countries,OWID_HIC,1946,,3884,,,,0,,,3884
High-income countries,OWID_HIC,1947,,35020,,0,,0,0,,35020
High-income countries,OWID_HIC,1948,,337375,0,0,0,419398,,,756773
High-income countries,OWID_HIC,1949,,173,,,,194046,0,,194219
High-income countries,OWID_HIC,1950,,,,107000,,642345,,,749345
High-income countries,OWID_HIC,1951,,12746,,1013934,0,126417,,0,1153097
High-income countries,OWID_HIC,1952,,1026,29,660,0,0,,,1715
High-income countries,OWID_HIC,1953,,143932,0,2191110,,1758107,,,4093149
High-income countries,OWID_HIC,1954,,200,,,5846,194965,,,201011
High-income countries,OWID_HIC,1955,,26582,,15000,2006,105000,,0,148588
High-income countries,OWID_HIC,1956,,170,,0,0,45293,0,,45463
High-income countries,OWID_HIC,1957,,,,281440,,111,,,281551
High-income countries,OWID_HIC,1958,,35,,6900,,0,,0,6935
High-income countries,OWID_HIC,1959,,63,,0,,2491742,,,2491805
High-income countries,OWID_HIC,1960,0,2003000,,7000,0,78713,,,2088713
High-income countries,OWID_HIC,1961,0,0,,1302384,0,1171,,,1303555
High-income countries,OWID_HIC,1962,,30000,,20000,,128977,,,178977
High-income countries,OWID_HIC,1963,,18,5200,,0,0,,0,5218
High-income countries,OWID_HIC,1964,,98861,2000,1000,0,87733,,,189594
High-income countries,OWID_HIC,1965,,50803,,3720959,22,33339,,,3805123
High-income countries,OWID_HIC,1966,0,29179,,1511520,0,18909,0,0,1559608
High-income countries,OWID_HIC,1967,1398084,17683,,39314,,4854,3100,,1463035
High-income countries,OWID_HIC,1968,1413291,70566,15671,3000,129,5162,1800,,1509619
High-income countries,OWID_HIC,1969,27137,80,,234276,,163897,0,,425390
High-income countries,OWID_HIC,1970,27137,,,1618638,98,200000,0,,1845873
High-income countries,OWID_HIC,1971,27137,2355193,,21600,1500,100511,,0,2505941
High-income countries,OWID_HIC,1972,27214,450,,1153811,1000,3158,,0,1185633
High-income countries,OWID_HIC,1973,0,3783,5200,30000,,13522,0,0,52505
High-income countries,OWID_HIC,1974,0,73,,46000,0,122390,,,168463
High-income countries,OWID_HIC,1975,0,1560,0,1003256,0,11540,,,1016356
High-income countries,OWID_HIC,1976,0,250228,70000,10450,0,327728,0,,658406
High-income countries,OWID_HIC,1977,0,386465,10000,153753,50,48077,0,0,598345
High-income countries,OWID_HIC,1978,0,605516,,29351,,14615,,,649482
High-income countries,OWID_HIC,1979,0,5000,24,77597,800,54250,,,137671
High-income countries,OWID_HIC,1980,0,429690,2500,225563,,42995,5000,0,705748
High-income countries,OWID_HIC,1981,40000,81156,,5450,0,98853,,,225459
High-income countries,OWID_HIC,1982,40000,8150,,278955,6915,205694,9018,200,548932
High-income countries,OWID_HIC,1983,156000,31364,5600,514064,32123,14742,11020,0,764913
High-income countries,OWID_HIC,1984,24078,9594,0,366591,4000,399890,200,,804353
High-income countries,OWID_HIC,1985,5922,1482275,,11216,0,1053102,530,0,2553045
High-income countries,OWID_HIC,1986,0,48585,13000,248948,134,45293,4050,0,360010
High-income countries,OWID_HIC,1987,,37083,,387064,6219,132032,130,7,562535
High-income countries,OWID_HIC,1988,0,25,2000,59738,2000,136336,,0,200099
High-income countries,OWID_HIC,1989,0,6187,,8811,0,123279,25000,0,163277
High-income countries,OWID_HIC,1990,375770,18236,,201941,0,179446,0,0,775393
High-income countries,OWID_HIC,1991,1124229,36615,80220,223803,82811,115472,300,0,1663450
High-income countries,OWID_HIC,1992,1316946,2003,40000,15736,1750,343774,2190,0,1722399
High-income countries,OWID_HIC,1993,3393323,23309,5280,243634,1823,847738,130,3000760,7515997
High-income countries,OWID_HIC,1994,3393323,36377,,845864,125,2889839,67413,1100184,8333125
High-income countries,OWID_HIC,1995,3396409,576595,70,148887,83,929513,8754,510278,5570589
High-income countries,OWID_HIC,1996,,3500,0,697621,1433,1420053,650,200,2123457
High-income countries,OWID_HIC,1997,203506,91215,200,773696,70,82941,4159,10000,1165787
High-income countries,OWID_HIC,1998,403694,2705,450,452640,4344,902954,150804,2386,1919977
High-income countries,OWID_HIC,1999,0,235337,,350466,10590,6612475,5525,725246,7939639
High-income countries,OWID_HIC,2000,0,52313,16400,809968,2213,245302,38096,1622,1165914
High-income countries,OWID_HIC,2001,0,11961,0,805363,,859059,2678,6294,1685355
High-income countries,OWID_HIC,2002,0,10209,,1529669,231,235108,10735,50062,1836014
High-income countries,OWID_HIC,2003,1000000,25014,0,56482,15,333160,184033,0,1598704
High-income countries,OWID_HIC,2004,0,68186,,120811,1200,5480085,19742,2413,5692437
High-income countries,OWID_HIC,2005,0,32075,,454710,0,1112991,3280,696,1603752
High-income countries,OWID_HIC,2006,0,16138,,324853,159,30699,2789,234,374872
High-income countries,OWID_HIC,2007,0,109897,,580266,,82994,656823,3139,1433119
High-income countries,OWID_HIC,2008,0,11964,8000,11507700,,2402698,55320,500,13986182
High-income countries,OWID_HIC,2009,0,228437,,93316,400,2333370,11449,2267,2669239
High-income countries,OWID_HIC,2010,0,2972284,0,267707,,610329,27218,15161,3892699
High-income countries,OWID_HIC,2011,0,686097,3500,285315,2026,417719,13985,47475,1456117
High-income countries,OWID_HIC,2012,0,50669,,247413,,149694,5255,9133,462164
High-income countries,OWID_HIC,2013,0,25694,,1545109,,2278291,3815,54000,3906909
High-income countries,OWID_HIC,2014,0,596319,69,199175,217,113232,13719,67000,989731
High-income countries,OWID_HIC,2015,7138,681499,26050,570127,,106184,33152,14867,1439017
High-income countries,OWID_HIC,2016,7062,480425,,125613,,85100453,158490,1100,85873143
High-income countries,OWID_HIC,2017,0,8561,,76116,342,1746321,92563,0,1923903
High-income countries,OWID_HIC,2018,14741,27280,2828,1807883,1366,1541893,261287,49000,3706278
High-income countries,OWID_HIC,2019,14741,2144,23,123599,150,768087,11628,23947,944319
High-income countries,OWID_HIC,2020,14741,234496,,307439,1192,155129,3145,0,716142
High-income countries,OWID_HIC,2021,14741,13550,6888,482566,3903,43979,81002,0,646629
High-income countries,OWID_HIC,2022,14741,893,,385343,235,421029,85640,14655,922536
High-income countries,OWID_HIC,2023,432739,6671,,1653905,0,692204,86300,25,2871844
High-income countries,OWID_HIC,2024,3671,171931,,1311796,,381659,90042,42334,2001433
High-income countries,OWID_HIC,2025,0,207,518948,428667,,93692,64790,,1106304
Honduras,HND,1931,,,,,,0,,,0
Honduras,HND,1934,,,,,,0,,,0
Honduras,HND,1961,,,,,,0,,,0
Honduras,HND,1965,100000,,,6000,,,,,106000
Honduras,HND,1969,,,,,,8002,,,8002
Honduras,HND,1971,,,,,,0,,,0
Honduras,HND,1972,150205,,,,,,,,150205
Honduras,HND,1973,149795,,,,0,,,,149795
Honduras,HND,1974,,,,,,600000,,,600000
Honduras,HND,1976,,,,15000,,,,,15000
Honduras,HND,1978,,,,,,7500,,,7500
Honduras,HND,1979,,,,40000,,,,,40000
Honduras,HND,1981,,,,0,,,,,0
Honduras,HND,1982,,500,,,,20000,,,20500
Honduras,HND,1984,,,,0,,,,,0
Honduras,HND,1986,,,,30000,,,,,30000
Honduras,HND,1988,,,,16125,,12,,,16137
Honduras,HND,1989,,,,,0,,,,0
Honduras,HND,1990,,,,48000,,,,,48000
Honduras,HND,1993,,,,82447,,,,,82447
Honduras,HND,1994,0,,,15500,,,,,15500
Honduras,HND,1995,,,,25000,,22,,,25022
Honduras,HND,1996,,,,75000,,0,,,75000
Honduras,HND,1997,0,,,,,,,,0
Honduras,HND,1998,0,,,,,2112000,,,2112000
Honduras,HND,1999,,,,503001,,,,,503001
Honduras,HND,2000,1125,,,,,,0,,1125
Honduras,HND,2001,28031,,,,,86321,,,114352
Honduras,HND,2002,275605,,,2689,,,,,278294
Honduras,HND,2003,55605,,,3105,,,,,58710
Honduras,HND,2004,193259,,,,,,,,193259
Honduras,HND,2005,,,,800,,103869,,,104669
Honduras,HND,2006,,,,1500,,,,,1500
Honduras,HND,2007,,1883,,15500,,19500,,,36883
Honduras,HND,2008,,,,313357,,0,,,313357
Honduras,HND,2009,5659,50136,,,,,,,55795
Honduras,HND,2010,33865,,,5010,,24675,,,63550
Honduras,HND,2011,5476,,,69798,,,,,75274
Honduras,HND,2012,125000,,,,,,,,125000
Honduras,HND,2014,1142351,,,23000,,,,,1165351
Honduras,HND,2015,880649,,,,,,,,880649
Honduras,HND,2016,,,,450000,,151,,,450151
Honduras,HND,2017,,,,48020,,120,,,48140
Honduras,HND,2018,253421,,,6948,,,,,260369
Honduras,HND,2019,106579,,,,,,,,106579
Honduras,HND,2020,,,,17700,,5145784,,,5163484
Honduras,HND,2021,,,,,,,2503,,2503
Honduras,HND,2022,,,,78457,,144000,,,222457
Honduras,HND,2023,10300,,,,,46658,,,56958
Honduras,HND,2024,,,,,,129216,,,129216
Honduras,HND,2025,,,,34073,,25000,,,59073
Hong Kong,HKG,1906,,,,,,0,,,0
Hong Kong,HKG,1923,,,,,,0,,,0
Hong Kong,HKG,1937,,,,,,0,,,0
Hong Kong,HKG,1947,,,,,,0,,,0
Hong Kong,HKG,1957,,,,,,111,,,111
Hong Kong,HKG,1959,,,,,,0,,,0
Hong Kong,HKG,1960,0,,,7000,,15127,,,22127
Hong Kong,HKG,1961,,,,135,,1171,,,1306
Hong Kong,HKG,1962,,,,,,72000,,,72000
Hong Kong,HKG,1964,,,,,,385,,,385
Hong Kong,HKG,1965,,,,,,203,,,203
Hong Kong,HKG,1966,0,,,11301,0,0,,,11301
Hong Kong,HKG,1967,,,,,,1503,,,1503
Hong Kong,HKG,1968,,,,,107,3004,0,,3111
Hong Kong,HKG,1969,,,,2000,,374,0,,2374
Hong Kong,HKG,1970,,,,1438,,,,,1438
Hong Kong,HKG,1971,,,,,,1486,,,1486
Hong Kong,HKG,1972,,,,22172,1000,,,,23172
Hong Kong,HKG,1973,,,,,,276,0,,276
Hong Kong,HKG,1974,,,,,,2400,,,2400
Hong Kong,HKG,1975,,,,3256,,1997,,,5253
Hong Kong,HKG,1976,0,,,200,,2492,,,2692
Hong Kong,HKG,1977,0,,,97,,108,,,205
Hong Kong,HKG,1978,,,,300,,2896,,,3196
Hong Kong,HKG,1979,0,,,,200,12590,,,12790
Hong Kong,HKG,1980,,,,,,368,,,368
Hong Kong,HKG,1981,0,,,,,,,,0
Hong Kong,HKG,1982,,,,184,2915,900,9000,,12999
Hong Kong,HKG,1983,0,,,612,,2562,,,3174
Hong Kong,HKG,1985,,,,366,,612,,,978
Hong Kong,HKG,1986,,,,,,41,,,41
Hong Kong,HKG,1987,,,,1000,,,,7,1007
Hong Kong,HKG,1988,,,,,,104,,,104
Hong Kong,HKG,1989,,,,1857,,1655,,,3512
Hong Kong,HKG,1991,,,,,,182,,,182
Hong Kong,HKG,1992,,,,1628,,440,,,2068
Hong Kong,HKG,1993,,,,,65,1569,,,1634
Hong Kong,HKG,1994,,,,4017,,,,,4017
Hong Kong,HKG,1997,,,,0,,255,,,255
Hong Kong,HKG,1999,,,,,,493,,,493
Hong Kong,HKG,2003,,,,,,3533,,,3533
Hong Kong,HKG,2008,,,,,,207,,,207
Hong Kong,HKG,2009,,,,,,350,,,350
Hong Kong,HKG,2010,,,,,,15000,,,15000
Hong Kong,HKG,2017,,,,,,156,,,156
Hong Kong,HKG,2018,,,,,,300,,,300
Hong Kong,HKG,2021,,,,,,175,,,175
Hong Kong,HKG,2023,,,,119,,86,,,205
Hong Kong,HKG,2025,,,,0,,1001,,,1001
Hungary,HUN,1970,,,,0,,,,,0
Hungary,HUN,1984,,,,,,0,,,0
Hungary,HUN,1986,0,,,,,,,,0
Hungary,HUN,1992,0,,,,,,,,0
Hungary,HUN,1996,,,,200,,,,,200
Hungary,HUN,1997,,,,0,,,,,0
Hungary,HUN,1999,,,,133495,,0,,,133495
Hungary,HUN,2000,,,,2000,,,,,2000
Hungary,HUN,2001,,,,10000,,,,0,10000
Hungary,HUN,2002,,,,1430,,,,,1430
Hungary,HUN,2003,0,,,,,,,,0
Hungary,HUN,2004,,,,393,,,,,393
Hungary,HUN,2005,,,,0,,0,,0,0
Hungary,HUN,2006,,,,32000,,300,,0,32300
Hungary,HUN,2007,,,,,,,,0,0
Hungary,HUN,2008,,,,,,,,500,500
Hungary,HUN,2010,,,,5000,,,,,5000
Hungary,HUN,2012,,,,,,,,0,0
Hungary,HUN,2013,,1800,,48565,,14000,,,64365
Hungary,HUN,2014,,,,6500,,,,,6500
Hungary,HUN,2016,,,,2282,,,,,2282
Hungary,HUN,2017,,,,,,1298,,,1298
Hungary,HUN,2018,,,,,,,,0,0
Hungary,HUN,2019,,,,,,150000,,0,150000
Hungary,HUN,2022,,,,,,,,0,0
Hungary,HUN,2023,,,,,,,,0,0
Hungary,HUN,2024,,,,,,,,0,0
Iceland,ISL,1973,,,5200,,,,,,5200
Iceland,ISL,1974,,,,,0,,,,0
Iceland,ISL,1976,,6,,,,,,,6
Iceland,ISL,1983,,,0,,0,,,,0
Iceland,ISL,1984,,,0,,,,,,0
Iceland,ISL,1988,,,,280,,,,,280
Iceland,ISL,1995,,,,,83,,,,83
Iceland,ISL,1996,,,0,,,,,,0
Iceland,ISL,2000,,199,,,,,,,199
Iceland,ISL,2010,,,0,,,,,,0
Iceland,ISL,2023,,3665,,,,,,0,3665
India,IND,1900,0,,,,,,,,0
India,IND,1905,,0,,,,,,,0
India,IND,1916,,,,,,0,,,0
India,IND,1924,,,,,,1000000,,,1000000
India,IND,1925,,,,,,0,,,0
India,IND,1926,,,,0,,,,,0
India,IND,1927,,,,,,40010,,,40010
India,IND,1928,,,,2000,,,,,2000
India,IND,1934,,0,,,,,,,0
India,IND,1935,,,,,,0,,,0
India,IND,1936,,,,,,0,,,0
India,IND,1942,0,,,,,0,,,0
India,IND,1943,,,,,,30000,,,30000
India,IND,1944,,,,,,0,,,0
India,IND,1945,,,,,,2000,,,2000
India,IND,1948,,,,,0,,,,0
India,IND,1949,,,,,,0,,,0
India,IND,1950,,0,,25000,,0,,,25000
India,IND,1952,,,,,,1000000,,,1000000
India,IND,1953,,,,0,,,,0,0
India,IND,1954,,,,,0,,,,0
India,IND,1955,,,,,,375000,,,375000
India,IND,1956,,219,,77000,0,1000000,,,1077219
India,IND,1957,,,,10000,,,,,10000
India,IND,1958,,,,5000,0,20000,,0,25000
India,IND,1959,,,,13000,,,,,13000
India,IND,1960,,,,160000,,,,,160000
India,IND,1961,,,,2000,,,,0,2000
India,IND,1962,,,,0,,40000,,,40000
India,IND,1963,,,,0,,5000000,,,5000000
India,IND,1964,666000,,,770610,,0,,,1436610
India,IND,1965,33333333,,,,,,,0,33333333
India,IND,1966,33333333,0,,900000,,150000,,,34383333
India,IND,1967,33333334,52272,,1000000,,0,,,34385606
India,IND,1968,,,,8500000,0,15000,,,8515000
India,IND,1969,,,,,,280092,,,280092
India,IND,1970,,200,,10351000,,2000,,,10353200
India,IND,1971,,,,165000,,6900000,,,7065000
India,IND,1972,100136798,,,,,4530075,,,104666873
India,IND,1973,99863202,,,,,,,0,99863202
India,IND,1974,,,,0,,25100,,,25100
India,IND,1975,,0,,34000000,,2000,,,34002000
India,IND,1976,,,,,,600000,,,600000
India,IND,1977,,,,1045000,,14479800,,,15524800
India,IND,1978,,,,32000000,0,3200,,0,32003200
India,IND,1979,10000000,,,28010000,5112,1605772,,0,39620884
India,IND,1980,,40,,32051023,0,0,,0,32051063
India,IND,1981,,,,16000000,,131700,,0,16131700
India,IND,1982,36960276,,,33500000,,5300493,,0,75760769
India,IND,1983,63039724,,,250000,0,1556800,,,64846524
India,IND,1984,,10900,,19000000,,1335000,0,0,20345900
India,IND,1985,,,,11327000,,105000,,0,11432000
India,IND,1986,,30,,395000,2500200,3300100,,,6195330
India,IND,1987,300000000,,,18300000,,80000,,0,318380000
India,IND,1988,,20003766,,22321000,0,1900000,,200,44224966
India,IND,1989,,,,2000,0,3700000,,0,3702000
India,IND,1990,,,,2000,0,4100000,,0,4102000
India,IND,1991,,54383,,8700000,,25000,,,8779383
India,IND,1992,,,,3071000,0,100,,0,3071100
India,IND,1993,1175000,30525,,128063000,25,72500,,,129341050
India,IND,1994,,,,12062600,,428600,,0,12491200
India,IND,1995,,,,32707000,1119535,12000,,0,33838535
India,IND,1996,0,,,7270010,0,9177100,,,16447110
India,IND,1997,,156500,,30259020,2030,0,,,30417550
India,IND,1998,,,,29652200,200156,4661393,,0,34513749
India,IND,1999,,477894,,27620000,,13870008,0,0,41967902
India,IND,2000,21484375,,,50386051,7038,30000,,0,71907464
India,IND,2001,28515625,6321812,,20610040,0,27000,,0,55474477
India,IND,2002,300000000,200,,42008250,,15250,,0,342023700
India,IND,2003,,,,7564545,0,531314,,0,8095859
India,IND,2004,,654512,,33206000,,,,0,33860512
India,IND,2005,,156622,,28281571,5020,68590,,0,28511803
India,IND,2006,,,,7234178,,150300,,0,7384478
India,IND,2007,,,,38143008,,0,,25,38143033
India,IND,2008,,,,13989018,0,50,,0,13989068
India,IND,2009,0,,,5986008,0,5109085,,25,11095118
India,IND,2010,,,,3772408,0,507080,,0,4279488
India,IND,2011,,575200,,12004069,,250050,,0,12829319
India,IND,2012,,,,4248360,0,70000,,0,4318360
India,IND,2013,,59350,,3419473,,13230004,,0,16708827
India,IND,2014,,,,5222500,200,931564,,0,6154264
India,IND,2015,164774281,570,,16413459,9000,135100,,0,181332410
India,IND,2016,165225719,10808,,3806000,5,0,0,0,169042532
India,IND,2017,,,,22271843,100,123252,,0,22395195
India,IND,2018,3301650,,,23307698,,853650,0,0,27462998
India,IND,2019,4898350,,,3070060,,20130000,,450,28098860
India,IND,2020,,,,1485002,155850,18007500,,,19648352
India,IND,2021,,3010,,1324585,13,2506203,,,3833811
India,IND,2022,,,,2101260,0,95000,,0,2196260
India,IND,2023,,,,10838405,807,4402113,,790,15242115
India,IND,2024,,,,12807193,3181,6019662,,25000,18855036
India,IND,2025,,,,1924784,3719,1839204,,,3767707
Indonesia,IDN,1913,,0,,,,,,,0
Indonesia,IDN,1914,,20,,,,,,,20
Indonesia,IDN,1917,,0,,,,,,,0
Indonesia,IDN,1919,,,0,,,,,,0
Indonesia,IDN,1924,,11250,,,,,,,11250
Indonesia,IDN,1927,,50,,,,,,,50
Indonesia,IDN,1928,,0,,,,,,,0
Indonesia,IDN,1930,,,0,,,,,,0
Indonesia,IDN,1931,,,0,,,,,,0
Indonesia,IDN,1932,,3440,,,,,,,3440
Indonesia,IDN,1936,,865,,,,,,,865
Indonesia,IDN,1938,,5630,,,,,,,5630
Indonesia,IDN,1943,,16096,,,,,,,16096
Indonesia,IDN,1950,,50,,,,,,,50
Indonesia,IDN,1951,,,0,,,,,,0
Indonesia,IDN,1953,,,,0,,,,,0
Indonesia,IDN,1954,,,0,,,,,,0
Indonesia,IDN,1955,,,,,0,,,,0
Indonesia,IDN,1956,,,,,,0,,,0
Indonesia,IDN,1958,,3361,,,,,,,3361
Indonesia,IDN,1963,,,78000,,,,,,78000
Indonesia,IDN,1965,,15000,,,,,,,15000
Indonesia,IDN,1966,204000,,47060,524100,,,,,775160
Indonesia,IDN,1967,,18511,,204000,,,,,222511
Indonesia,IDN,1968,,0,,150000,,,,,150000
Indonesia,IDN,1969,,6532,250000,,,,,,256532
Indonesia,IDN,1970,,,,0,,,,,0
Indonesia,IDN,1971,,6891,,,,,,,6891
Indonesia,IDN,1972,1752393,,,,,,,,1752393
Indonesia,IDN,1973,1747607,,,,,0,,,1747607
Indonesia,IDN,1974,,,,,,2000,,,2000
Indonesia,IDN,1976,,476755,0,20020,,0,,,496775
Indonesia,IDN,1977,,4000,,290000,,3060,,,297060
Indonesia,IDN,1978,17220,,,281600,,,,,298820
Indonesia,IDN,1979,,86395,28000,34850,6,,,,149251
Indonesia,IDN,1980,,20000,52235,2946,3010,800,,,78991
Indonesia,IDN,1981,,2682,5000,352000,6000,,,,365682
Indonesia,IDN,1982,0,23817,330000,39000,3000,123,,,395940
Indonesia,IDN,1983,,204,15935,417497,0,,,,433636
Indonesia,IDN,1984,2000,5372,28000,360200,,,,,395572
Indonesia,IDN,1985,,7,1078,4300,,10000,,,15385
Indonesia,IDN,1986,1000,,,127000,,,,,128000
Indonesia,IDN,1987,0,32101,13000,28884,701,,,,74686
Indonesia,IDN,1988,,,11570,100000,0,,,,111570
Indonesia,IDN,1989,,22893,3000,61500,11601,,,,98994
Indonesia,IDN,1990,,9311,10265,21000,,,,,40576
Indonesia,IDN,1991,,17191,7679,240000,0,,8,,264878
Indonesia,IDN,1992,,99604,,265553,37000,,,,402157
Indonesia,IDN,1993,,,3464,267553,,,,,271017
Indonesia,IDN,1994,,260663,4722,328771,,,3000000,,3594156
Indonesia,IDN,1995,,91932,,193014,,,,,284946
Indonesia,IDN,1996,,38638,,891657,4,,,,930299
Indonesia,IDN,1997,1065000,3105,3000,,,,32070,,1103175
Indonesia,IDN,1998,,6948,6000,100000,,,2000,,114948
Indonesia,IDN,1999,,16920,,16000,2,,0,,32922
Indonesia,IDN,2000,,270108,,475873,56749,,0,,802730
Indonesia,IDN,2001,,12512,,85294,23910,,,,121716
Indonesia,IDN,2002,,11845,5000,591970,5,,200,,609020
Indonesia,IDN,2003,15000,3249,,373613,231328,,,,623190
Indonesia,IDN,2004,,673731,43548,77815,5018,3715,,,803827
Indonesia,IDN,2005,,105997,26000,14931,10,,0,,146938
Indonesia,IDN,2006,,3215982,11000,528056,11313,,200,,3766551
Indonesia,IDN,2007,,619496,31912,746258,3990,,,,1401656
Indonesia,IDN,2008,,10702,600,466195,0,,,,477497
Indonesia,IDN,2009,,2850399,,36804,5,,,,2887208
Indonesia,IDN,2010,,16464,152200,56590,18,,,,225272
Indonesia,IDN,2011,,95,8373,19864,4,,,,28336
Indonesia,IDN,2012,,7990,,33320,215,10550,,,52075
Indonesia,IDN,2013,,59188,29727,591276,3,,,,680194
Indonesia,IDN,2014,,,115160,423227,3900,,,,542287
Indonesia,IDN,2015,0,12247,,67309,160,,409664,,489380
Indonesia,IDN,2016,,90600,,392009,0,,,,482609
Indonesia,IDN,2017,,8895,133349,339880,50677,2035,,,534836
Indonesia,IDN,2018,,2634369,97778,143464,50014,,,,2925625
Indonesia,IDN,2019,,285551,,553054,7503,,0,,846108
Indonesia,IDN,2020,,1560,20286,1263797,170,,,,1285813
Indonesia,IDN,2021,,113651,12321,919954,1661,509625,,,1557212
Indonesia,IDN,2022,,2251243,2742,347463,,,,,2601448
Indonesia,IDN,2023,18750000,7677,2180,177574,1338,990,,,18939759
Indonesia,IDN,2024,,150209,22158,110958,519201,,,,802526
Indonesia,IDN,2025,,908,2872,146229,591,3205037,,,3355637
Iran,IRN,1903,,0,,,,,,,0
Iran,IRN,1909,,0,,,,,,,0
Iran,IRN,1911,,0,,,,,,,0
Iran,IRN,1923,,0,,,,,,,0
Iran,IRN,1925,,0,,,,,,,0
Iran,IRN,1929,,1121,,,,,,,1121
Iran,IRN,1930,,0,,,,,,,0
Iran,IRN,1932,,0,,,,,,,0
Iran,IRN,1935,,0,,,,,,,0
Iran,IRN,1936,,0,,,,,,,0
Iran,IRN,1941,,0,,,,,,,0
Iran,IRN,1944,,0,,,,,,,0
Iran,IRN,1945,,0,,,,,,,0
Iran,IRN,1947,,0,,,,,,,0
Iran,IRN,1948,,6000,,,,,,,6000
Iran,IRN,1950,,0,,0,,,,,0
Iran,IRN,1951,,,,0,,,,,0
Iran,IRN,1953,,0,,0,,,,0,0
Iran,IRN,1954,,,,0,,,,,0
Iran,IRN,1956,,0,,0,,,,,0
Iran,IRN,1957,,15000,,0,,,,,15000
Iran,IRN,1958,,984,,,,,,,984
Iran,IRN,1960,,0,,,,,,,0
Iran,IRN,1961,,0,,,,,,,0
Iran,IRN,1962,,103000,,,,,,,103000
Iran,IRN,1964,625000,,,,,,,,625000
Iran,IRN,1965,,0,,,,,,,0
Iran,IRN,1966,,,,70,,,,,70
Iran,IRN,1968,,84150,,0,,,,,84150
Iran,IRN,1969,,48300,,0,,,,,48300
Iran,IRN,1970,,10000,,,100,,,,10100
Iran,IRN,1972,,23458,,,,0,,,23458
Iran,IRN,1975,,,,,,0,,,0
Iran,IRN,1976,,0,,,,,,,0
Iran,IRN,1977,,421406,,,,,,,421406
Iran,IRN,1978,,40052,,,,,,,40052
Iran,IRN,1979,,20278,,,,,,,20278
Iran,IRN,1980,,100,,950100,,,,,950200
Iran,IRN,1981,,34000,,100,,0,,,34100
Iran,IRN,1983,,7482,,,,,,,7482
Iran,IRN,1985,,7080,,,,,,,7080
Iran,IRN,1986,,1904,,40000,,,,,41904
Iran,IRN,1987,,50,,0,,,,,50
Iran,IRN,1988,,13030,,150000,,,,,163030
Iran,IRN,1989,,1717,,150000,,,,,151717
Iran,IRN,1990,,732400,,0,0,,,,732400
Iran,IRN,1991,,1501,,215014,,0,,,216515
Iran,IRN,1992,,4050,,35000,,3700,,,42750
Iran,IRN,1993,,5052,,498728,,0,,,503780
Iran,IRN,1994,,16641,,95000,,,,,111641
Iran,IRN,1995,,,,6261,,,,,6261
Iran,IRN,1996,,,,4000,,85,,,4085
Iran,IRN,1997,,223200,,1400,,,,,224600
Iran,IRN,1998,,9290,,56600,40,,,,65930
Iran,IRN,1999,10114314,7040,,25374,,,,,10146728
Iran,IRN,2000,13424453,3015,,400,,5500,,,13433368
Iran,IRN,2001,13461233,1000,,1205534,,,,,14667767
Iran,IRN,2002,,147156,,204500,,,0,,351656
Iran,IRN,2003,,297049,,1370,4,,,,298423
Iran,IRN,2004,,498,,4043,,2500,,,7041
Iran,IRN,2005,,116888,,4750,,8000,,,129638
Iran,IRN,2006,,168494,,2800,,,,,171294
Iran,IRN,2007,,,,0,,185009,,,185009
Iran,IRN,2008,,20715,,1480,,0,,,22195
Iran,IRN,2009,,269,,,,,,,269
Iran,IRN,2010,,4753,,,,,,,4753
Iran,IRN,2012,,67307,,1000,,,,,68307
Iran,IRN,2013,,5997,,,,,,,5997
Iran,IRN,2014,,12580,,440000,,,,,452580
Iran,IRN,2015,,,,26430,,,,,26430
Iran,IRN,2016,,,,,,2000,,,2000
Iran,IRN,2017,,211382,,2000,,,,,213382
Iran,IRN,2018,,19013,,7135,,,,,26148
Iran,IRN,2019,,25184,,10001202,,,,,10026386
Iran,IRN,2020,,15075,,228575,0,,,,243650
Iran,IRN,2021,2941611,297855,,1810,,2722,,,3243998
Iran,IRN,2022,1958389,34865,,164790,,,,,2158044
Iran,IRN,2023,,304321,,,,3467,,,307788
Iran,IRN,2024,,120,,304837,,,,,304957
Iran,IRN,2025,,,,42131,,1870,50000,,94001
Iraq,IRQ,1954,,,,0,,,,,0
Iraq,IRQ,1967,,,,260000,,,,,260000
Iraq,IRQ,1968,,,,150000,,,,,150000
Iraq,IRQ,1969,166666,,,,,,,,166666
Iraq,IRQ,1970,166666,,,,,,,,166666
Iraq,IRQ,1971,166668,,,,,,,,166668
Iraq,IRQ,1991,,500,,,,,,,500
Iraq,IRQ,1998,0,,,,,,,,0
Iraq,IRQ,1999,0,,,,,,,,0
Iraq,IRQ,2000,0,,,,,,,,0
Iraq,IRQ,2001,0,,,,,,,,0
Iraq,IRQ,2006,,,,59910,,,,,59910
Iraq,IRQ,2008,,,,600,,,,,600
Iraq,IRQ,2009,,,,3000,,,,,3000
Iraq,IRQ,2011,,,,2001,,,,,2001
Iraq,IRQ,2012,,,,0,,,,,0
Iraq,IRQ,2013,,,,0,,,,,0
Iraq,IRQ,2015,,,,65000,,,,,65000
Iraq,IRQ,2017,,5969,,,,,,,5969
Iraq,IRQ,2018,,,,25000,,,,,25000
Iraq,IRQ,2019,,,,5865,,,,,5865
Iraq,IRQ,2020,,,,1500,,,,,1500
Iraq,IRQ,2021,2625899,,,10703,,,,,2636602
Iraq,IRQ,2022,2625899,,,,,5000,,,2630899
Iraq,IRQ,2023,1748202,,,,,0,,,1748202
Iraq,IRQ,2024,,,,18017,,,,,18017
Iraq,IRQ,2025,,,,46249,,3301,,,49550
Ireland,IRL,1976,,,,,,0,,,0
Ireland,IRL,1983,,,,,,0,,,0
Ireland,IRL,1986,,,,,,1900,,,1900
Ireland,IRL,1987,,,,0,,,,,0
Ireland,IRL,1990,,,,,,0,,,0
Ireland,IRL,1991,,,,,,0,,,0
Ireland,IRL,1993,,,,3500,,,,,3500
Ireland,IRL,1996,,,,,,0,,,0
Ireland,IRL,1998,,,,,,0,,,0
Ireland,IRL,1999,,,,,,0,,,0
Ireland,IRL,2000,,,,,,2800,,,2800
Ireland,IRL,2002,,,,300,,,,,300
Ireland,IRL,2004,,,,,,200,,,200
Ireland,IRL,2005,,,,,,0,,,0
Ireland,IRL,2007,,,,,,0,,,0
Ireland,IRL,2009,,,,6800,,,,,6800
Ireland,IRL,2011,,,,600,,,,,600
Ireland,IRL,2014,,,,,,0,,,0
Ireland,IRL,2015,,,,,,0,,,0
Ireland,IRL,2017,,,,600,,,,,600
Ireland,IRL,2018,,,,,,0,,,0
Ireland,IRL,2020,,,,,,0,,,0
Ireland,IRL,2022,,,,,,0,,0,0
Ireland,IRL,2023,,,,,,,,0,0
Ireland,IRL,2024,,,,,,0,,0,0
Israel,ISR,1903,,0,,,,,,,0
Israel,ISR,1970,,,,,13,,,,13
Israel,ISR,1983,,,,,,,0,,0
Israel,ISR,1991,,,,,,0,,,0
Israel,ISR,1992,,,,,,,,0,0
Israel,ISR,1995,,,,,,,240,,240
Israel,ISR,1997,,,,0,,,,,0
Israel,ISR,1998,,,,1000,,,,,1000
Israel,ISR,1999,0,,,,,,,,0
Israel,ISR,2000,,,,,,410,,0,410
Israel,ISR,2010,,,,0,,,20022,,20022
Israel,ISR,2013,,,,,,2003000,,,2003000
Israel,ISR,2015,,,,,,200,,,200
Israel,ISR,2016,,,,,,,60137,,60137
Israel,ISR,2018,,,,0,,,,,0
Israel,ISR,2020,,,,0,,,21,,21
Israel,ISR,2025,,,,,,0,23,,23
Italy,ITA,1905,,22100,,,,,,,22100
Italy,ITA,1906,,,0,,,,,,0
Italy,ITA,1908,,150000,,,,,,,150000
Italy,ITA,1914,,669,,,,,,,669
Italy,ITA,1915,,0,,,,,,,0
Italy,ITA,1920,,0,,,,,,,0
Italy,ITA,1930,,10000,,,,,,,10000
Italy,ITA,1933,,0,,,,,,,0
Italy,ITA,1944,,,14000,,,,,,14000
Italy,ITA,1948,,,,,0,5245,,,5245
Italy,ITA,1951,,,,177400,,,,,177400
Italy,ITA,1953,,,,4000,,,,,4000
Italy,ITA,1954,,,,,5466,,,,5466
Italy,ITA,1960,,,,,0,,,,0
Italy,ITA,1962,,30000,,,,,,,30000
Italy,ITA,1963,,,,,0,,,,0
Italy,ITA,1965,,,,1500,,0,,,1500
Italy,ITA,1966,,,,1300000,,,,,1300000
Italy,ITA,1968,,55563,,3000,,,,,58563
Italy,ITA,1970,,,,1301650,,200,,,1301850
Italy,ITA,1971,,4220,,,,,,,4220
Italy,ITA,1972,,450,,,,,,,450
Italy,ITA,1973,,,,,,5000,,,5000
Italy,ITA,1975,,,,,0,,,,0
Italy,ITA,1976,,250222,,,,,,,250222
Italy,ITA,1977,,,,1000,,,,,1000
Italy,ITA,1978,,900,,,,19,,,919
Italy,ITA,1979,,5000,24,,,,,,5024
Italy,ITA,1980,,407700,,,,,,,407700
Italy,ITA,1981,,306,,,,,,,306
Italy,ITA,1982,,6000,,,4000,,,,10000
Italy,ITA,1983,,21130,,,7015,,20,,28165
Italy,ITA,1984,,9585,,,,,,,9585
Italy,ITA,1985,,,,30,,,,,30
Italy,ITA,1986,,,,0,,,,,0
Italy,ITA,1987,,,,0,6189,3000,,,9189
Italy,ITA,1990,,2716,,,,0,0,,2716
Italy,ITA,1991,,,7000,,,,,,7000
Italy,ITA,1992,,,,3530,,,,,3530
Italy,ITA,1993,,,,,,1500,,,1500
Italy,ITA,1994,,,,17300,,100,300,,17700
Italy,ITA,1996,,,,500,100,,,,600
Italy,ITA,1997,0,38100,,,,0,,,38100
Italy,ITA,1998,,905,,,3682,,,0,4587
Italy,ITA,1999,,,,,0,,0,,0
Italy,ITA,2000,,,,50322,,,,,50322
Italy,ITA,2001,,,0,,,,,,0
Italy,ITA,2002,0,9542,,10020,,,,,19562
Italy,ITA,2003,,232,,1350,,,,0,1582
Italy,ITA,2004,,,,,,200,,,200
Italy,ITA,2005,,,,,,,,0,0
Italy,ITA,2006,,,,,159,0,,0,159
Italy,ITA,2007,,,,,,,0,0,0
Italy,ITA,2008,,,,300,,,,,300
Italy,ITA,2009,,72000,,5140,,0,0,0,77140
Italy,ITA,2010,,,,300,,30805,,0,31105
Italy,ITA,2011,,,,0,,,,0,0
Italy,ITA,2012,0,25400,,20000,,,,0,45400
Italy,ITA,2013,,,,2700,,,,,2700
Italy,ITA,2014,,,,9691,,0,,,9691
Italy,ITA,2015,,,,550,,0,,,550
Italy,ITA,2016,,30173,,400,,,,,30573
Italy,ITA,2017,0,2653,,1000,,1000,,,4653
Italy,ITA,2018,,,328,23,,2200,,0,2551
Italy,ITA,2019,,,,1200,,542,,0,1742
Italy,ITA,2020,,,,960,182,10922,,,12064
Italy,ITA,2021,,,,0,,,11600,,11600
Italy,ITA,2022,0,,,33,235,65,,0,333
Italy,ITA,2023,0,,,46500,0,1310,,0,47810
Italy,ITA,2024,0,,,,,1003,,0,1003
Italy,ITA,2025,,,,250,,300,,,550
Jamaica,JAM,1900,,,,0,,,,,0
Jamaica,JAM,1903,,,,,,0,,,0
Jamaica,JAM,1907,,90000,,,,,,,90000
Jamaica,JAM,1909,,,,,0,,,,0
Jamaica,JAM,1912,,,,,,94820,,,94820
Jamaica,JAM,1917,,,,,,0,,,0
Jamaica,JAM,1923,,,,,,1300,,,1300
Jamaica,JAM,1933,,,,0,,0,,,0
Jamaica,JAM,1935,,,,,,0,,,0
Jamaica,JAM,1937,,,,0,0,,,,0
Jamaica,JAM,1940,,,,2000,,,,,2000
Jamaica,JAM,1944,,,,,,2000,,,2000
Jamaica,JAM,1951,,,,,,20200,,,20200
Jamaica,JAM,1963,,,,,,0,,,0
Jamaica,JAM,1968,100000,,,,,,,,100000
Jamaica,JAM,1973,,,,,,2510,,,2510
Jamaica,JAM,1974,,,,,,0,,,0
Jamaica,JAM,1979,,,,250000,,,,,250000
Jamaica,JAM,1980,,,,,,30009,,,30009
Jamaica,JAM,1985,,,,,,300,,,300
Jamaica,JAM,1986,,,,40000,,,,,40000
Jamaica,JAM,1987,,,,26000,,,,,26000
Jamaica,JAM,1988,,,,0,,810000,,,810000
Jamaica,JAM,1991,,,,551340,,,,,551340
Jamaica,JAM,1993,,,,4372,,,,,4372
Jamaica,JAM,1994,,,,,,0,,,0
Jamaica,JAM,1996,,,,,,800,,,800
Jamaica,JAM,2000,0,,,,,,,,0
Jamaica,JAM,2001,,,,,,200,,,200
Jamaica,JAM,2002,,,,25000,,1500,,,26500
Jamaica,JAM,2004,,,,,,350126,,,350126
Jamaica,JAM,2005,,,,,,10396,,,10396
Jamaica,JAM,2006,,,,5000,,,,,5000
Jamaica,JAM,2007,,,,,,33188,,,33188
Jamaica,JAM,2008,,,,,,4000,,,4000
Jamaica,JAM,2010,,,,,,2506,,,2506
Jamaica,JAM,2012,,,,,,215850,,,215850
Jamaica,JAM,2014,91545,,,,,,,,91545
Jamaica,JAM,2016,,,,,,125000,,,125000
Jamaica,JAM,2017,,,,,,5000,,,5000
Jamaica,JAM,2024,,,,,,160060,,,160060
Jamaica,JAM,2025,,,,,,1900340,,,1900340
Japan,JPN,1900,,,0,,,,,,0
Japan,JPN,1901,,24,,,,,,,24
Japan,JPN,1902,,,0,,,,,,0
Japan,JPN,1905,,177,,,,,,,177
Japan,JPN,1909,,2928,,,,,,,2928
Japan,JPN,1910,,,,0,,,,,0
Japan,JPN,1911,,1266,,,,,,,1266
Japan,JPN,1912,,,,,,0,,,0
Japan,JPN,1914,,1920,0,,,,,,1920
Japan,JPN,1917,,,,,,0,,,0
Japan,JPN,1922,,0,,,,,,,0
Japan,JPN,1923,,203733,,,0,0,,,203733
Japan,JPN,1925,,9999,,,,,,,9999
Japan,JPN,1926,,,0,,,,,,0
Japan,JPN,1927,,79540,,,,,,,79540
Japan,JPN,1930,,26122,,,,,,,26122
Japan,JPN,1933,,0,,,,,,,0
Japan,JPN,1934,,,,,,0,,,0
Japan,JPN,1938,,,,0,,,,,0
Japan,JPN,1939,,1489,,,,,,,1489
Japan,JPN,1943,,23217,,0,,,,,23217
Japan,JPN,1944,,80573,,,,,,,80573
Japan,JPN,1945,,22559,0,,,1881672,,,1904231
Japan,JPN,1946,,0,,,,,,,0
Japan,JPN,1947,,,,0,,0,,,0
Japan,JPN,1948,,326000,,,,414153,,,740153
Japan,JPN,1949,,,,,,194046,,,194046
Japan,JPN,1950,,,,0,,642117,,,642117
Japan,JPN,1951,,,,318534,,126417,,,444951
Japan,JPN,1952,,556,29,,,0,,,585
Japan,JPN,1953,,,,1886760,,1746819,,,3633579
Japan,JPN,1954,,,,,,160170,,,160170
Japan,JPN,1955,,,,,0,0,,,0
Japan,JPN,1956,,,,,0,0,,,0
Japan,JPN,1957,,,,258240,,0,,,258240
Japan,JPN,1958,,,,,,0,,,0
Japan,JPN,1959,,,,0,,1709616,,,1709616
Japan,JPN,1960,,0,,,,63586,,,63586
Japan,JPN,1961,,0,,1302249,,0,,,1302249
Japan,JPN,1962,,,,0,,0,,,0
Japan,JPN,1963,,,,,,0,,,0
Japan,JPN,1964,,35376,,0,0,0,,,35376
Japan,JPN,1965,,,,3000000,,30770,,,3030770
Japan,JPN,1966,,,,,,13885,,,13885
Japan,JPN,1967,,,,151,,3084,,,3235
Japan,JPN,1968,,2781,,,,0,,,2781
Japan,JPN,1969,,,,,,0,,,0
Japan,JPN,1971,,,,,,8568,,,8568
Japan,JPN,1972,,,,0,0,3158,,,3158
Japan,JPN,1973,,27,,,,0,,,27
Japan,JPN,1974,,73,,,0,50,,,123
Japan,JPN,1975,,,,,,8626,,,8626
Japan,JPN,1976,,,,0,,325107,,,325107
Japan,JPN,1977,0,,10000,0,,13045,,,23045
Japan,JPN,1978,,4516,,15000,,3100,,,22616
Japan,JPN,1979,,,,28050,,0,,,28050
Japan,JPN,1980,,73,,0,,17033,,,17106
Japan,JPN,1981,,,,,0,82600,,,82600
Japan,JPN,1982,,1100,,27347,,148252,,,176699
Japan,JPN,1983,,105,5600,,25088,78,,,30871
Japan,JPN,1984,,9,,,0,0,,,9
Japan,JPN,1985,,,,,,30200,,,30200
Japan,JPN,1986,,,13000,162000,0,2358,,,177358
Japan,JPN,1987,,22652,,,,65010,,,87662
Japan,JPN,1988,,,,0,,,,,0
Japan,JPN,1989,,,,0,0,0,,,0
Japan,JPN,1990,,,,588,,147778,,,148366
Japan,JPN,1991,,,10020,,,91128,,,101148
Japan,JPN,1992,,32,40000,,,434,,,40466
Japan,JPN,1993,,17877,4930,4800,70,30463,,,58140
Japan,JPN,1994,,1785,,,,127,,,1912
Japan,JPN,1995,,543187,,12000,,500,,,555687
Japan,JPN,1996,,,,,3,5738,,,5741
Japan,JPN,1997,,,,,15,67000,,,67015
Japan,JPN,1998,,,,24033,130,49864,,,74027
Japan,JPN,1999,,,,24139,,27338,,,51477
Japan,JPN,2000,,7232,16400,360110,,193041,,,576783
Japan,JPN,2001,,11261,,138,,9888,,,21287
Japan,JPN,2002,,,,,,100825,222,,101047
Japan,JPN,2003,,21267,,814,,2403,,,24484
Japan,JPN,2004,,62183,,28097,,331039,,300,421619
Japan,JPN,2005,,4430,,900,,272541,,,277871
Japan,JPN,2006,,,,10532,,13404,,,23936
Japan,JPN,2007,,55228,,10000,,40994,,3000,109222
Japan,JPN,2008,,918,,50003,,,,0,50921
Japan,JPN,2009,,25319,,,400,7119,,0,32838
Japan,JPN,2010,,,,0,,,,15000,15000
Japan,JPN,2011,,368952,,2000,,1663,,22000,394615
Japan,JPN,2012,,,,48135,,54153,,,102288
Japan,JPN,2013,,8438,,3633,,64957,,54000,131028
Japan,JPN,2014,,2657,69,,67,41282,,17000,61075
Japan,JPN,2015,,,,45046,,61033,,14867,120946
Japan,JPN,2016,,419725,,6000,,9703,,1100,436528
Japan,JPN,2017,,,,2944,,41855,,,44799
Japan,JPN,2018,,26995,,1500102,,26300,,49000,1602397
Japan,JPN,2019,,460,,1172,,512641,,23947,538220
Japan,JPN,2020,,,,250114,,60,,,250174
Japan,JPN,2021,,8503,,30300,900,394,,,40097
Japan,JPN,2022,,741,,11108,,15185,,14300,41334
Japan,JPN,2023,,2254,,4218,,4342,,,10814
Japan,JPN,2024,,169562,,13,,7579,,37000,214154
Japan,JPN,2025,,11,,2108,,6287,3054,,11460
Jordan,JOR,1927,,0,,,,,,,0
Jordan,JOR,1963,,,,0,,,,,0
Jordan,JOR,1965,,,,500,,,,,500
Jordan,JOR,1966,,,,5792,,,,,5792
Jordan,JOR,1987,,,,29,,,,,29
Jordan,JOR,1991,,,,18000,,0,,,18000
Jordan,JOR,1992,,,,,,,,0,0
Jordan,JOR,1997,,,,0,,,,,0
Jordan,JOR,1999,180000,,,,,,,,180000
Jordan,JOR,2000,150000,,,,,200,,12,150212
Jordan,JOR,2018,,,,64,,,,,64
Jordan,JOR,2023,,,,,,,,2000,2000
Kazakhstan,KAZ,1911,,0,,,,,,,0
Kazakhstan,KAZ,1993,,,,30000,,,,,30000
Kazakhstan,KAZ,1995,,,,,,0,,,0
Kazakhstan,KAZ,1997,,,,,,,8000,600000,608000
Kazakhstan,KAZ,2000,,,,2500,,,,,2500
Kazakhstan,KAZ,2001,,,,3668,,,,12,3680
Kazakhstan,KAZ,2003,,36626,,,,,,,36626
Kazakhstan,KAZ,2004,,,,,0,,,,0
Kazakhstan,KAZ,2005,,,,25000,,,,,25000
Kazakhstan,KAZ,2008,,,,13000,,,,,13000
Kazakhstan,KAZ,2010,,,,29200,,,,,29200
Kazakhstan,KAZ,2011,,,,16000,,,,,16000
Kazakhstan,KAZ,2012,,,,9400,,,,1555,10955
Kazakhstan,KAZ,2013,,,,,,,,3445,3445
Kazakhstan,KAZ,2014,,,,2709,,,,,2709
Kazakhstan,KAZ,2015,,,,12670,,,,,12670
Kazakhstan,KAZ,2017,,,,7000,,,,,7000
Kazakhstan,KAZ,2018,,,,400,,,,,400
Kazakhstan,KAZ,2020,,,,33000,,,,,33000
Kazakhstan,KAZ,2021,71000,,,,,,,,71000
Kazakhstan,KAZ,2023,,,,,,,300,,300
Kazakhstan,KAZ,2024,,67,,120000,,,,,120067
Kenya,KEN,1964,,,,15000,,,,,15000
Kenya,KEN,1965,260000,,,,,,,,260000
Kenya,KEN,1968,,,,0,,,,,0
Kenya,KEN,1971,150000,,,,,,,,150000
Kenya,KEN,1975,,,,16000,,,,,16000
Kenya,KEN,1977,,,,20000,,,,,20000
Kenya,KEN,1979,19972,,,,,,,,19972
Kenya,KEN,1980,20028,,,,,,,,20028
Kenya,KEN,1982,,,,3000,,,,,3000
Kenya,KEN,1984,600000,,,,,,,,600000
Kenya,KEN,1988,,,,,,0,,,0
Kenya,KEN,1990,,0,,0,,,,,0
Kenya,KEN,1991,1348153,,,,,,,,1348153
Kenya,KEN,1992,1351847,,,,,,,,1351847
Kenya,KEN,1994,547242,,,,,,,,547242
Kenya,KEN,1995,652758,,,,,,,,652758
Kenya,KEN,1996,,,,1000,,,,,1000
Kenya,KEN,1997,800000,,,900000,,,,,1700000
Kenya,KEN,1998,800000,,,200,,,,,800200
Kenya,KEN,1999,632653,,,,,,,,632653
Kenya,KEN,2000,7448979,,,,,,,,7448979
Kenya,KEN,2001,7448979,,,,,,,,7448979
Kenya,KEN,2002,7469389,,,175008,0,,,,7644397
Kenya,KEN,2003,,,,60300,,,,,60300
Kenya,KEN,2004,2300000,0,,12000,,,,,2312000
Kenya,KEN,2005,273989,,,36200,,,,,310189
Kenya,KEN,2006,3226011,,,783300,,,,,4009311
Kenya,KEN,2007,,,,42651,6,,,,42657
Kenya,KEN,2008,1273588,,,62438,20,,,,1336046
Kenya,KEN,2009,2526412,,,81390,,,,,2607802
Kenya,KEN,2010,,,,265974,0,,,,265974
Kenya,KEN,2011,6172435,,,100692,,,,,6273127
Kenya,KEN,2012,1877565,,,280670,,,,,2158235
Kenya,KEN,2013,,,,115800,,,,,115800
Kenya,KEN,2014,1131782,,,,,,,,1131782
Kenya,KEN,2015,468218,,,206250,,,,,674468
Kenya,KEN,2016,1192786,,,50049,,,,,1242835
Kenya,KEN,2017,2034426,,,25000,,,,,2059426
Kenya,KEN,2018,172788,,,211188,,,,,383976
Kenya,KEN,2019,2600000,,,233339,120,,,,2833459
Kenya,KEN,2020,183311,,,810655,,,,,993966
Kenya,KEN,2021,2158344,,,300000,,,,,2458344
Kenya,KEN,2022,2158345,,,,,,,,2158345
Kenya,KEN,2023,,,,283845,,,,,283845
Kenya,KEN,2024,,,,898996,,,,,898996
Kenya,KEN,2025,1075000,,,,6327,,,,1081327
Kiribati,KIR,1972,,,,,,700,,,700
Kiribati,KIR,1999,84000,,,,,,,,84000
Kiribati,KIR,2008,,,,85,,,,,85
Kiribati,KIR,2014,,,,220,,,,,220
Kiribati,KIR,2015,,,,,,1500,,,1500
Kuwait,KWT,1997,,,,200,,,,,200
Kuwait,KWT,2018,,,,0,,,,,0
Kyrgyzstan,KGZ,1992,,136806,,,,,,,136806
Kyrgyzstan,KGZ,1994,,,,,58500,,,,58500
Kyrgyzstan,KGZ,1997,,1230,,,,,,,1230
Kyrgyzstan,KGZ,1998,,,,7728,,,,,7728
Kyrgyzstan,KGZ,2000,,,,,,,,0,0
Kyrgyzstan,KGZ,2002,,,,,1002,,,,1002
Kyrgyzstan,KGZ,2003,,,,,211,,,,211
Kyrgyzstan,KGZ,2004,,,,,98,,,,98
Kyrgyzstan,KGZ,2005,,,,2050,,,,,2050
Kyrgyzstan,KGZ,2006,,12050,,,,9075,,,21125
Kyrgyzstan,KGZ,2007,,,,845,,,,,845
Kyrgyzstan,KGZ,2008,,4197,,,,,,,4197
Kyrgyzstan,KGZ,2009,2000000,,,,,,,,2000000
Kyrgyzstan,KGZ,2010,,,,,8350,,,,8350
Kyrgyzstan,KGZ,2011,,0,,,,,,,0
Kyrgyzstan,KGZ,2012,,,,11000,,,,50,11050
Kyrgyzstan,KGZ,2014,,,,,,0,,,0
Kyrgyzstan,KGZ,2015,,16780,,,,,,,16780
Kyrgyzstan,KGZ,2017,,5000,,,55,,,,5055
Kyrgyzstan,KGZ,2021,,,,,0,,,,0
Kyrgyzstan,KGZ,2022,,,,,,,,13850,13850
Kyrgyzstan,KGZ,2024,,,,107401,,,,,107401
Laos,LAO,1966,,,,72000,,,,,72000
Laos,LAO,1968,,,,9600,,,,,9600
Laos,LAO,1969,,,,0,,,,,0
Laos,LAO,1971,,,,115000,,,,,115000
Laos,LAO,1977,3500000,,,,,,,,3500000
Laos,LAO,1978,,,,459000,,,,,459000
Laos,LAO,1981,,,,0,,,,,0
Laos,LAO,1984,,,,2000,,,,,2000
Laos,LAO,1987,0,,,,,,,,0
Laos,LAO,1988,730000,,,,,,,,730000
Laos,LAO,1991,,,,332000,,38315,,,370315
Laos,LAO,1992,,,,150,,268877,,,269027
Laos,LAO,1993,,,,,,120,,,120
Laos,LAO,1994,,,,190000,,,,,190000
Laos,LAO,1995,,,,591400,,1000000,,,1591400
Laos,LAO,1996,,,,420000,,,,,420000
Laos,LAO,1999,20000,,,,,,,,20000
Laos,LAO,2000,,,,450000,,,,,450000
Laos,LAO,2001,,,,453000,,,,,453000
Laos,LAO,2002,,,,150000,,,,,150000
Laos,LAO,2008,,,,204190,,,,,204190
Laos,LAO,2009,,,,0,,128887,,,128887
Laos,LAO,2011,,,,467000,,,,,467000
Laos,LAO,2013,,,,574253,,,,,574253
Laos,LAO,2014,,,,750,,,,,750
Laos,LAO,2015,,,,47940,,,,,47940
Laos,LAO,2016,,,,26328,,,,,26328
Laos,LAO,2017,,,,,,0,,,0
Laos,LAO,2018,,,,13100,,735145,,,748245
Laos,LAO,2019,0,,,507500,,,,,507500
Laos,LAO,2020,,,,,,70764,,,70764
Laos,LAO,2021,,0,,,,26000,,,26000
Laos,LAO,2022,,,,42552,,,,,42552
Laos,LAO,2023,,,,110129,,,,,110129
Laos,LAO,2024,,,,185843,,126446,,0,312289
Laos,LAO,2025,,,,172010,,10124,,,182134
Latvia,LVA,1999,,,,,,0,,,0
Latvia,LVA,2001,,,,,,,,0,0
Latvia,LVA,2003,,,,,,,,0,0
Latvia,LVA,2005,,,,,,0,,,0
Latvia,LVA,2006,,,,,,,,0,0
Latvia,LVA,2012,,,,,,,,0,0
Latvia,LVA,2013,,,,,,0,,,0
Latvia,LVA,2018,,,,,,,0,,0
Latvia,LVA,2022,,,,,,,,0,0
Latvia,LVA,2023,,,,200,,,,0,200
Latvia,LVA,2024,,,,,,,,0,0
Lebanon,LBN,1955,,,,0,,,,,0
Lebanon,LBN,1956,,200,,,,,,,200
Lebanon,LBN,1983,,,,,0,,,,0
Lebanon,LBN,1987,,,,1500,,,,,1500
Lebanon,LBN,1992,,,,,,104075,,,104075
Lebanon,LBN,2002,,,,,,500,,,500
Lebanon,LBN,2003,,,,17000,,,,,17000
Lebanon,LBN,2007,,,,,,,15,,15
Lebanon,LBN,2015,,,,,,1001692,,,1001692
Lebanon,LBN,2018,,,,,,0,,,0
Lebanon,LBN,2019,,,,,,11009,,,11009
Lebanon,LBN,2020,,,,,,,0,,0
Lebanon,LBN,2023,,,,,,,,1024200,1024200
Lebanon,LBN,2024,,,,,,,,2975000,2975000
Lebanon,LBN,2025,,,,,,0,,,0
Lesotho,LSO,1968,204000,,,,,,,,204000
Lesotho,LSO,1983,238571,,,,,,,,238571
Lesotho,LSO,1984,261429,,,,,,,,261429
Lesotho,LSO,1985,,,,80000,,,,,80000
Lesotho,LSO,1987,,,,100000,,,,,100000
Lesotho,LSO,1989,,,,,,0,,,0
Lesotho,LSO,1990,,,,0,,,,,0
Lesotho,LSO,1992,75149,,,,,,,,75149
Lesotho,LSO,1993,128175,,,,,,,,128175
Lesotho,LSO,1994,128176,,,,,,,,128176
Lesotho,LSO,1996,,,,,,200,,,200
Lesotho,LSO,2001,,,,,,2001,,,2001
Lesotho,LSO,2002,214843,,,,,,,,214843
Lesotho,LSO,2003,285157,,,,,,,,285157
Lesotho,LSO,2007,158909,,,,,,,,158909
Lesotho,LSO,2008,316091,,,,,4500,,,320591
Lesotho,LSO,2011,66937,,,5000,,,,,71937
Lesotho,LSO,2012,658578,,,,,,,,658578
Lesotho,LSO,2014,,,,,,2600,,,2600
Lesotho,LSO,2016,648948,,,,,,,,648948
Lesotho,LSO,2017,60052,,,,,,,,60052
Lesotho,LSO,2019,433000,,,,,,,,433000
Lesotho,LSO,2020,109685,,,,,,,,109685
Lesotho,LSO,2021,328157,,,,,2550,,,330707
Lesotho,LSO,2022,328158,,,,,,,,328158
Lesotho,LSO,2023,28439,,,,,968,,,29407
Lesotho,LSO,2024,334846,,,,,,,,334846
Lesotho,LSO,2025,335764,,,,,,,,335764
Liberia,LBR,1982,,,,,200,,,,200
Liberia,LBR,1983,0,,,,,,,,0
Liberia,LBR,1990,,,,,,,,1000000,1000000
Liberia,LBR,1995,,,,,,2000,,,2000
Liberia,LBR,1998,,,,5000,,,,,5000
Liberia,LBR,2007,,,,17000,,3500,,,20500
Liberia,LBR,2008,,,,340,,,,,340
Liberia,LBR,2009,,,,584,,,,,584
Liberia,LBR,2010,,,,15486,,,,,15486
Liberia,LBR,2016,,,,15431,,,,,15431
Liberia,LBR,2023,,,,15200,,,,,15200
Liberia,LBR,2024,,,,51000,,,,,51000
Libya,LBY,1963,,5375,,,,,,,5375
Libya,LBY,1995,,,,0,,,,,0
Libya,LBY,2013,,,,2000,,,,,2000
Libya,LBY,2019,,,,20030,,,,,20030
Libya,LBY,2023,,,,,,1600000,,,1600000
Libya,LBY,2024,,,,3335,,,,,3335
Liechtenstein,LIE,2023,,,,,,,,0,0
Lithuania,LTU,1992,0,,,,,,,,0
Lithuania,LTU,1993,,,,,,780000,,,780000
Lithuania,LTU,1999,,,,,,0,,0,0
Lithuania,LTU,2001,,,,,,,,0,0
Lithuania,LTU,2005,,,,0,,0,,,0
Lithuania,LTU,2006,0,,,,,,,,0
Lithuania,LTU,2010,,,,0,,,,0,0
Lithuania,LTU,2012,,,,,,,,0,0
Lithuania,LTU,2018,0,,,,,,,0,0
Lithuania,LTU,2022,,,,,,,,0,0
Lithuania,LTU,2023,,,,,,,,0,0
Lithuania,LTU,2024,,,,,,,,0,0
Low-income countries,OWID_LIC,1903,0,,,,,,,,0
Low-income countries,OWID_LIC,1906,0,,,,,,,,0
Low-income countries,OWID_LIC,1907,0,,,,,,,,0
Low-income countries,OWID_LIC,1910,6396,,,,,,,,6396
Low-income countries,OWID_LIC,1911,6396,,,,,,,,6396
Low-income countries,OWID_LIC,1912,6396,,,,,,,,6396
Low-income countries,OWID_LIC,1913,6396,,,,,,,,6396
Low-income countries,OWID_LIC,1914,6416,,,,,,,,6416
Low-income countries,OWID_LIC,1940,0,,,,,,,,0
Low-income countries,OWID_LIC,1941,0,,,,,,,,0
Low-income countries,OWID_LIC,1942,0,,,,,,,,0
Low-income countries,OWID_LIC,1943,0,,,,,,,,0
Low-income countries,OWID_LIC,1944,0,,,,,,,,0
Low-income countries,OWID_LIC,1954,,0,,,,,,,0
Low-income countries,OWID_LIC,1956,,2000,,0,,0,,,2000
Low-income countries,OWID_LIC,1961,,0,,0,,,,,0
Low-income countries,OWID_LIC,1963,,,,0,,,,,0
Low-income countries,OWID_LIC,1964,700000,,,,,,,,700000
Low-income countries,OWID_LIC,1965,1500000,,,,,,,,1500000
Low-income countries,OWID_LIC,1966,0,9110,,,,,,,9110
Low-income countries,OWID_LIC,1967,25000,,,91200,,,,,116200
Low-income countries,OWID_LIC,1968,180000,,,16000,768,75000,,,271768
Low-income countries,OWID_LIC,1969,1911232,585,,2300,,43040,,,1957157
Low-income countries,OWID_LIC,1970,241530,,,,,10000,,,251530
Low-income countries,OWID_LIC,1971,271513,,,500000,0,,,,771513
Low-income countries,OWID_LIC,1972,271513,15,,250000,,2510056,,,3031584
Low-income countries,OWID_LIC,1973,321593,,,13000,,,5000,,339593
Low-income countries,OWID_LIC,1974,870529,,,2121000,,,,,2991529
Low-income countries,OWID_LIC,1975,971828,,,220000,,20050,,,1211878
Low-income countries,OWID_LIC,1976,1648514,90000,,150000,,508876,,,2397390
Low-income countries,OWID_LIC,1977,1756716,,60000,496900,,30151,,,2343767
Low-income countries,OWID_LIC,1978,1160032,,,572684,,123000,,,1855716
Low-income countries,OWID_LIC,1979,1998631,,,20000,,,,,2018631
Low-income countries,OWID_LIC,1980,2438649,,,30000,,,,,2468649
Low-income countries,OWID_LIC,1981,4720036,,,550000,,119850,,,5389886
Low-income countries,OWID_LIC,1982,4023750,38000,,6000,200,70000,,,4137950
Low-income countries,OWID_LIC,1983,7924501,34503,,132000,,13560,,,8104564
Low-income countries,OWID_LIC,1984,10930772,35,,1500,,450215,,,11382522
Low-income countries,OWID_LIC,1985,5583661,,,529072,,0,,,6112733
Low-income countries,OWID_LIC,1986,,,,28223,,84309,,,112532
Low-income countries,OWID_LIC,1987,11718506,,,50071,0,3703,,,11772280
Low-income countries,OWID_LIC,1988,2672750,2000,,2900740,,5200,,,5580690
Low-income countries,OWID_LIC,1989,571523,50100,,168235,148,55346,,,845352
Low-income countries,OWID_LIC,1990,8251705,8000,,377500,,,,1000000,9637205
Low-income countries,OWID_LIC,1991,6824791,47039,,319414,0,250000,,200,7441444
Low-income countries,OWID_LIC,1992,10471279,311,,4000,,,,,10475590
Low-income countries,OWID_LIC,1993,5001928,15,,58300,1000,19897,,,5081140
Low-income countries,OWID_LIC,1994,3105320,150330,,177521,29,3042051,,,6475251
Low-income countries,OWID_LIC,1995,1870867,,,6395775,174,2000,85,,8268901
Low-income countries,OWID_LIC,1996,236107,3250,,3980065,,300000,,,4519422
Low-income countries,OWID_LIC,1997,1421433,0,,2435778,0,600000,,,4457211
Low-income countries,OWID_LIC,1998,88548,149753,,1105546,2500,,1500,,1347847
Low-income countries,OWID_LIC,1999,1877780,91960,,920061,,30813,0,,2920614
Low-income countries,OWID_LIC,2000,8238481,,,4928159,165,1744793,5,,14911603
Low-income countries,OWID_LIC,2001,6123350,270,,1804999,3366,3172,,200000,8135157
Low-income countries,OWID_LIC,2002,7781379,102534,110400,619447,423,540871,750,,9155804
Low-income countries,OWID_LIC,2003,7402620,1001,,1060039,,216352,,,8680012
Low-income countries,OWID_LIC,2004,6992456,106243,,266420,,1054246,,,8419365
Low-income countries,OWID_LIC,2005,8060450,2006,9000,585475,11,36038,,0,8692980
Low-income countries,OWID_LIC,2006,10173678,2411,,1393448,302000,83087,,,11954624
Low-income countries,OWID_LIC,2007,1247134,,2015,3767553,,390575,,,5407277
Low-income countries,OWID_LIC,2008,8455459,17998,,510970,,753487,3023,170684,9911621
Low-income countries,OWID_LIC,2009,16920784,24045,,502818,32,153224,125,,17601028
Low-income countries,OWID_LIC,2010,13866378,1070,,1282054,20034,233632,2770,,15405938
Low-income countries,OWID_LIC,2011,12496453,,,380736,,123677,,,13000866
Low-income countries,OWID_LIC,2012,18701513,3548,,1714196,3478,499953,,68,20922756
Low-income countries,OWID_LIC,2013,1684592,3531,,2775659,1000,196003,2257,,4663042
Low-income countries,OWID_LIC,2014,4087161,,,757555,0,1736,,,4846452
Low-income countries,OWID_LIC,2015,24324992,93522,,2312734,36707,344918,57003,0,27169876
Low-income countries,OWID_LIC,2016,20961214,590,,1755526,31050,1700,,,22750080
Low-income countries,OWID_LIC,2017,10921585,,,389393,13099,1203653,,,12527730
Low-income countries,OWID_LIC,2018,8253203,,,1733252,333,525748,,13768,10526304
Low-income countries,OWID_LIC,2019,17476797,,,4272682,141491,7268088,12,,29159070
Low-income countries,OWID_LIC,2020,16504260,,,6223060,260,144381,140079,,23012040
Low-income countries,OWID_LIC,2021,21801176,,301769,2516132,0,571401,,,25190478
Low-income countries,OWID_LIC,2022,92554713,368627,,4268396,1196,2682396,30000,,99905328
Low-income countries,OWID_LIC,2023,7536313,8292829,,5957279,0,3897136,50005,0,25733562
Low-income countries,OWID_LIC,2024,4743106,,,10093353,46924,845715,15000,327422,16071520
Low-income countries,OWID_LIC,2025,26474425,2859833,,2465816,235,1602667,59180,,33462156
Lower-middle-income countries,OWID_LMC,1900,0,,,,,,,,0
Lower-middle-income countries,OWID_LMC,1902,,,,,,0,,,0
Lower-middle-income countries,OWID_LMC,1903,,,0,,,,,,0
Lower-middle-income countries,OWID_LMC,1904,,,,,,0,,,0
Lower-middle-income countries,OWID_LMC,1905,,0,,,,,,,0
Lower-middle-income countries,OWID_LMC,1909,,0,,,,0,,,0
Lower-middle-income countries,OWID_LMC,1910,0,,,,,,,,0
Lower-middle-income countries,OWID_LMC,1911,0,,,,,0,,,0
Lower-middle-income countries,OWID_LMC,1912,0,,,,,,,,0
Lower-middle-income countries,OWID_LMC,1913,0,,,,,,,,0
Lower-middle-income countries,OWID_LMC,1914,0,,,,,,,,0
Lower-middle-income countries,OWID_LMC,1915,,,,,,0,,,0
Lower-middle-income countries,OWID_LMC,1916,,,,,,0,,,0
Lower-middle-income countries,OWID_LMC,1919,,,,,,0,,,0
Lower-middle-income countries,OWID_LMC,1922,,,,,,0,,,0
Lower-middle-income countries,OWID_LMC,1923,,,,,,25000,,,25000
Lower-middle-income countries,OWID_LMC,1924,,,,,,1000000,,,1000000
Lower-middle-income countries,OWID_LMC,1925,,,,,,0,,,0
Lower-middle-income countries,OWID_LMC,1926,,0,,0,,40000,,,40000
Lower-middle-income countries,OWID_LMC,1927,,,,,,40010,,,40010
Lower-middle-income countries,OWID_LMC,1928,,,,2000,,,,,2000
Lower-middle-income countries,OWID_LMC,1930,,0,,,,,,,0
Lower-middle-income countries,OWID_LMC,1931,,0,,,,0,,,0
Lower-middle-income countries,OWID_LMC,1933,,,,,,0,,,0
Lower-middle-income countries,OWID_LMC,1934,,0,,,,0,,,0
Lower-middle-income countries,OWID_LMC,1935,,25000,,,,0,,,25000
Lower-middle-income countries,OWID_LMC,1936,,,,,,150000,,,150000
Lower-middle-income countries,OWID_LMC,1937,,,7500,,,0,,,7500
Lower-middle-income countries,OWID_LMC,1939,,7630,,,,0,,,7630
Lower-middle-income countries,OWID_LMC,1940,0,,,,,0,,,0
Lower-middle-income countries,OWID_LMC,1941,0,0,,,,0,,,0
Lower-middle-income countries,OWID_LMC,1942,0,,,,,0,,,0
Lower-middle-income countries,OWID_LMC,1943,0,,,,,30000,,,30000
Lower-middle-income countries,OWID_LMC,1944,0,,,,,10000,,,10000
Lower-middle-income countries,OWID_LMC,1945,,0,,,,2000,,,2000
Lower-middle-income countries,OWID_LMC,1947,0,,,,,0,,,0
Lower-middle-income countries,OWID_LMC,1948,,,,,0,,,,0
Lower-middle-income countries,OWID_LMC,1949,,,,,,0,,,0
Lower-middle-income countries,OWID_LMC,1950,,0,,25000,,0,,,25000
Lower-middle-income countries,OWID_LMC,1951,,0,0,0,,0,,,0
Lower-middle-income countries,OWID_LMC,1952,,0,,,,1000000,,,1000000
Lower-middle-income countries,OWID_LMC,1953,,,,0,,,,0,0
Lower-middle-income countries,OWID_LMC,1954,,,,0,0,250000,,,250000
Lower-middle-income countries,OWID_LMC,1955,,28,,0,,375000,,,375028
Lower-middle-income countries,OWID_LMC,1956,,419,,77000,0,1000000,,,1077419
Lower-middle-income countries,OWID_LMC,1957,,0,3200,10000,,,,,13200
Lower-middle-income countries,OWID_LMC,1958,,,,5000,0,20000,,0,25000
Lower-middle-income countries,OWID_LMC,1959,,,,13000,0,0,,,13000
Lower-middle-income countries,OWID_LMC,1960,,0,2000,160000,,200000,,,362000
Lower-middle-income countries,OWID_LMC,1961,,,,2000,,15,,0,2015
Lower-middle-income countries,OWID_LMC,1962,,,,0,0,40000,,,40000
Lower-middle-income countries,OWID_LMC,1963,,,,35010,0,6000200,,,6035210
Lower-middle-income countries,OWID_LMC,1964,666000,500,,1894937,,480800,,,3042237
Lower-middle-income countries,OWID_LMC,1965,33739333,,,54313,,16160000,,0,49953646
Lower-middle-income countries,OWID_LMC,1966,33333333,20100,,1480100,,2018896,,,36852429
Lower-middle-income countries,OWID_LMC,1967,33386817,133808,,1173000,668,157719,,,34852012
Lower-middle-income countries,OWID_LMC,1968,414217,2000,,24509976,0,121338,,,25047531
Lower-middle-income countries,OWID_LMC,1969,385562,551,,271269,,487567,,,1144949
Lower-middle-income countries,OWID_LMC,1970,385562,4220,,20637444,0,3650110,,,24677336
Lower-middle-income countries,OWID_LMC,1971,1234562,,9600,280000,0,6904650,,,8428812
Lower-middle-income countries,OWID_LMC,1972,101151989,725000,,40000,0,4555775,,,106472764
Lower-middle-income countries,OWID_LMC,1973,100876674,,,4844240,0,50000,,0,105770914
Lower-middle-income countries,OWID_LMC,1974,921292,50200,,39486000,,625100,,,41082592
Lower-middle-income countries,OWID_LMC,1975,415359,0,,34028000,75000,2000,,0,34520359
Lower-middle-income countries,OWID_LMC,1976,710971,,,9789000,0,600200,,,11100171
Lower-middle-income countries,OWID_LMC,1977,6567929,1001,25000,2522650,,14490400,,,23606980
Lower-middle-income countries,OWID_LMC,1978,1877819,,,35456648,0,142800,7200,0,37484467
Lower-middle-income countries,OWID_LMC,1979,12248609,,,28256242,5112,1628032,30000,0,42167995
Lower-middle-income countries,OWID_LMC,1980,2594769,240826,,42192223,0,1166073,,0,46193891
Lower-middle-income countries,OWID_LMC,1981,423954,2237,,16117000,4000,2169300,48588,0,18765079
Lower-middle-income countries,OWID_LMC,1982,37572076,500,,34501000,12216,5438493,,0,77524285
Lower-middle-income countries,OWID_LMC,1983,89820114,41436,25000,7742350,100,1592202,,,99221202
Lower-middle-income countries,OWID_LMC,1984,10820356,10912,0,49010000,,1967500,0,0,61808768
Lower-middle-income countries,OWID_LMC,1985,8540852,12038,,12475932,,2089450,1500,0,23119772
Lower-middle-income countries,OWID_LMC,1986,,2780,10437,1287360,2500200,6173450,,,9974227
Lower-middle-income countries,OWID_LMC,1987,300000000,4000,,48481439,17000,178011,,0,348680450
Lower-middle-income countries,OWID_LMC,1988,760000,20305382,,68748006,5500,13711050,,200,103530138
Lower-middle-income countries,OWID_LMC,1989,5874674,2100,,1570486,1060,3804000,,0,11252320
Lower-middle-income countries,OWID_LMC,1990,859365,292,,2485379,0,4158570,,0,7503606
Lower-middle-income countries,OWID_LMC,1991,4205082,259337,200,15282866,5000,15502929,0,250,35255664
Lower-middle-income countries,OWID_LMC,1992,5304200,287934,300075,16190393,1200,384512,50000,0,22518314
Lower-middle-income countries,OWID_LMC,1993,2849306,51010,,145003512,76196,1210085,,,149190109
Lower-middle-income countries,OWID_LMC,1994,3032317,0,152002,14486027,224018,2807099,,0,20701463
Lower-middle-income countries,OWID_LMC,1995,5041306,69,12000,51013126,1120069,3401452,,0,60588022
Lower-middle-income countries,OWID_LMC,1996,2719206,,1829,16787238,8,9306849,,0,28815130
Lower-middle-income countries,OWID_LMC,1997,1872241,172213,,33316984,2030,3810962,8000,0,39182430
Lower-middle-income countries,OWID_LMC,1998,1900182,28766,,47154073,203179,7886294,,34000,57206494
Lower-middle-income countries,OWID_LMC,1999,1509487,507194,8705,30749440,0,14605399,10300,0,47390525
Lower-middle-income countries,OWID_LMC,2000,31626012,20268,,57703864,7338,180109,0,25452,89563043
Lower-middle-income countries,OWID_LMC,2001,41666168,7237005,4500,25356100,21346,171068,,2000,74458187
Lower-middle-income countries,OWID_LMC,2002,312256477,166420,13000,45757853,267041,130907,16000,17932,358625630
Lower-middle-income countries,OWID_LMC,2003,4395411,2525,,10036899,8114,535151,,32362,15010462
Lower-middle-income countries,OWID_LMC,2004,4365776,697005,9600,72051162,5867,422274,777,130,77552591
Lower-middle-income countries,OWID_LMC,2005,2241085,5290131,304000,37190091,6989,259586,3000,700,45295582
Lower-middle-income countries,OWID_LMC,2006,7171581,27477,3299,8544885,104033,267895,,600,16119770
Lower-middle-income countries,OWID_LMC,2007,1452119,11270,,55751850,11,11114213,1515,100025,68431003
Lower-middle-income countries,OWID_LMC,2008,3346243,79517,1847,16741782,767,2703558,,2000000,24873714
Lower-middle-income countries,OWID_LMC,2009,5505547,50148,7553,8976502,11357,9391915,,17733,23960755
Lower-middle-income countries,OWID_LMC,2010,864783,3708966,,28476092,239135,1131941,300,33774,34454991
Lower-middle-income countries,OWID_LMC,2011,7963642,785528,,22349860,4000,285227,,114500,31502757
Lower-middle-income countries,OWID_LMC,2012,5829343,4017,,22735668,0,479536,,45883,29094447
Lower-middle-income countries,OWID_LMC,2013,3580601,263653,,8002100,29,14812282,2759,69157,26730581
Lower-middle-income countries,OWID_LMC,2014,4725374,22281,1380,12485297,12076,1098546,,0,18344954
Lower-middle-income countries,OWID_LMC,2015,170971990,6172354,,21784612,11731,4085278,,80066,203106031
Lower-middle-income countries,OWID_LMC,2016,175038701,161698,,7408035,20,3450434,0,750000,186808888
Lower-middle-income countries,OWID_LMC,2017,10069245,5000,11000,33432510,87955,3727948,2000,1650000,48985658
Lower-middle-income countries,OWID_LMC,2018,6405787,583636,14322,25891895,45,1614795,0,70000,34580480
Lower-middle-income countries,OWID_LMC,2019,16456689,131049,18800,12820757,18136,23033046,36000,4950,52519427
Lower-middle-income countries,OWID_LMC,2020,2325178,,,11226165,157504,28837807,126000,30000,42702654
Lower-middle-income countries,OWID_LMC,2021,5507622,770475,3383,4165797,19,4011356,3503,,14462155
Lower-middle-income countries,OWID_LMC,2022,27693209,32994,,46460586,65901,1325214,4004,17350,75599258
Lower-middle-income countries,OWID_LMC,2023,1212917,1201731,,17424260,9173,8531284,0,1024990,29404355
Lower-middle-income countries,OWID_LMC,2024,18842755,85267,,32069695,22243,11984725,25335,36008005,99038025
Lower-middle-income countries,OWID_LMC,2025,6833677,1359924,,12654318,10053,4726640,14000,,25598612
Luxembourg,LUX,1983,,,,0,,,,,0
Luxembourg,LUX,1990,,,,,,0,,,0
Luxembourg,LUX,1993,,,,0,,,,,0
Luxembourg,LUX,1995,,,,,,0,,,0
Luxembourg,LUX,2003,,,,,,,,0,0
Luxembourg,LUX,2010,,,,,,0,,,0
Luxembourg,LUX,2019,,,,,,1519,,,1519
Luxembourg,LUX,2021,,,,0,,,,,0
Luxembourg,LUX,2022,,,,,,,,0,0
Luxembourg,LUX,2023,,,,,,,,0,0
Luxembourg,LUX,2024,,,,,,,,0,0
Macao,MAC,1993,,,,,,3986,,,3986
Macao,MAC,2017,,,,,,200,,,200
Macao,MAC,2025,,,,,,5,,,5
Madagascar,MDG,1968,,,,,,75000,,,75000
Madagascar,MDG,1969,,,,,,43040,,,43040
Madagascar,MDG,1970,,,,,,10000,,,10000
Madagascar,MDG,1972,,,,,,2510056,,,2510056
Madagascar,MDG,1975,,,,,,10050,,,10050
Madagascar,MDG,1976,,,,,,508876,,,508876
Madagascar,MDG,1977,,,,,,30000,,,30000
Madagascar,MDG,1978,,,,,,18000,,,18000
Madagascar,MDG,1981,1000000,,,,,118000,,,1118000
Madagascar,MDG,1982,,,,,,70000,,,70000
Madagascar,MDG,1983,,,,,,13560,,,13560
Madagascar,MDG,1984,,,,,,100215,,,100215
Madagascar,MDG,1986,,,,28223,,84309,,,112532
Madagascar,MDG,1988,150489,,,,,,,,150489
Madagascar,MDG,1989,199740,,,,,55346,,,255086
Madagascar,MDG,1990,199740,,,,,,,,199740
Madagascar,MDG,1991,199740,,,,,250000,,,449740
Madagascar,MDG,1992,200291,,,,,,,,200291
Madagascar,MDG,1994,,,,,,540051,,,540051
Madagascar,MDG,1996,,,,,,100000,,,100000
Madagascar,MDG,1997,,,,,,600000,,,600000
Madagascar,MDG,1998,,,,20000,,,,,20000
Madagascar,MDG,2000,231290,,,,,1106209,,,1337499
Madagascar,MDG,2002,46212,,,,,528100,,,574312
Madagascar,MDG,2003,276515,,,23370,,162750,,,462635
Madagascar,MDG,2004,277273,,,,,1032429,,,1309702
Madagascar,MDG,2005,2004,,,59617,,7985,,,69606
Madagascar,MDG,2006,11996,,,,,6516,,,18512
Madagascar,MDG,2007,,,,33000,,222511,,,255511
Madagascar,MDG,2008,180369,,,,,533166,,,713535
Madagascar,MDG,2009,179876,,,,,130799,,,310675
Madagascar,MDG,2010,179876,,,,,192132,,,372008
Madagascar,MDG,2011,179879,,,,,115215,,,295094
Madagascar,MDG,2012,,,,,,335599,,,335599
Madagascar,MDG,2013,,,,,,44879,,,44879
Madagascar,MDG,2014,10166,,,,,1736,,,11902
Madagascar,MDG,2015,9834,,,24000,,210887,,,244721
Madagascar,MDG,2016,1050982,,,,,,,,1050982
Madagascar,MDG,2017,719018,,,,,434253,,,1153271
Madagascar,MDG,2018,630000,,,,,212190,,,842190
Madagascar,MDG,2019,,,,0,,21393,,,21393
Madagascar,MDG,2020,404260,,,106846,,3200,,,514306
Madagascar,MDG,2021,403155,,,1400,,1000,,,405555
Madagascar,MDG,2022,403155,,,62114,,428270,,,893539
Madagascar,MDG,2023,403155,,,,,389870,,,793025
Madagascar,MDG,2024,66275,,,,10,251144,,,317429
Madagascar,MDG,2025,1200000,,,3688,,74150,,,1277838
Malawi,MWI,1967,,,,1200,,,,,1200
Malawi,MWI,1969,,,,2300,,,,,2300
Malawi,MWI,1979,,,,20000,,,,,20000
Malawi,MWI,1982,,,,6000,,,,,6000
Malawi,MWI,1987,713655,,,,,,,,713655
Malawi,MWI,1988,715612,,,,,,,,715612
Malawi,MWI,1989,,50100,,100000,,,,,150100
Malawi,MWI,1990,2800000,,,,,,,,2800000
Malawi,MWI,1991,,,,150000,,,,,150000
Malawi,MWI,1992,1405109,,,,,,,,1405109
Malawi,MWI,1993,1864963,,,,,,,,1864963
Malawi,MWI,1994,1864963,,,,,,,,1864963
Malawi,MWI,1995,1864965,,,1300,,,,,1866265
Malawi,MWI,1997,,,,400000,,,,,400000
Malawi,MWI,1998,,,,15000,,,,,15000
Malawi,MWI,1999,,,,2000,,,,,2000
Malawi,MWI,2000,,,,20000,,,,,20000
Malawi,MWI,2001,,,,508750,,,,,508750
Malawi,MWI,2002,2829435,,,396340,,,,,3225775
Malawi,MWI,2003,,,,19500,,,,,19500
Malawi,MWI,2005,2578021,,,9270,,8,,,2587299
Malawi,MWI,2006,2521979,,,51230,,,,,2573209
Malawi,MWI,2007,520000,,,97900,,,,,617900
Malawi,MWI,2008,,,,107427,,,,,107427
Malawi,MWI,2009,,20736,,13018,,,,,33754
Malawi,MWI,2010,,,,21290,,,,,21290
Malawi,MWI,2011,,,,74994,,,,,74994
Malawi,MWI,2012,561196,,,49344,,6000,,,616540
Malawi,MWI,2013,1338804,,,82984,,,,,1421788
Malawi,MWI,2015,748967,,,638645,,350,,,1387962
Malawi,MWI,2016,2971445,,,2800,,,,,2974245
Malawi,MWI,2017,2979588,,,55921,,,,,3035509
Malawi,MWI,2018,,,,9613,,,,,9613
Malawi,MWI,2019,,,,991646,109,,,,991755
Malawi,MWI,2020,,,,2250,,,,,2250
Malawi,MWI,2021,,,,,,55551,,,55551
Malawi,MWI,2022,2678193,,,62448,,945934,,,3686575
Malawi,MWI,2023,,,,31737,,2269644,,,2301381
Malawi,MWI,2024,2621093,,,62832,,45191,,,2729116
Malawi,MWI,2025,3478907,,,181270,,40397,,,3700574
Malaysia,MYS,1965,,,,300000,,,,,300000
Malaysia,MYS,1967,,,,140000,,,,,140000
Malaysia,MYS,1968,,,,,,10000,,,10000
Malaysia,MYS,1970,,,,243000,,,,,243000
Malaysia,MYS,1978,,,,3000,,,,,3000
Malaysia,MYS,1983,,,,15000,,,,,15000
Malaysia,MYS,1986,,,,25000,,,,,25000
Malaysia,MYS,1987,,,,2576,,,,,2576
Malaysia,MYS,1988,,,,60000,,,,,60000
Malaysia,MYS,1993,,,,25000,0,,,,25000
Malaysia,MYS,1995,,,,,23,,3000,,3023
Malaysia,MYS,1996,,,,418,262,4176,,,4856
Malaysia,MYS,1997,,,,,,2115,0,,2115
Malaysia,MYS,1998,5000,,,2500,,,0,,7500
Malaysia,MYS,1999,,,,2000,,,,,2000
Malaysia,MYS,2000,,,,8000,,500,,,8500
Malaysia,MYS,2001,,,,29046,,,,,29046
Malaysia,MYS,2002,,,,4154,0,155,,,4309
Malaysia,MYS,2003,,,,18300,,,,,18300
Malaysia,MYS,2004,,5063,,31538,,41000,,,77601
Malaysia,MYS,2005,,,,23541,,,0,,23541
Malaysia,MYS,2006,,,,113577,,,,,113577
Malaysia,MYS,2007,,,,166533,,,,,166533
Malaysia,MYS,2008,,,,3043,,,,,3043
Malaysia,MYS,2009,,,,15832,,,,,15832
Malaysia,MYS,2011,,,,20000,6,,,,20006
Malaysia,MYS,2013,,,,75000,,,,,75000
Malaysia,MYS,2014,2200000,,,230000,,,,,2430000
Malaysia,MYS,2015,,10,,3000,,,,,3010
Malaysia,MYS,2016,,,,12013,,,,,12013
Malaysia,MYS,2017,,,,41809,,426,,,42235
Malaysia,MYS,2018,,,,16900,,,,,16900
Malaysia,MYS,2019,,,,22477,,,,,22477
Malaysia,MYS,2020,,,,21883,,,,,21883
Malaysia,MYS,2021,,,,144641,,,,,144641
Malaysia,MYS,2022,,,,110625,94,,,,110719
Malaysia,MYS,2023,,,,84187,,,,,84187
Malaysia,MYS,2025,,,,52314,,,,,52314
Maldives,MDV,1987,,,,300,,,,,300
Maldives,MDV,1991,,,,,,23849,,,23849
Maldives,MDV,2004,,27214,,,,,,,27214
Maldives,MDV,2007,,,,1649,,,,,1649
Maldives,MDV,2019,,,,1800,,,,,1800
Maldives,MDV,2021,,,,,,1320,,,1320
Mali,MLI,1910,0,,,,,,,,0
Mali,MLI,1911,0,,,,,,,,0
Mali,MLI,1912,0,,,,,,,,0
Mali,MLI,1913,0,,,,,,,,0
Mali,MLI,1914,0,,,,,,,,0
Mali,MLI,1940,0,,,,,,,,0
Mali,MLI,1941,0,,,,,,,,0
Mali,MLI,1942,0,,,,,,,,0
Mali,MLI,1943,0,,,,,,,,0
Mali,MLI,1944,0,,,,,,,,0
Mali,MLI,1966,0,,,,,,,,0
Mali,MLI,1978,0,,,,,,,,0
Mali,MLI,1980,250456,,,,,,,,250456
Mali,MLI,1981,249771,,,,,,,,249771
Mali,MLI,1982,249771,,,,,,,,249771
Mali,MLI,1983,249771,,,,,,,,249771
Mali,MLI,1984,249771,,,,,,,,249771
Mali,MLI,1985,250460,,,,,,,,250460
Mali,MLI,1988,,,,10000,,,,,10000
Mali,MLI,1989,,,,14635,,,,,14635
Mali,MLI,1991,302000,,,,,,,,302000
Mali,MLI,1998,,,,6434,,,,,6434
Mali,MLI,1999,,,,2200,,,,,2200
Mali,MLI,2000,,,,0,,,,,0
Mali,MLI,2001,0,,,3500,,,,,3500
Mali,MLI,2002,,,,22519,,,,,22519
Mali,MLI,2003,,,,10000,,,,,10000
Mali,MLI,2005,500000,,,1860,,,,,501860
Mali,MLI,2006,525000,,,1000,,,,,526000
Mali,MLI,2007,,,,88858,,,,,88858
Mali,MLI,2008,,,,2500,,,,,2500
Mali,MLI,2009,,,,20406,,,,,20406
Mali,MLI,2010,600000,,,32000,,,,,632000
Mali,MLI,2011,1747606,,,15415,,,,,1763021
Mali,MLI,2012,1752394,,,,,,,,1752394
Mali,MLI,2013,,,,46000,,,,,46000
Mali,MLI,2015,,,,2000,,,,,2000
Mali,MLI,2016,,,,9500,,,,,9500
Mali,MLI,2018,,,,13150,,,,,13150
Mali,MLI,2019,,,,6981,,,,,6981
Mali,MLI,2020,6800000,,,,,,,,6800000
Mali,MLI,2022,1735753,,,79012,,,,,1814765
Mali,MLI,2024,,,,380154,,,,,380154
Malta,MLT,2022,,,,,,,,0,0
Malta,MLT,2023,,,,,,,,0,0
Marshall Islands,MHL,1991,,,,,,6000,,,6000
Marshall Islands,MHL,2008,,,,600,,,,,600
Marshall Islands,MHL,2013,6384,,,,,,,,6384
Marshall Islands,MHL,2014,,,,360,,,,,360
Marshall Islands,MHL,2015,14825,,,,,,,,14825
Marshall Islands,MHL,2016,6175,,,,,,,,6175
Marshall Islands,MHL,2019,,,,,,0,,,0
Marshall Islands,MHL,2022,4480,,,,,,,,4480
Marshall Islands,MHL,2024,13924,,,,,19532,,,33456
Martinique,MTQ,1902,,,0,,,,,,0
Martinique,MTQ,1903,,,,,,5000,,,5000
Martinique,MTQ,1960,,,,,,0,,,0
Martinique,MTQ,1963,,,,,,57050,,,57050
Martinique,MTQ,1967,,,,,,1000,,,1000
Martinique,MTQ,1970,,,,,,5000,,,5000
Martinique,MTQ,1979,,,,,,20003,,,20003
Martinique,MTQ,1980,,,,,,0,,,0
Martinique,MTQ,1989,,,,,,0,,,0
Martinique,MTQ,1990,,,,,,1500,,,1500
Martinique,MTQ,1993,,,,,,3010,,,3010
Martinique,MTQ,1995,,,,,,0,,,0
Martinique,MTQ,1996,,,,,,0,,,0
Martinique,MTQ,1999,,,,,,600,,,600
Martinique,MTQ,2007,,100,,,,6,,,106
Martinique,MTQ,2011,,,,,,0,,,0
Martinique,MTQ,2017,,,,,,2,,,2
Mauritania,MRT,1910,0,,,,,,,,0
Mauritania,MRT,1911,0,,,,,,,,0
Mauritania,MRT,1912,0,,,,,,,,0
Mauritania,MRT,1913,0,,,,,,,,0
Mauritania,MRT,1914,0,,,,,,,,0
Mauritania,MRT,1940,0,,,,,,,,0
Mauritania,MRT,1941,0,,,,,,,,0
Mauritania,MRT,1942,0,,,,,,,,0
Mauritania,MRT,1943,0,,,,,,,,0
Mauritania,MRT,1944,0,,,,,,,,0
Mauritania,MRT,1965,46000,,,,,,,,46000
Mauritania,MRT,1969,185641,,,,,,,,185641
Mauritania,MRT,1970,185641,,,,,,,,185641
Mauritania,MRT,1971,185641,,,,,,,,185641
Mauritania,MRT,1972,185641,,,,,,,,185641
Mauritania,MRT,1973,185641,,,,,,,,185641
Mauritania,MRT,1974,185641,,,,,,,,185641
Mauritania,MRT,1975,186154,,,,,,,,186154
Mauritania,MRT,1976,710971,,,,,,,,710971
Mauritania,MRT,1977,709029,,,,,,,,709029
Mauritania,MRT,1978,20319,,,,,,,,20319
Mauritania,MRT,1979,6681,,,,,,,,6681
Mauritania,MRT,1980,167843,,,,,,,,167843
Mauritania,MRT,1981,286274,,,,,,,,286274
Mauritania,MRT,1982,286274,,,,,,,,286274
Mauritania,MRT,1983,286274,,,,,,,,286274
Mauritania,MRT,1984,286274,,,3000,,,,,289274
Mauritania,MRT,1985,287061,,,6900,,,,,293961
Mauritania,MRT,1991,,,,,,300,,,300
Mauritania,MRT,1993,446507,,,,,,,,446507
Mauritania,MRT,1995,,,,600,,,,,600
Mauritania,MRT,1997,9759,,,,,,,,9759
Mauritania,MRT,1998,11641,,,,,,,,11641
Mauritania,MRT,1999,,,,23800,,177,,,23977
Mauritania,MRT,2001,273631,,,3000,,,,,276631
Mauritania,MRT,2002,363184,,,27500,,,,,390684
Mauritania,MRT,2003,363185,,,21000,,,,,384185
Mauritania,MRT,2005,,,,7500,,,,,7500
Mauritania,MRT,2006,,,,10619,,,,,10619
Mauritania,MRT,2007,,,,54120,,,,,54120
Mauritania,MRT,2009,,,,10000,,,,,10000
Mauritania,MRT,2010,419000,,,8750,,,,,427750
Mauritania,MRT,2011,780005,,,,,,,,780005
Mauritania,MRT,2012,361995,,,,,,,,361995
Mauritania,MRT,2013,,,,6530,,,,,6530
Mauritania,MRT,2017,3893774,,,,,2040,,,3895814
Mauritania,MRT,2018,159886,,,,,,,,159886
Mauritania,MRT,2019,190714,,,33600,,,,,224314
Mauritania,MRT,2020,328148,,,19982,,,,,348130
Mauritania,MRT,2021,559693,,,,,,,,559693
Mauritania,MRT,2022,512159,,,28926,,,,,541085
Mauritania,MRT,2023,,,,7200,,,,,7200
Mauritius,MUS,1960,,,,,,0,,,0
Mauritius,MUS,1967,,,,,,23524,,,23524
Mauritius,MUS,1972,,,,,,25016,,,25016
Mauritius,MUS,1975,,,,,,826258,,,826258
Mauritius,MUS,1979,,,,,,105257,,,105257
Mauritius,MUS,1982,,,,,,32500,,,32500
Mauritius,MUS,1983,,,,,,351,,,351
Mauritius,MUS,1989,,,,,,4507,,,4507
Mauritius,MUS,1991,,,,,,7500,,,7500
Mauritius,MUS,1994,,,,,,2300,,,2300
Mauritius,MUS,1996,,,,,,0,,,0
Mauritius,MUS,1999,0,,,,,1000,,,1000
Mauritius,MUS,2002,,,,,,1050,,,1050
Mauritius,MUS,2007,,,,,,0,,,0
Mauritius,MUS,2013,,,,82,,,,,82
Mauritius,MUS,2018,,,,,,30000,,,30000
Mauritius,MUS,2022,,,,,,139,,,139
Mauritius,MUS,2023,,,,,,2500,,,2500
Mauritius,MUS,2024,,,,,,100000,,,100000
Mayotte,MYT,2024,,,,,,231373,,,231373
Mexico,MEX,1911,,22,,,,,,,22
Mexico,MEX,1920,,167,,,,,,,167
Mexico,MEX,1929,,,,,,,0,,0
Mexico,MEX,1932,,2120,,,,,,,2120
Mexico,MEX,1937,,0,,,,,,,0
Mexico,MEX,1943,,,3000,,,,,,3000
Mexico,MEX,1949,,,0,,,,,,0
Mexico,MEX,1951,,,,,,0,,,0
Mexico,MEX,1952,,,,0,,,,,0
Mexico,MEX,1954,,,,,0,,,,0
Mexico,MEX,1955,,,,,,15000,,,15000
Mexico,MEX,1957,,100,,,,,,,100
Mexico,MEX,1959,,200,,0,,0,,,200
Mexico,MEX,1961,,,,,,0,,,0
Mexico,MEX,1962,,,,,,,,0,0
Mexico,MEX,1964,,4000,,,,,,,4000
Mexico,MEX,1965,,,,0,,,,,0
Mexico,MEX,1966,,,,,,90069,,,90069
Mexico,MEX,1967,,,,8345,,271000,,,279345
Mexico,MEX,1968,,500,,,,,,0,500
Mexico,MEX,1969,,,,,0,0,,,0
Mexico,MEX,1970,,,,0,,,,,0
Mexico,MEX,1971,,,,,,0,,,0
Mexico,MEX,1972,,,,100070,,,,,100070
Mexico,MEX,1973,,390,,150027,,,,,150417
Mexico,MEX,1974,,,,,,173032,,,173032
Mexico,MEX,1975,,,,,,30000,,,30000
Mexico,MEX,1976,,,,,,576400,,,576400
Mexico,MEX,1977,,,,,,50000,,,50000
Mexico,MEX,1978,0,3850,,7000,,,,,10850
Mexico,MEX,1979,,7535,,60000,,,,,67535
Mexico,MEX,1980,,6360,,100000,,,,,106360
Mexico,MEX,1981,,28,,,,0,,,28
Mexico,MEX,1982,,217,40500,5200,,50000,,,95917
Mexico,MEX,1983,,,,,0,282500,,,282500
Mexico,MEX,1984,,,,20000,,10000,,,30000
Mexico,MEX,1985,,2130204,,,,,,,2130204
Mexico,MEX,1986,,,,0,,,,,0
Mexico,MEX,1987,,3050,,212,,,,,3262
Mexico,MEX,1988,0,,,,,125000,,0,125000
Mexico,MEX,1989,,350,,0,,,0,,350
Mexico,MEX,1990,,,,17900,,0,,0,17900
Mexico,MEX,1991,,,,44000,,10000,,,54000
Mexico,MEX,1992,,,,,,10000,,16000,26000
Mexico,MEX,1993,,0,,261290,,77000,,,338290
Mexico,MEX,1994,,,75700,,,,,,75700
Mexico,MEX,1995,0,67135,,,,66800,,0,133935
Mexico,MEX,1996,0,,,9000,,19830,,,28830
Mexico,MEX,1997,,17000,0,,0,804755,,0,821755
Mexico,MEX,1998,,,758,30000,120,5460,0,0,36338
Mexico,MEX,1999,26063,137915,650,618360,,4000,,0,786988
Mexico,MEX,2000,38937,,41000,2000,,30300,,0,112237
Mexico,MEX,2001,,,,0,,6400,,,6400
Mexico,MEX,2002,0,,300,7000,,509530,,0,516830
Mexico,MEX,2003,,178603,,53850,200,9000,0,0,241653
Mexico,MEX,2004,,,,4090,,,,0,4090
Mexico,MEX,2005,,,,14000,,2969571,,,2983571
Mexico,MEX,2006,,,,0,0,270700,,0,270700
Mexico,MEX,2007,,,,1655000,0,203000,,,1858000
Mexico,MEX,2008,,,,20000,0,500000,,,520000
Mexico,MEX,2009,,,,140184,,112000,,,252184
Mexico,MEX,2010,,25232,,1020000,0,555075,,,1600307
Mexico,MEX,2011,2500000,152,,480000,,550450,0,120000,3650602
Mexico,MEX,2012,,49011,,,,87000,,,136011
Mexico,MEX,2013,,,,0,,172000,,,172000
Mexico,MEX,2014,,27381,,,,144135,,,171516
Mexico,MEX,2015,,,,3000,,18791,,,21791
Mexico,MEX,2016,,,,53000,,21500,,,74500
Mexico,MEX,2017,,1456250,,800,,3010,,,1460060
Mexico,MEX,2018,,3004,,120,,10000,,,13124
Mexico,MEX,2019,,,,3642,,1200,,,4842
Mexico,MEX,2020,,24393,,95100,,4106,,,123599
Mexico,MEX,2021,,21951,,12520,,2874,,,37345
Mexico,MEX,2022,,35891,,3150,,16000,,,55041
Mexico,MEX,2023,,,,0,,988000,,,988000
Mexico,MEX,2024,,,,,132,27050,,2567,29749
Mexico,MEX,2025,,,,211779,,150,,,211929
Micronesia (country),FSM,1987,,,,,,203,,,203
Micronesia (country),FSM,1998,28800,,,,,,,,28800
Micronesia (country),FSM,2002,,,,,,1623,,,1623
Micronesia (country),FSM,2003,,,,,,1000,,,1000
Micronesia (country),FSM,2004,,,,,,6008,,,6008
Micronesia (country),FSM,2008,,,,0,,,,,0
Micronesia (country),FSM,2015,,,,,,35000,,,35000
Micronesia (country),FSM,2016,100000,,,,,,,,100000
Micronesia (country),FSM,2019,,,,,,10000,,,10000
Micronesia (country),FSM,2023,34936,,,,,,,,34936
Micronesia (country),FSM,2024,78465,,,,,,,,78465
Moldova,MDA,1994,,,,25000,,25580,,,50580
Moldova,MDA,1997,,,,2244,,,,,2244
Moldova,MDA,1999,,,,1713,,,,,1713
Moldova,MDA,2000,0,,,,,2600000,,,2600000
Moldova,MDA,2002,,,,500,,,,,500
Moldova,MDA,2005,,,,6500,,,,,6500
Moldova,MDA,2006,,,,,,,,0,0
Moldova,MDA,2007,210394,,,,,,,,210394
Moldova,MDA,2008,,,,4000,,,,,4000
Moldova,MDA,2010,,,,12000,,,,,12000
Moldova,MDA,2012,5800,,,,,,,7374,13174
Moldova,MDA,2019,,,,,,,,5460,5460
Moldova,MDA,2023,,,,,,10,,,10
Mongolia,MNG,1957,,0,,,,,,,0
Mongolia,MNG,1966,,,,270000,,,,,270000
Mongolia,MNG,1982,,,,0,,,,,0
Mongolia,MNG,1986,,,,,,,0,,0
Mongolia,MNG,1990,,,,,,0,0,,0
Mongolia,MNG,1991,,,,,,0,,,0
Mongolia,MNG,1993,,,,,,100000,,,100000
Mongolia,MNG,1994,,,,0,,,,,0
Mongolia,MNG,1996,,,,0,,,5061,,5061
Mongolia,MNG,2000,141549,,,,,1071000,,,1212549
Mongolia,MNG,2001,154225,,,,,175000,,,329225
Mongolia,MNG,2002,154226,,,,,332500,,,486726
Mongolia,MNG,2003,,,,1650,,332500,,,334150
Mongolia,MNG,2008,,,,,,0,,,0
Mongolia,MNG,2009,,,,15000,,,,131002,146002
Mongolia,MNG,2010,,,,,,,,638111,638111
Mongolia,MNG,2015,,,,,,,,323434,323434
Mongolia,MNG,2016,,,,,,,,750258,750258
Mongolia,MNG,2017,,,,,0,,,48308,48308
Mongolia,MNG,2018,,,,8301,,0,,264000,272301
Mongolia,MNG,2019,,,,500,,500,,2000,3000
Mongolia,MNG,2020,,,,27105,,22000,,,49105
Mongolia,MNG,2021,,,,6356,,8124,,,14480
Mongolia,MNG,2022,,,,4269,,,,29662,33931
Mongolia,MNG,2023,,,,289968,,329010,,5100,624078
Mongolia,MNG,2024,,,,,,340357,,,340357
Montenegro,MNE,2007,,,,1086,,,,,1086
Montenegro,MNE,2009,,,,452,,,,,452
Montenegro,MNE,2010,,,,6998,,,,,6998
Montenegro,MNE,2012,,,,,,,,4500,4500
Montenegro,MNE,2017,,,,,,,200,,200
Montenegro,MNE,2022,,,,,,,,0,0
Montenegro,MNE,2023,,,,,,,,0,0
Montenegro,MNE,2024,,,,,,,,0,0
Montserrat,MSR,1928,,,,,,0,,,0
Montserrat,MSR,1989,,,,,,12040,,,12040
Montserrat,MSR,1990,,,,,,0,,,0
Montserrat,MSR,1995,,,5000,,,0,,,5000
Montserrat,MSR,1996,,,4000,,,,,,4000
Montserrat,MSR,1997,,,4000,,,,,,4000
Montserrat,MSR,2006,,,200,,,,,,200
Morocco,MAR,1909,,0,,,,,,,0
Morocco,MAR,1951,,,,0,,,,,0
Morocco,MAR,1954,,,,0,,,,,0
Morocco,MAR,1960,,0,,,,,,,0
Morocco,MAR,1963,,,,35010,,,,,35010
Morocco,MAR,1964,,,,0,,,,,0
Morocco,MAR,1965,,,,47813,,,,,47813
Morocco,MAR,1966,0,,,,,,,,0
Morocco,MAR,1969,,0,,,,,,,0
Morocco,MAR,1970,,,,266444,,,,,266444
Morocco,MAR,1971,137000,,,,,,,,137000
Morocco,MAR,1975,,,,12000,,,,,12000
Morocco,MAR,1977,,,,38000,,,,,38000
Morocco,MAR,1979,,,,6292,,,,,6292
Morocco,MAR,1982,,,,,12216,,,,12216
Morocco,MAR,1988,,,,,0,,,,0
Morocco,MAR,1995,,,,38000,,,,,38000
Morocco,MAR,1996,,,,60000,,0,,,60000
Morocco,MAR,1997,,,,0,,,,,0
Morocco,MAR,1999,62275,,,,,,,,62275
Morocco,MAR,2000,106216,,,950,,,,0,107166
Morocco,MAR,2001,106509,,,300,,,,,106809
Morocco,MAR,2002,,,,15017,,,,,15017
Morocco,MAR,2003,,,,10000,,,,,10000
Morocco,MAR,2004,,13465,,,,,,,13465
Morocco,MAR,2005,,,,,,0,,,0
Morocco,MAR,2006,,,,2100,,,,,2100
Morocco,MAR,2008,,,,20000,,,,,20000
Morocco,MAR,2009,,,,9520,,,,,9520
Morocco,MAR,2010,,,,77009,,,,,77009
Morocco,MAR,2012,,,,,,,,7500,7500
Morocco,MAR,2014,,,,0,,117000,,,117000
Morocco,MAR,2016,,,,,,,,750000,750000
Morocco,MAR,2017,,,,,,,,1650000,1650000
Morocco,MAR,2018,,,,,,,,70000,70000
Morocco,MAR,2019,,,,229,0,,,,229
Morocco,MAR,2021,,,,1385,,,,,1385
Morocco,MAR,2023,,845674,,,,,,,845674
Morocco,MAR,2024,,,,168,,,,0,168
Morocco,MAR,2025,,,,2838,,,,,2838
Mozambique,MOZ,1956,,,,,,0,,,0
Mozambique,MOZ,1967,,,,50000,,,,,50000
Mozambique,MOZ,1971,,,,500000,,,,,500000
Mozambique,MOZ,1975,,,,75000,,,,,75000
Mozambique,MOZ,1977,,,,440000,,51,,,440051
Mozambique,MOZ,1978,,,,200000,,105000,,,305000
Mozambique,MOZ,1979,1498973,,,,,,,,1498973
Mozambique,MOZ,1980,1498973,,,,,,,,1498973
Mozambique,MOZ,1981,2448452,,,500000,,,,,2948452
Mozambique,MOZ,1982,2452560,,,,,,,,2452560
Mozambique,MOZ,1983,949479,,,,,,,,949479
Mozambique,MOZ,1984,949479,,,,,350000,,,1299479
Mozambique,MOZ,1985,952084,,,500000,,0,,,1452084
Mozambique,MOZ,1987,8000,,,,,,,,8000
Mozambique,MOZ,1988,,,,,,4000,,,4000
Mozambique,MOZ,1989,,,,0,,,,,0
Mozambique,MOZ,1991,2543576,,,,,,,,2543576
Mozambique,MOZ,1992,756424,,,,,,,,756424
Mozambique,MOZ,1994,,,,,,2502000,,,2502000
Mozambique,MOZ,1996,,,,,,200000,,,200000
Mozambique,MOZ,1997,,,,400000,,0,,,400000
Mozambique,MOZ,1998,0,,,,2500,,,,2500
Mozambique,MOZ,1999,0,,,70000,,,,,70000
Mozambique,MOZ,2000,,,,4500000,,1404,,,4501404
Mozambique,MOZ,2001,100000,,,749326,,,,,849326
Mozambique,MOZ,2002,600000,,,500,,4017,,,604517
Mozambique,MOZ,2003,119500,,,515003,,23010,,,657513
Mozambique,MOZ,2005,562295,,,24868,,,,,587163
Mozambique,MOZ,2006,837705,1476,,22969,,,,,862150
Mozambique,MOZ,2007,520000,,,387843,,162770,,,1070613
Mozambique,MOZ,2008,39141,,,14800,,220013,3023,,276977
Mozambique,MOZ,2009,460859,,,9817,,7103,,,477779
Mozambique,MOZ,2010,460000,,,17000,,,,,477000
Mozambique,MOZ,2011,,,,63946,,0,,,63946
Mozambique,MOZ,2012,,,,,,110000,,,110000
Mozambique,MOZ,2013,,,,240000,,,,,240000
Mozambique,MOZ,2014,,,,76286,,,,,76286
Mozambique,MOZ,2015,,,,177645,,,,,177645
Mozambique,MOZ,2016,2120403,,,130014,,1700,,,2252117
Mozambique,MOZ,2017,179597,,,41586,,750102,,,971285
Mozambique,MOZ,2018,,,,77150,300,,,,77450
Mozambique,MOZ,2019,,,,73368,,1901594,,,1974962
Mozambique,MOZ,2020,2700000,,,201398,,,,,2901398
Mozambique,MOZ,2021,610279,,,11410,,481901,,,1103590
Mozambique,MOZ,2022,952492,,,47687,,945492,,,1945671
Mozambique,MOZ,2023,1244262,,,119677,,1231389,,,2595328
Mozambique,MOZ,2024,2055738,,,,,548164,,,2603902
Mozambique,MOZ,2025,,,,,,1393798,,,1393798
Myanmar,MMR,1902,,,,,,0,,,0
Myanmar,MMR,1923,,,,,,0,,,0
Myanmar,MMR,1926,,,,,,40000,,,40000
Myanmar,MMR,1930,,0,,,,,,,0
Myanmar,MMR,1936,,,,,,150000,,,150000
Myanmar,MMR,1941,,0,,,,,,,0
Myanmar,MMR,1963,,,,,,200,,,200
Myanmar,MMR,1965,,,,0,,500000,,,500000
Myanmar,MMR,1967,,,,,,157519,,,157519
Myanmar,MMR,1968,,,,,,90000,,,90000
Myanmar,MMR,1970,,,,0,,,,,0
Myanmar,MMR,1974,,,,1400000,,,,,1400000
Myanmar,MMR,1975,,,,,,0,,,0
Myanmar,MMR,1976,,,,200000,,,,,200000
Myanmar,MMR,1977,,,,3000,,,,,3000
Myanmar,MMR,1978,,,,,,132000,,,132000
Myanmar,MMR,1979,,,,10000,,,30000,,40000
Myanmar,MMR,1981,,,,,,,48588,,48588
Myanmar,MMR,1982,,,,,,36000,,,36000
Myanmar,MMR,1991,,160,,359976,,,,,360136
Myanmar,MMR,1992,,,,4625,,,,,4625
Myanmar,MMR,1994,,,,,,64970,,,64970
Myanmar,MMR,1995,,0,,31945,,,,,31945
Myanmar,MMR,1997,,,,137418,,,,,137418
Myanmar,MMR,1999,,,,50000,,,,,50000
Myanmar,MMR,2001,,,,3750,,,,,3750
Myanmar,MMR,2002,,,,50000,,,,,50000
Myanmar,MMR,2004,,15700,,,,25000,,,40700
Myanmar,MMR,2005,,,,,16,,,,16
Myanmar,MMR,2006,,,,10000,,60106,,,70106
Myanmar,MMR,2007,,,,166664,,,,,166664
Myanmar,MMR,2008,,,,,,2420000,,,2420000
Myanmar,MMR,2009,,,,,1351,,,,1351
Myanmar,MMR,2010,,,,,145000,260049,,1482,406531
Myanmar,MMR,2011,,21277,,35734,,,,,57011
Myanmar,MMR,2012,,1486,,85000,,,,,86486
Myanmar,MMR,2013,,,,73300,0,,,,73300
Myanmar,MMR,2014,,,,40000,,,,,40000
Myanmar,MMR,2015,,,,1635703,1200,0,,,1636903
Myanmar,MMR,2016,,1152,,852227,15,99956,,,953350
Myanmar,MMR,2017,,,,92000,,107520,,,199520
Myanmar,MMR,2018,,,,173050,45,,,,173095
Myanmar,MMR,2019,,,,8075,0,,,,8075
Myanmar,MMR,2020,,,,25000,1554,,,,26554
Myanmar,MMR,2021,,,,125000,,,,,125000
Myanmar,MMR,2023,,,,75335,0,1201412,,,1276747
Myanmar,MMR,2024,,,,106792,,1000048,,100,1106940
Myanmar,MMR,2025,,1355104,,35580,,131430,,,1522114
Namibia,NAM,1982,0,,,,,,,,0
Namibia,NAM,1983,0,,,,,,,,0
Namibia,NAM,1984,0,,,,,,,,0
Namibia,NAM,1991,200109,,,,,,,,200109
Namibia,NAM,1992,49891,,,,,,,,49891
Namibia,NAM,1995,81488,,,,,,,,81488
Namibia,NAM,1996,81712,,,,,,,,81712
Namibia,NAM,1998,1957,,,,,,,,1957
Namibia,NAM,1999,23043,,,,,,,,23043
Namibia,NAM,2000,,,,5000,,,,,5000
Namibia,NAM,2001,0,,,,,,,,0
Namibia,NAM,2002,115628,,,,,,,,115628
Namibia,NAM,2003,229372,,,12000,,,,,241372
Namibia,NAM,2004,,,,25000,,,,,25000
Namibia,NAM,2006,,,,2300,,,,,2300
Namibia,NAM,2007,,,,15000,,,,,15000
Namibia,NAM,2008,,,,65000,,,,,65000
Namibia,NAM,2009,,,,350000,,,,,350000
Namibia,NAM,2010,,,,110000,,,,,110000
Namibia,NAM,2011,,,,500000,,,,,500000
Namibia,NAM,2012,,,,650,,,,,650
Namibia,NAM,2013,718939,,,14500,,,,,733439
Namibia,NAM,2014,61061,,,,,,,,61061
Namibia,NAM,2015,464254,,,,,,,,464254
Namibia,NAM,2016,115746,,,,,,,,115746
Namibia,NAM,2017,,,,2502,,,,,2502
Namibia,NAM,2018,62153,,,,,,,,62153
Namibia,NAM,2019,246585,,,,,,,,246585
Namibia,NAM,2020,247262,,,1000,,,,,248262
Namibia,NAM,2021,,,,401,,,,,401
Namibia,NAM,2023,,,,2190,,,,,2190
Namibia,NAM,2024,664713,,,,,,,,664713
Namibia,NAM,2025,990287,,,0,,,,,990287
Nepal,NPL,1934,,0,,,,,,,0
Nepal,NPL,1954,,,,0,,,,,0
Nepal,NPL,1963,,,,,0,,,,0
Nepal,NPL,1964,0,,,,,,,,0
Nepal,NPL,1966,,20100,,,,,,,20100
Nepal,NPL,1967,0,,,,,,,,0
Nepal,NPL,1968,,,,1000,,,,,1000
Nepal,NPL,1970,,,,20000,0,,,,20000
Nepal,NPL,1972,450615,,,,0,,,,450615
Nepal,NPL,1973,449385,,,,,,,,449385
Nepal,NPL,1975,,,,,75000,,,,75000
Nepal,NPL,1976,,,,,0,,,,0
Nepal,NPL,1978,,,,27748,,,,,27748
Nepal,NPL,1979,1747606,,,,,,,,1747606
Nepal,NPL,1980,1752394,240600,,,,,,,1992994
Nepal,NPL,1981,,,,10000,,,,,10000
Nepal,NPL,1982,,,,0,,,,,0
Nepal,NPL,1983,,,,200050,0,,,,200050
Nepal,NPL,1984,,,,0,,,,,0
Nepal,NPL,1985,,,,62557,,,,,62557
Nepal,NPL,1986,,,,0,,0,,,0
Nepal,NPL,1987,,,,351000,,,,,351000
Nepal,NPL,1988,,301016,,0,0,0,,,301016
Nepal,NPL,1989,,,,,0,,,,0
Nepal,NPL,1990,,,,2500,,,,,2500
Nepal,NPL,1991,,,,482,,165,,,647
Nepal,NPL,1992,,,,,,,50000,,50000
Nepal,NPL,1993,,285,,553268,200,,,,553753
Nepal,NPL,1995,,,,13000,534,,,,13534
Nepal,NPL,1996,,,,152382,,19,,,152401
Nepal,NPL,1997,,,,,0,,,,0
Nepal,NPL,1998,,,,70000,,,,,70000
Nepal,NPL,1999,,,,18068,,,4000,,22068
Nepal,NPL,2000,,,,50070,,,,,50070
Nepal,NPL,2001,,,,,21019,,,,21019
Nepal,NPL,2002,,,,,265865,,,200,266065
Nepal,NPL,2003,,,,59254,,,,0,59254
Nepal,NPL,2004,,,,800015,,,,0,800015
Nepal,NPL,2005,,,,31600,0,,,,31600
Nepal,NPL,2006,200000,,,0,80000,,,,280000
Nepal,NPL,2007,,,,640706,,,,,640706
Nepal,NPL,2008,,,,250003,,,,,250003
Nepal,NPL,2009,303000,,,257786,0,,,0,560786
Nepal,NPL,2010,,,,8000,,,,0,8000
Nepal,NPL,2011,,167949,,1858,0,,,12500,182307
Nepal,NPL,2012,,,,5,0,,,12500,12505
Nepal,NPL,2013,,,,16823,,,,0,16823
Nepal,NPL,2014,,,,187294,476,175,,,187945
Nepal,NPL,2015,,5642150,,,36,,,,5642186
Nepal,NPL,2016,,,,20574,,,0,,20574
Nepal,NPL,2017,,,,1706134,7500,,,,1713634
Nepal,NPL,2018,,,,1406,,,,0,1406
Nepal,NPL,2019,,,,82541,,14854,,,97395
Nepal,NPL,2020,,,,117677,,,,,117677
Nepal,NPL,2021,,,,3941,,,,,3941
Nepal,NPL,2022,,30008,,6011,550,544,,,37113
Nepal,NPL,2023,,336639,,1506,,,,,338145
Nepal,NPL,2024,,,,2593047,13,,,,2593060
Nepal,NPL,2025,1200000,83,,25927,,687,,,1226697
Netherlands,NLD,1916,,,,0,,,,,0
Netherlands,NLD,1953,,,,300000,,,,,300000
Netherlands,NLD,1976,,,,,,0,,,0
Netherlands,NLD,1984,,,,,,0,,,0
Netherlands,NLD,1985,,,,,,0,,,0
Netherlands,NLD,1986,,,,,,0,,,0
Netherlands,NLD,1990,,,,,,0,,,0
Netherlands,NLD,1992,,20,,0,,,,,20
Netherlands,NLD,1993,,,,13000,,,,,13000
Netherlands,NLD,1994,,,,,,0,,,0
Netherlands,NLD,1995,,,,,,200000,,,200000
Netherlands,NLD,1997,,,,,,100,,,100
Netherlands,NLD,1998,,,,2000,,0,,,2000
Netherlands,NLD,2002,,,,,,0,,,0
Netherlands,NLD,2003,,,,,,,,0,0
Netherlands,NLD,2005,,,,,,1,,0,1
Netherlands,NLD,2006,,,,,,,,0,0
Netherlands,NLD,2007,,,,,,0,,,0
Netherlands,NLD,2008,,,,,,0,,,0
Netherlands,NLD,2010,,,,,,0,,,0
Netherlands,NLD,2012,,,,,,,,0,0
Netherlands,NLD,2013,,,,,,0,,,0
Netherlands,NLD,2016,,,,,,0,,,0
Netherlands,NLD,2018,,,,,,0,,0,0
Netherlands,NLD,2019,,,,,,,,0,0
Netherlands,NLD,2020,,,,,,,,0,0
Netherlands,NLD,2021,,,,0,,4,,,4
Netherlands,NLD,2022,,,,,,0,,0,0
Netherlands,NLD,2023,,,,,,0,,0,0
Netherlands,NLD,2024,,,,,,0,,0,0
Netherlands Antilles,ANT,1954,,,,,,0,,,0
Netherlands Antilles,ANT,1960,,,,,,0,,,0
Netherlands Antilles,ANT,1989,,,,,,0,,,0
Netherlands Antilles,ANT,1995,,,,,,40000,,,40000
New Caledonia,NCL,1939,,,,,,0,,,0
New Caledonia,NCL,1948,,,,,,0,,,0
New Caledonia,NCL,1951,,,,,,0,,,0
New Caledonia,NCL,1955,,,,,,0,,,0
New Caledonia,NCL,1959,,,,,,0,,,0
New Caledonia,NCL,1968,,,,,,0,,,0
New Caledonia,NCL,1969,,,,,,0,,,0
New Caledonia,NCL,1972,,,,,,0,,,0
New Caledonia,NCL,1975,,,,,,0,,,0
New Caledonia,NCL,1976,,,,,,0,,,0
New Caledonia,NCL,1981,,,,,,2000,,,2000
New Caledonia,NCL,1999,,,,,,0,,,0
New Caledonia,NCL,2003,,,,,,1100,,,1100
New Caledonia,NCL,2021,,,,,,0,,,0
New Zealand,NZL,1929,,0,,,,,,,0
New Zealand,NZL,1931,,11000,,,,,,,11000
New Zealand,NZL,1938,,,,0,,,,,0
New Zealand,NZL,1953,,,0,,,,,,0
New Zealand,NZL,1968,,314,,,,1000,,,1314
New Zealand,NZL,1976,,0,,,,129,,,129
New Zealand,NZL,1977,,,,120,,,,,120
New Zealand,NZL,1978,,,,2726,,,,,2726
New Zealand,NZL,1979,,,,,600,,,,600
New Zealand,NZL,1980,,,,2900,,,,,2900
New Zealand,NZL,1981,,,,2250,,,,,2250
New Zealand,NZL,1983,,,,140,,,,,140
New Zealand,NZL,1984,,,,6805,,,,,6805
New Zealand,NZL,1985,,,,270,,,,,270
New Zealand,NZL,1986,,,,1830,,,,,1830
New Zealand,NZL,1987,,7025,,700,,,130,,7855
New Zealand,NZL,1988,,,,1958,,0,,,1958
New Zealand,NZL,1989,,,,154,,,,,154
New Zealand,NZL,1991,,,,128,,,,,128
New Zealand,NZL,1992,,,,,,0,,,0
New Zealand,NZL,1994,0,,,157,,,,,157
New Zealand,NZL,1995,,,70,,,,,,70
New Zealand,NZL,1996,,,,,,2000,,,2000
New Zealand,NZL,1997,,,,200,,140,,,340
New Zealand,NZL,1998,,,,200,,,,,200
New Zealand,NZL,1999,,,,350,,,,,350
New Zealand,NZL,2000,,,,0,,0,,,0
New Zealand,NZL,2001,,,,,,,,0,0
New Zealand,NZL,2002,,,,300,,,,,300
New Zealand,NZL,2003,,,,,,0,,,0
New Zealand,NZL,2004,,,,5350,,,,,5350
New Zealand,NZL,2005,,,,400,,100,,,500
New Zealand,NZL,2006,,,,1200,,,,,1200
New Zealand,NZL,2007,,,,,,300,,,300
New Zealand,NZL,2010,,300002,,,,,,,300002
New Zealand,NZL,2011,,301845,,,,,,,301845
New Zealand,NZL,2012,,,,,,457,,,457
New Zealand,NZL,2013,0,13840,,,,0,,,13840
New Zealand,NZL,2015,,,,500,,,,,500
New Zealand,NZL,2016,,50,,300,,,,,350
New Zealand,NZL,2017,,,,2200,,183,,,2383
New Zealand,NZL,2018,,,,100,,,,,100
New Zealand,NZL,2019,,,23,,,,,,23
New Zealand,NZL,2020,,,,2700,,,195,,2895
New Zealand,NZL,2021,,,,1130,,750,,,1880
New Zealand,NZL,2022,,,,,,690,,,690
New Zealand,NZL,2023,,,,5400,,10803,,,16203
New Zealand,NZL,2024,,,,,,1200,,,1200
Nicaragua,NIC,1930,,0,,,,,,,0
Nicaragua,NIC,1931,,0,,,,,,,0
Nicaragua,NIC,1951,,0,,,,,,,0
Nicaragua,NIC,1960,,,,0,,,,,0
Nicaragua,NIC,1961,,,,,,15,,,15
Nicaragua,NIC,1968,,2000,,1560,,,,,3560
Nicaragua,NIC,1971,,,3600,,,4650,,,8250
Nicaragua,NIC,1972,,720000,,,,,,,720000
Nicaragua,NIC,1976,,,,8000,,,,,8000
Nicaragua,NIC,1979,,,,30000,,,,,30000
Nicaragua,NIC,1980,,,,40000,,,,,40000
Nicaragua,NIC,1982,,,,,,52000,,,52000
Nicaragua,NIC,1988,,,,,,360278,,,360278
Nicaragua,NIC,1990,,0,,106411,,,,,106411
Nicaragua,NIC,1991,,,,,,,0,,0
Nicaragua,NIC,1992,,6179,300075,,,,,,306254
Nicaragua,NIC,1993,,,,,,123000,,,123000
Nicaragua,NIC,1994,75000,,,,,,,,75000
Nicaragua,NIC,1995,,,12000,,,15085,,,27085
Nicaragua,NIC,1996,,,,,,10724,,,10724
Nicaragua,NIC,1997,290000,,,,,,,,290000
Nicaragua,NIC,1998,,238,,,,868228,,,868466
Nicaragua,NIC,1999,,,5695,107105,,,0,,112800
Nicaragua,NIC,2000,0,7477,,5500,,2510,,,15487
Nicaragua,NIC,2001,188000,,,,,24866,,,212866
Nicaragua,NIC,2002,,,,13546,,300,16000,,29846
Nicaragua,NIC,2004,,,,,5769,200,,,5969
Nicaragua,NIC,2005,,,,,,13643,,,13643
Nicaragua,NIC,2007,,,,24000,,188726,,,212726
Nicaragua,NIC,2008,,,,14188,,25000,,,39188
Nicaragua,NIC,2009,,,,6885,,19897,,,26782
Nicaragua,NIC,2010,,,,75860,,0,,,75860
Nicaragua,NIC,2011,,,,143018,,,,,143018
Nicaragua,NIC,2012,,,,29500,,,,,29500
Nicaragua,NIC,2013,,,,14149,,,,,14149
Nicaragua,NIC,2014,331981,12281,,60345,,,,,404607
Nicaragua,NIC,2015,128019,,,3750,,,,,131769
Nicaragua,NIC,2016,,,,,,10570,,,10570
Nicaragua,NIC,2017,,,,13715,,39200,,,52915
Nicaragua,NIC,2018,211184,,,13000,,,,,224184
Nicaragua,NIC,2019,88816,,,,,,,,88816
Nicaragua,NIC,2020,,,,,,930000,,,930000
Nicaragua,NIC,2022,,,,,,50112,,,50112
Nicaragua,NIC,2024,,,,,,0,,,0
Niger,NER,1903,0,,,,,,,,0
Niger,NER,1906,0,,,,,,,,0
Niger,NER,1907,0,,,,,,,,0
Niger,NER,1910,6396,,,,,,,,6396
Niger,NER,1911,6396,,,,,,,,6396
Niger,NER,1912,6396,,,,,,,,6396
Niger,NER,1913,6396,,,,,,,,6396
Niger,NER,1914,6416,,,,,,,,6416
Niger,NER,1940,0,,,,,,,,0
Niger,NER,1941,0,,,,,,,,0
Niger,NER,1942,0,,,,,,,,0
Niger,NER,1943,0,,,,,,,,0
Niger,NER,1944,0,,,,,,,,0
Niger,NER,1966,0,,,,,,,,0
Niger,NER,1967,0,,,,,,,,0
Niger,NER,1974,,,,16000,,,,,16000
Niger,NER,1980,367156,,,,,,,,367156
Niger,NER,1981,626225,,,,,,,,626225
Niger,NER,1982,626225,,,,,,,,626225
Niger,NER,1983,626225,,,,,,,,626225
Niger,NER,1984,626225,,,,,,,,626225
Niger,NER,1985,627944,,,,,,,,627944
Niger,NER,1988,1000000,,,80000,,,,,1080000
Niger,NER,1990,815000,,,,,,,,815000
Niger,NER,1991,815000,,,,,,,,815000
Niger,NER,1994,,,,61992,,,,,61992
Niger,NER,1997,3652,,,,,,,,3652
Niger,NER,1998,4848,,,20000,,,,,24848
Niger,NER,1999,,,,24395,,,,,24395
Niger,NER,2000,,,,4159,,,,,4159
Niger,NER,2001,1540239,,,20000,,,,,1560239
Niger,NER,2002,2044319,,,,,1253,,,2045572
Niger,NER,2003,,,,30000,,,,,30000
Niger,NER,2005,1393939,,,,,,,,1393939
Niger,NER,2006,1606061,,,46472,,,,,1652533
Niger,NER,2007,,,,57274,,,,,57274
Niger,NER,2008,,,,32000,,,,,32000
Niger,NER,2009,4546226,,,79129,,,,,4625355
Niger,NER,2010,3353774,,,233226,,,,,3587000
Niger,NER,2011,1497948,,,41175,,,,,1539123
Niger,NER,2012,1502052,,,530952,,,,,2033004
Niger,NER,2013,,,,181029,,,,,181029
Niger,NER,2014,,,,165578,,,,,165578
Niger,NER,2015,973645,,,87037,,,,,1060682
Niger,NER,2016,1292293,,,126266,,,,,1418559
Niger,NER,2017,1453490,,,209513,,,,,1663003
Niger,NER,2018,,,,130468,,,,,130468
Niger,NER,2019,,,,223000,,,,,223000
Niger,NER,2020,3700000,,,682620,,,,,4382620
Niger,NER,2021,,,,105750,,,,,105750
Niger,NER,2022,4400000,,,322185,,,,,4722185
Niger,NER,2023,,,,169651,,,,,169651
Niger,NER,2024,,,,1527058,,,,,1527058
Niger,NER,2025,,,,268215,,,,,268215
Nigeria,NGA,1978,,,,,,0,,,0
Nigeria,NGA,1983,679365,,,,,,,,679365
Nigeria,NGA,1984,1158730,,,,,,,,1158730
Nigeria,NGA,1985,1161905,,,6000,,,,,1167905
Nigeria,NGA,1988,,,,300000,1500,,,,301500
Nigeria,NGA,1992,,,,,,,,0,0
Nigeria,NGA,1994,,,,580000,,,,,580000
Nigeria,NGA,1998,,,,107000,,,,,107000
Nigeria,NGA,1999,,,,117000,,0,,,117000
Nigeria,NGA,2000,,,,5500,300,1000,,,6800
Nigeria,NGA,2001,,,,89917,,,,,89917
Nigeria,NGA,2002,,,,200,,,,0,200
Nigeria,NGA,2003,,,,210000,,,,,210000
Nigeria,NGA,2004,,,,29900,,,,,29900
Nigeria,NGA,2005,,,,4004,,,,,4004
Nigeria,NGA,2006,,,,13000,,,,,13000
Nigeria,NGA,2007,,,,55000,,,,,55000
Nigeria,NGA,2009,,,,150000,,,,,150000
Nigeria,NGA,2010,,,,1500200,,,,,1500200
Nigeria,NGA,2011,,,,30915,,12,,,30927
Nigeria,NGA,2012,,,,7000867,,15000,,,7015867
Nigeria,NGA,2013,,,,81506,,,,,81506
Nigeria,NGA,2014,,,,10000,,,,,10000
Nigeria,NGA,2015,,,,100420,,,,,100420
Nigeria,NGA,2016,,,,12000,,1000,,,13000
Nigeria,NGA,2017,,,,10500,,,,,10500
Nigeria,NGA,2018,,,,1938204,,,,,1938204
Nigeria,NGA,2019,,,,71140,,,,,71140
Nigeria,NGA,2020,,,,193725,,,,,193725
Nigeria,NGA,2021,,,,8330,,,,,8330
Nigeria,NGA,2022,19110398,,,2802500,,1500,,,21914398
Nigeria,NGA,2023,,,,31336,,,,,31336
Nigeria,NGA,2024,,,,1791469,,507,,,1791976
Nigeria,NGA,2025,,,,427406,,,,,427406
Niue,NIU,1959,,,,,,1600,,,1600
Niue,NIU,1960,,,,,,4000,,,4000
Niue,NIU,1968,,,,,,0,,,0
Niue,NIU,1990,,,,,,200,,,200
Niue,NIU,2004,,,,,,702,,,702
North America,OWID_NAM,1900,,,,0,,0,,,0
North America,OWID_NAM,1902,,0,0,,,,,,0
North America,OWID_NAM,1903,,,,1200,23,6180,,,7403
North America,OWID_NAM,1905,,,,,18,,,,18
North America,OWID_NAM,1906,,84564,,,,0,,,84564
North America,OWID_NAM,1907,,90000,,,,,,,90000
North America,OWID_NAM,1908,,,,,0,,,,0
North America,OWID_NAM,1909,,,,0,0,15000,,,15000
North America,OWID_NAM,1910,,0,,,0,0,,,0
North America,OWID_NAM,1911,,22,,,,,200,,222
North America,OWID_NAM,1912,,,,,,97520,,,97520
North America,OWID_NAM,1913,,,,,,0,,,0
North America,OWID_NAM,1915,,0,,,22,0,,,22
North America,OWID_NAM,1917,,0,,,,0,,,0
North America,OWID_NAM,1918,,0,,,,0,0,,0
North America,OWID_NAM,1919,0,,,,,0,,,0
North America,OWID_NAM,1920,0,167,,,,1374,,,1541
North America,OWID_NAM,1921,0,,,,,,,,0
North America,OWID_NAM,1922,0,,,,,,11000,,11000
North America,OWID_NAM,1923,0,,,,,1300,,,1300
North America,OWID_NAM,1925,,0,,,,0,,,0
North America,OWID_NAM,1926,,,,,,0,,,0
North America,OWID_NAM,1927,,,,0,,620,,,620
North America,OWID_NAM,1928,,0,,,,0,,,0
North America,OWID_NAM,1929,,,,,,0,0,,0
North America,OWID_NAM,1930,,0,,,,12000,,,12000
North America,OWID_NAM,1931,2497,0,,,,0,,,2497
North America,OWID_NAM,1932,2497,2120,,,,79820,,,84437
North America,OWID_NAM,1933,2497,0,,0,,1000,,,3497
North America,OWID_NAM,1934,2497,,,,,15000,,,17497
North America,OWID_NAM,1935,2497,,,,,500,,,2997
North America,OWID_NAM,1936,2497,0,,0,,0,,0,2497
North America,OWID_NAM,1937,2497,0,,1000000,0,,,,1002497
North America,OWID_NAM,1938,2497,,,,0,0,,,2497
North America,OWID_NAM,1939,2497,,,,,,,,2497
North America,OWID_NAM,1940,2527,0,,2000,,0,,,4527
North America,OWID_NAM,1943,,,3000,0,,,,,3000
North America,OWID_NAM,1944,,,,,,2000,0,,2000
North America,OWID_NAM,1945,,,,,,1001,,,1001
North America,OWID_NAM,1946,,0,,,,0,,,0
North America,OWID_NAM,1947,,,,,,0,0,,0
North America,OWID_NAM,1948,,,,0,,300,,,300
North America,OWID_NAM,1949,,0,0,0,,0,,,0
North America,OWID_NAM,1950,,,,107000,,228,,,107228
North America,OWID_NAM,1951,,0,,518000,,20200,,0,538200
North America,OWID_NAM,1952,,470,,0,,0,,,470
North America,OWID_NAM,1953,,,,,,11288,,,11288
North America,OWID_NAM,1954,,,,,0,284795,,,284795
North America,OWID_NAM,1955,,0,,0,2006,120205,,0,122211
North America,OWID_NAM,1956,,,,,,50293,0,,50293
North America,OWID_NAM,1957,,100,,,,0,,,100
North America,OWID_NAM,1958,,,,,,0,,0,0
North America,OWID_NAM,1959,,200,,0,,0,,,200
North America,OWID_NAM,1960,,0,,0,,1250,,,1250
North America,OWID_NAM,1961,0,,,,,10015,,,10015
North America,OWID_NAM,1962,,,,0,,56977,,0,56977
North America,OWID_NAM,1963,,,5200,0,,57050,,0,62250
North America,OWID_NAM,1964,,4000,,0,,90618,,,94618
North America,OWID_NAM,1965,100000,139720,,6000,22,2200,0,,247942
North America,OWID_NAM,1966,,,,2600,,354925,,0,357525
North America,OWID_NAM,1967,,,,8345,,272000,,,280345
North America,OWID_NAM,1968,550217,2500,15671,1560,,458,,0,570406
North America,OWID_NAM,1969,,,,4603,0,22842,,,27445
North America,OWID_NAM,1970,,,,69795,,202300,0,,272095
North America,OWID_NAM,1971,,2000,5600,,1500,4800,,,13900
North America,OWID_NAM,1972,150205,720000,,143370,0,0,,0,1013575
North America,OWID_NAM,1973,149795,4146,,155027,0,2756,,0,311724
North America,OWID_NAM,1974,507000,,,0,,893032,,,1400032
North America,OWID_NAM,1975,,1560,0,0,,30917,,,32477
North America,OWID_NAM,1976,,4993008,145003,23250,,576400,0,,5737661
North America,OWID_NAM,1977,450000,,,20700,,50000,,0,520700
North America,OWID_NAM,1978,0,3850,,9000,,18170,,,31020
North America,OWID_NAM,1979,0,9575,20000,398000,,1653873,,,2081448
North America,OWID_NAM,1980,25802,6360,2500,258350,,1301086,5000,0,1599098
North America,OWID_NAM,1981,25732,28,,150000,0,0,,,175760
North America,OWID_NAM,1982,25732,33217,40500,93456,,353500,,200,546605
North America,OWID_NAM,1983,181734,7088,3500,164575,0,291500,0,0,648397
North America,OWID_NAM,1984,24078,,3000,26600,,34657,,,88335
North America,OWID_NAM,1985,5922,2135204,,9445,0,1521461,0,,3672032
North America,OWID_NAM,1986,,772679,,234012,,4480,2000,0,1013171
North America,OWID_NAM,1987,36450,5344,3035,42637,,3928,0,0,91394
North America,OWID_NAM,1988,36550,2050,,1358748,0,2363022,,0,3760370
North America,OWID_NAM,1989,,4422,,24930,1060,70264,25000,0,125676
North America,OWID_NAM,1990,,14759,,186661,,14168,,0,215588
North America,OWID_NAM,1991,0,54655,0,800422,0,13000,300,,868377
North America,OWID_NAM,1992,1000000,12474,305075,17927,,306805,2190,16000,1660471
North America,OWID_NAM,1993,0,3240,,1027670,0,353385,130,0,1384425
North America,OWID_NAM,1994,75000,27225,75700,71326,125,1721362,4432,,1975170
North America,OWID_NAM,1995,0,67135,17000,191115,,343625,6500,0,625375
North America,OWID_NAM,1996,0,,4743,364433,175,1170594,50,,1539995
North America,OWID_NAM,1997,290000,17017,4200,262162,0,811647,2600,0,1387626
North America,OWID_NAM,1998,820000,238,1808,70100,128,4561858,49221,0,5503353
North America,OWID_NAM,1999,26063,138195,6345,1250977,,3332071,2519,0,4756170
North America,OWID_NAM,2000,40062,32651,41800,17407,200,119474,36087,0,287681
North America,OWID_NAM,2001,729627,1591102,,41573,,6225503,1339,1850,8590994
North America,OWID_NAM,2002,275605,,300,491454,474,859824,23088,0,1650745
North America,OWID_NAM,2003,72305,182328,,296983,435,263102,27894,0,843047
North America,OWID_NAM,2004,211559,533,,77519,6969,6142483,15487,0,6454550
North America,OWID_NAM,2005,,751,2000,63110,2535,7107621,783,31,7176831
North America,OWID_NAM,2006,,19999,200,120501,0,291631,2648,0,434979
North America,OWID_NAM,2007,0,1984,,1873826,0,944474,650991,,3471275
North America,OWID_NAM,2008,0,2103,,11793964,0,3688189,55320,0,15539576
North America,OWID_NAM,2009,2505659,178754,,224812,3028,222808,455,0,3135516
North America,OWID_NAM,2010,33865,3725862,1800,1200474,50696,1289827,,,6302524
North America,OWID_NAM,2011,2505476,552,,1632352,0,999205,13105,122643,5273333
North America,OWID_NAM,2012,391485,1371515,10000,94306,,853727,2847,0,2723880
North America,OWID_NAM,2013,0,572,63079,220772,,349474,2375,0,636272
North America,OWID_NAM,2014,2423459,137695,,310205,150,245350,429,5397,3122685
North America,OWID_NAM,2015,2313162,,18450,208933,1112,82773,26400,2744,2653574
North America,OWID_NAM,2016,4038159,120,,3510263,46,87564586,96452,,95209626
North America,OWID_NAM,2017,499765,1459851,,174919,0,11935516,55745,,14125796
North America,OWID_NAM,2018,1792679,44840,1716914,392688,1366,1564563,256240,0,5769290
North America,OWID_NAM,2019,753931,310,,44175,,106190,1265,,905871
North America,OWID_NAM,2020,0,29621,,158956,525,9326336,0,,9515438
North America,OWID_NAM,2021,0,724714,13300,297882,,26022,63392,0,1125310
North America,OWID_NAM,2022,0,68222,,3096122,,5797303,3620,,8965267
North America,OWID_NAM,2023,10300,,1054,4958543,123325,1342625,38497,25,6474369
North America,OWID_NAM,2024,100000,6007,,1900177,11332,5060799,7739,2567,7088621
North America,OWID_NAM,2025,0,29100,518948,651495,,7734518,2334,,8936395
North Korea,PRK,1987,,,,20071,,,,,20071
North Korea,PRK,1993,,,,,,2500,,,2500
North Korea,PRK,1995,,,,6200000,,,,,6200000
North Korea,PRK,1996,,,,3270000,,,,,3270000
North Korea,PRK,1997,,,,29000,,0,,,29000
North Korea,PRK,1998,,,,10172,,,,,10172
North Korea,PRK,1999,,,,42135,,,,,42135
North Korea,PRK,2000,,,,,,627180,,,627180
North Korea,PRK,2001,,,,187584,,,,,187584
North Korea,PRK,2002,,,,58443,,7401,,,65844
North Korea,PRK,2004,,,,199705,,,,,199705
North Korea,PRK,2005,,,,16298,,,,,16298
North Korea,PRK,2006,,,,91824,,,,,91824
North Korea,PRK,2007,,,,1170518,,1649,,,1172167
North Korea,PRK,2010,,,,55785,,40000,,,95785
North Korea,PRK,2011,,,,51093,,6499,,,57592
North Korea,PRK,2012,3000000,,,93089,,44461,,,3137550
North Korea,PRK,2013,,,,848690,,,,,848690
North Korea,PRK,2015,18000000,,,3541,,,,,18003541
North Korea,PRK,2016,,,,667715,,,,,667715
North Korea,PRK,2018,,,,581268,,58143,,13768,653179
North Korea,PRK,2019,10100000,,,,,5300000,,,15400000
North Korea,PRK,2020,,,,85000,,,,,85000
North Korea,PRK,2021,,,,5000,,,,,5000
North Korea,PRK,2024,,,,4200,,,,,4200
North Macedonia,MKD,1993,10000,,,,,,,,10000
North Macedonia,MKD,1995,,,,1500,,,,,1500
North Macedonia,MKD,2000,,,,,,,0,,0
North Macedonia,MKD,2001,,,,,,,,0,0
North Macedonia,MKD,2002,,,,1650,,,,,1650
North Macedonia,MKD,2003,,,,4750,,,,,4750
North Macedonia,MKD,2004,,,,100000,,,,0,100000
North Macedonia,MKD,2005,,,,2000,,3,,,2003
North Macedonia,MKD,2006,,,,1500,,,,,1500
North Macedonia,MKD,2007,,,,,,,1000000,202,1000202
North Macedonia,MKD,2012,,,,,,,,5100,5100
North Macedonia,MKD,2013,,,,4864,,,,,4864
North Macedonia,MKD,2014,,,,,,,,5028,5028
North Macedonia,MKD,2015,,,,105030,,,,3772,108802
North Macedonia,MKD,2016,,100,,33582,,,,,33682
North Macedonia,MKD,2017,,,,,,,,2220,2220
North Macedonia,MKD,2021,,,,,,,80000,,80000
Northern Mariana Islands,MNP,2002,,,,,,300,,,300
Northern Mariana Islands,MNP,2003,,,0,,,,,,0
Northern Mariana Islands,MNP,2004,,,,,,200,,,200
Northern Mariana Islands,MNP,2015,,,,,,360,,,360
Northern Mariana Islands,MNP,2018,,,,,,0,,,0
Norway,NOR,1936,,,,,0,,,,0
Norway,NOR,1990,,,,,,0,,,0
Norway,NOR,1992,,,,,,0,,,0
Norway,NOR,1993,,,,,,0,,,0
Norway,NOR,1995,,,,4000,,,,,4000
Norway,NOR,2000,,,,600,,,,,600
Norway,NOR,2001,,,,1500,,,,,1500
Norway,NOR,2005,,,,,,0,,,0
Norway,NOR,2006,,,,200,,,,,200
Norway,NOR,2008,,,,,,100,,,100
Norway,NOR,2011,,,,,,500,,,500
Norway,NOR,2013,,,,500,,,,,500
Norway,NOR,2019,,,,,150,,,,150
Norway,NOR,2020,,,,,1010,,,,1010
Norway,NOR,2022,,,,,,0,,0,0
Norway,NOR,2023,,,,,,,,0,0
Norway,NOR,2024,,,,,,,,0,0
Oceania,OWID_OCE,1914,,,,,,0,,,0
Oceania,OWID_OCE,1925,,,,,,0,,,0
Oceania,OWID_OCE,1929,,0,,,,,,,0
Oceania,OWID_OCE,1931,,11000,,,,0,,,11000
Oceania,OWID_OCE,1937,,,7500,,,,,,7500
Oceania,OWID_OCE,1938,,,,0,,,,,0
Oceania,OWID_OCE,1939,,,,,,0,3900,,3900
Oceania,OWID_OCE,1940,,,,,,0,,,0
Oceania,OWID_OCE,1941,,,,,,0,,,0
Oceania,OWID_OCE,1942,,,,,,0,,,0
Oceania,OWID_OCE,1943,,,,,,0,,,0
Oceania,OWID_OCE,1944,,,,,,,2100,,2100
Oceania,OWID_OCE,1946,,,2500,,,0,,,2500
Oceania,OWID_OCE,1948,,,,,,0,,,0
Oceania,OWID_OCE,1951,,0,0,,,0,,,0
Oceania,OWID_OCE,1952,,,,,,800,,,800
Oceania,OWID_OCE,1953,,,0,,,,,,0
Oceania,OWID_OCE,1955,,,,15000,,0,,,15000
Oceania,OWID_OCE,1956,,,,,,0,,,0
Oceania,OWID_OCE,1957,,,3200,,,,,,3200
Oceania,OWID_OCE,1958,,,,,,0,,,0
Oceania,OWID_OCE,1959,,,,,,1600,,,1600
Oceania,OWID_OCE,1960,,,2000,,,4000,,,6000
Oceania,OWID_OCE,1961,,,,,,8000,,,8000
Oceania,OWID_OCE,1962,,,,,,0,,,0
Oceania,OWID_OCE,1964,,,,18000,,0,,,18000
Oceania,OWID_OCE,1965,,,,,,10000,,,10000
Oceania,OWID_OCE,1966,,,,,,96000,,,96000
Oceania,OWID_OCE,1967,0,,,,,0,3100,,3100
Oceania,OWID_OCE,1968,0,4604,,,,1204,1800,,7608
Oceania,OWID_OCE,1969,0,,,,,0,,,0
Oceania,OWID_OCE,1970,,4020,,,,0,,,4020
Oceania,OWID_OCE,1971,,,6000,0,0,257,,,6257
Oceania,OWID_OCE,1972,,,,,,121400,,,121400
Oceania,OWID_OCE,1973,,,,6000,,7050,,,13050
Oceania,OWID_OCE,1974,0,,,6000,,69940,,,75940
Oceania,OWID_OCE,1975,0,0,,,,23000,,,23000
Oceania,OWID_OCE,1976,0,0,,10000,,129,,,10129
Oceania,OWID_OCE,1977,,6506,,120,,10005,0,,16631
Oceania,OWID_OCE,1978,0,,,2726,,100,,,2826
Oceania,OWID_OCE,1979,,,,,600,41900,,,42500
Oceania,OWID_OCE,1980,8052,,,2900,,35250,,,46202
Oceania,OWID_OCE,1981,71948,,,2250,,6700,,,80898
Oceania,OWID_OCE,1982,40000,,,,,176514,,,216514
Oceania,OWID_OCE,1983,31000,0,25000,13140,,217196,12000,,298336
Oceania,OWID_OCE,1984,,,,6805,,0,,,6805
Oceania,OWID_OCE,1985,,0,,270,,240150,100,,240520
Oceania,OWID_OCE,1986,,1000,,216830,,158512,,,376342
Oceania,OWID_OCE,1987,,11025,,700,0,55804,130,,67659
Oceania,OWID_OCE,1988,,500,,1958,4000,6700,,,13158
Oceania,OWID_OCE,1989,,2115,,154,,0,,,2269
Oceania,OWID_OCE,1990,,2,,6243,,205105,0,,211350
Oceania,OWID_OCE,1991,0,,,685,5000,94408,,,100093
Oceania,OWID_OCE,1992,192717,,0,90000,,8822,,,291539
Oceania,OWID_OCE,1993,2269094,20291,,74530,,312768,,3000500,5677183
Oceania,OWID_OCE,1994,2269094,5025,152002,157,,2860414,46161,1100184,6433037
Oceania,OWID_OCE,1995,2269095,,70,,,431769,,500100,3201034
Oceania,OWID_OCE,1996,,,1829,13226,109,624806,,,639970
Oceania,OWID_OCE,1997,125256,,,600,0,21460,8000,,155316
Oceania,OWID_OCE,1998,667379,9867,,15375,511,5971,,,699103
Oceania,OWID_OCE,1999,84000,14100,,38350,,12469,2000,,150919
Oceania,OWID_OCE,2000,,5000,,600,,1350,200,,7150
Oceania,OWID_OCE,2001,,201,4500,4001,,18251,1339,0,28292
Oceania,OWID_OCE,2002,0,6473,13000,3301,174,18306,3305,,44559
Oceania,OWID_OCE,2003,,,0,473,621,34595,2650,,38339
Oceania,OWID_OCE,2004,,,9600,19570,,89923,,,119093
Oceania,OWID_OCE,2005,,200,20000,5893,,1934,220,,28247
Oceania,OWID_OCE,2006,0,,3299,14924,10300,9198,141,,37862
Oceania,OWID_OCE,2007,,2384,,5900,,163329,,,171613
Oceania,OWID_OCE,2008,,,1847,84385,0,12000,,,98232
Oceania,OWID_OCE,2009,,8591,7553,27706,0,19245,9954,2000,75049
Oceania,OWID_OCE,2010,,301128,,56183,,45509,,,402820
Oceania,OWID_OCE,2011,0,301845,,146051,,46900,120,,494916
Oceania,OWID_OCE,2012,,,,240381,0,24062,,,264443
Oceania,OWID_OCE,2013,6384,17169,,45227,,7500,1440,,77720
Oceania,OWID_OCE,2014,,,1380,79580,,88905,290,0,170155
Oceania,OWID_OCE,2015,2608963,,,20500,,291206,743,,2921412
Oceania,OWID_OCE,2016,113237,9820,,7180,,545950,540,,676727
Oceania,OWID_OCE,2017,,,11000,7204,,53747,143,,72094
Oceania,OWID_OCE,2018,0,544300,14322,700,,267200,,0,826522
Oceania,OWID_OCE,2019,,651,15823,10250,0,17780,6581,0,51085
Oceania,OWID_OCE,2020,,,,63600,100,515735,3124,,582559
Oceania,OWID_OCE,2021,10204,,3383,20980,,99414,243,,134224
Oceania,OWID_OCE,2022,4480,1969,84176,247212,,70254,,,408091
Oceania,OWID_OCE,2023,34936,16274,,7137,,959224,,,1017571
Oceania,OWID_OCE,2024,92389,85267,,5576,7849,25134,,,216215
Oceania,OWID_OCE,2025,,,,630,0,50013,419,,51062
Oman,OMN,1977,,,,,,6596,,,6596
Oman,OMN,1981,,,,,,0,,,0
Oman,OMN,2003,,,,,,0,,,0
Oman,OMN,2007,,,,,,20000,,,20000
Oman,OMN,2010,,,,,,0,,,0
Oman,OMN,2011,,,,,,200,,,200
Oman,OMN,2015,,,,,,6000,,,6000
Oman,OMN,2016,,,,0,,,,,0
Oman,OMN,2017,,,,200,,,,,200
Oman,OMN,2018,,,,,,0,,,0
Oman,OMN,2019,,,,0,,,,,0
Oman,OMN,2020,,,,100,,,,,100
Oman,OMN,2021,,,,,,90,,,90
Oman,OMN,2024,,,,1391,,,,,1391
Pakistan,PAK,1909,,0,,,,,,,0
Pakistan,PAK,1926,,,,,,0,,,0
Pakistan,PAK,1935,,25000,,,,,,,25000
Pakistan,PAK,1939,,,,,,0,,,0
Pakistan,PAK,1944,,,,,,10000,,,10000
Pakistan,PAK,1945,,0,,,,,,,0
Pakistan,PAK,1950,,,,0,,,,,0
Pakistan,PAK,1953,,,,,,,,0,0
Pakistan,PAK,1954,,,,0,,,,,0
Pakistan,PAK,1955,,0,,,,,,,0
Pakistan,PAK,1956,,,,0,,,,,0
Pakistan,PAK,1957,,,,0,,,,,0
Pakistan,PAK,1959,,,,0,0,,,,0
Pakistan,PAK,1964,,,,74427,,400000,,,474427
Pakistan,PAK,1965,,,,,,0,,,0
Pakistan,PAK,1967,,,,150000,,,,,150000
Pakistan,PAK,1972,,5000,,,,,,,5000
Pakistan,PAK,1973,,,,4800000,,,,,4800000
Pakistan,PAK,1974,,50200,,,,,,,50200
Pakistan,PAK,1975,,,,,,,,0,0
Pakistan,PAK,1976,,,,5566000,,,,,5566000
Pakistan,PAK,1977,,,,1022000,,,,,1022000
Pakistan,PAK,1978,,,,2246000,,,,,2246000
Pakistan,PAK,1979,,,,3200,,,,0,3200
Pakistan,PAK,1980,,,,86200,,23,,,86223
Pakistan,PAK,1981,,2237,,0,,600,,,2837
Pakistan,PAK,1982,,,,10000,,,,,10000
Pakistan,PAK,1983,,,,64300,100,,,,64400
Pakistan,PAK,1984,,12,,2000,,,,,2012
Pakistan,PAK,1985,,12038,,,,,,,12038
Pakistan,PAK,1986,,750,,,,250,,,1000
Pakistan,PAK,1988,,,,1000000,0,0,,,1000000
Pakistan,PAK,1989,,,,142400,,,,,142400
Pakistan,PAK,1990,,290,,,,,,0,290
Pakistan,PAK,1991,,204794,,0,0,,,250,205044
Pakistan,PAK,1992,,2300,,12839868,200,,,,12842368
Pakistan,PAK,1993,,,,261295,314,0,,,261609
Pakistan,PAK,1994,,,,840016,,20,,,840036
Pakistan,PAK,1995,,,,1855000,,,,,1855000
Pakistan,PAK,1996,,,,1300000,0,,,0,1300000
Pakistan,PAK,1997,,10100,,851384,,0,,0,861484
Pakistan,PAK,1998,,611,,200000,3000,0,,,203611
Pakistan,PAK,1999,88173,,,1043,,536351,,0,625567
Pakistan,PAK,2000,527595,,,,,,,0,527595
Pakistan,PAK,2001,527595,914292,,400179,12,500,,,1842578
Pakistan,PAK,2002,527595,155847,,4010,,12,,24,687488
Pakistan,PAK,2003,529042,,,1266243,0,2557,,0,1797842
Pakistan,PAK,2004,,13148,,0,,,,,13148
Pakistan,PAK,2005,,5128309,,7527043,0,0,,200,12655552
Pakistan,PAK,2006,,,,8125,5,,,100,8230
Pakistan,PAK,2007,,,,2706,5,1650000,,,1652711
Pakistan,PAK,2008,,75320,,290764,,,,,366084
Pakistan,PAK,2009,,,,75080,,,,,75080
Pakistan,PAK,2010,,,,20363496,30405,4000,,,20397901
Pakistan,PAK,2011,,1000,,5400755,,,,,5401755
Pakistan,PAK,2012,,,,5050564,0,,,,5050564
Pakistan,PAK,2013,,200974,,1497782,,,,,1698756
Pakistan,PAK,2014,,,,2530673,,82,,0,2530755
Pakistan,PAK,2015,,502675,,1577490,0,,,80000,2160165
Pakistan,PAK,2016,,142,,10762,,191,,,11095
Pakistan,PAK,2017,,,,63017,113,113,,,63243
Pakistan,PAK,2018,,,,5000,,,,0,5000
Pakistan,PAK,2019,4680912,130398,,897,,135,,,4812342
Pakistan,PAK,2020,,,,1560185,0,1000104,,,2560289
Pakistan,PAK,2021,,64100,,357,,28,,,64485
Pakistan,PAK,2022,,0,,33012865,,0,4004,0,33016869
Pakistan,PAK,2023,,939,,119804,25,0,,0,120768
Pakistan,PAK,2024,,,,555000,,17903,,7905,580808
Pakistan,PAK,2025,,,,6901067,,171,,,6901238
Palau,PLW,2012,,,,,,1250,,,1250
Palau,PLW,2013,,,,,,0,,,0
Palau,PLW,2015,7138,,,,,,,,7138
Palau,PLW,2016,7062,,,,,,,,7062
Palau,PLW,2021,,,,,,7288,,,7288
Palestine,PSE,2010,,,,500,,,,,500
Palestine,PSE,2012,,,,1500,,,,,1500
Palestine,PSE,2013,,,,12500,,50071,,,62571
Palestine,PSE,2015,,,,,,31050,,,31050
Palestine,PSE,2020,,,,,,,,30000,30000
Palestine,PSE,2022,,,,,,,,3500,3500
Palestine,PSE,2025,,,,,,235020,,,235020
Panama,PAN,1964,,,,,,518,,,518
Panama,PAN,1966,,,,2600,,,,,2600
Panama,PAN,1970,,,,44345,,,,,44345
Panama,PAN,1972,,,,300,,,,,300
Panama,PAN,1973,,,,4000,,,,,4000
Panama,PAN,1978,,,,2000,,,,,2000
Panama,PAN,1983,81000,,,,,,,,81000
Panama,PAN,1984,,,,1000,,,,,1000
Panama,PAN,1986,,,,6000,,,,,6000
Panama,PAN,1988,,,,,,8732,,,8732
Panama,PAN,1991,,20096,,20061,,,,,40157
Panama,PAN,1992,,,,,,50,,,50
Panama,PAN,1995,,,,500,,,,,500
Panama,PAN,1998,,,,,,7500,,,7500
Panama,PAN,1999,,,,895,,,,,895
Panama,PAN,2000,,,,1000,,,,,1000
Panama,PAN,2001,,,,775,,,,,775
Panama,PAN,2002,,,,26500,,,,,26500
Panama,PAN,2003,,1415,,1000,,,,,2415
Panama,PAN,2004,,,,22748,,,,,22748
Panama,PAN,2005,,,,7000,,,,,7000
Panama,PAN,2006,,,,6430,,,1436,,7866
Panama,PAN,2007,,,,129,,,,,129
Panama,PAN,2008,,,,23837,,,,,23837
Panama,PAN,2009,,,,4248,,,,,4248
Panama,PAN,2010,,,,32941,,,,,32941
Panama,PAN,2011,,,,4000,,,,,4000
Panama,PAN,2012,,,,9448,,,,,9448
Panama,PAN,2013,0,,,,,,,,0
Panama,PAN,2014,,,,116,,,,,116
Panama,PAN,2015,0,,,3500,,,,,3500
Panama,PAN,2016,,,,,,12000,,,12000
Panama,PAN,2017,,,,,,12000,,,12000
Panama,PAN,2018,0,,,,,,,,0
Panama,PAN,2019,0,,,,,,,,0
Panama,PAN,2020,,,,150,,5000,,,5150
Panama,PAN,2021,,,,30190,,,,,30190
Panama,PAN,2022,,,,150,,,,,150
Panama,PAN,2024,,,,,,3895,,,3895
Panama,PAN,2025,,,,,,800,,,800
Papua New Guinea,PNG,1937,,,7500,,,,,,7500
Papua New Guinea,PNG,1951,,0,0,,,,,,0
Papua New Guinea,PNG,1957,,,3200,,,,,,3200
Papua New Guinea,PNG,1960,,,2000,,,,,,2000
Papua New Guinea,PNG,1970,,4020,,,,,,,4020
Papua New Guinea,PNG,1971,,,,,0,,,,0
Papua New Guinea,PNG,1972,,,,,,0,,,0
Papua New Guinea,PNG,1979,,,,,0,,,,0
Papua New Guinea,PNG,1980,8052,,,,,,,,8052
Papua New Guinea,PNG,1981,31948,,,,,,,,31948
Papua New Guinea,PNG,1983,,0,25000,13000,,,,,38000
Papua New Guinea,PNG,1985,,0,,,,,,,0
Papua New Guinea,PNG,1986,,1000,,,,,,,1000
Papua New Guinea,PNG,1987,,4000,,,,,,,4000
Papua New Guinea,PNG,1988,,,,,1000,,,,1000
Papua New Guinea,PNG,1990,,0,,,,,,,0
Papua New Guinea,PNG,1991,,,,,5000,,,,5000
Papua New Guinea,PNG,1992,,,0,90000,,,,,90000
Papua New Guinea,PNG,1993,,20200,,54000,,40040,,,114240
Papua New Guinea,PNG,1994,,,152002,,,,,,152002
Papua New Guinea,PNG,1996,,,1829,,8,,,,1837
Papua New Guinea,PNG,1997,125256,,,,,7500,8000,,140756
Papua New Guinea,PNG,1998,374744,9867,,,,,,,384611
Papua New Guinea,PNG,1999,,,,38000,,,,,38000
Papua New Guinea,PNG,2000,,5000,,,,,,,5000
Papua New Guinea,PNG,2001,,201,,,,,,,201
Papua New Guinea,PNG,2002,,5470,13000,,174,,,,18644
Papua New Guinea,PNG,2003,,,,,621,,,,621
Papua New Guinea,PNG,2004,,,9600,10000,,,,,19600
Papua New Guinea,PNG,2005,,200,15000,2493,,,,,17693
Papua New Guinea,PNG,2006,,,3299,12400,10300,,,,25999
Papua New Guinea,PNG,2007,,,,,,162140,,,162140
Papua New Guinea,PNG,2008,,,,75300,0,,,,75300
Papua New Guinea,PNG,2009,,,,,0,,,,0
Papua New Guinea,PNG,2011,,,,,,0,,,0
Papua New Guinea,PNG,2012,,,,200000,0,,,,200000
Papua New Guinea,PNG,2013,,,,35000,,,,,35000
Papua New Guinea,PNG,2014,,,1380,27000,,12346,,,40726
Papua New Guinea,PNG,2015,2520000,,,20000,,9199,,,2549199
Papua New Guinea,PNG,2016,,,,6600,,,,,6600
Papua New Guinea,PNG,2018,,544300,736,,,,,,545036
Papua New Guinea,PNG,2019,,651,15800,350,0,,,,16801
Papua New Guinea,PNG,2020,,,,60900,100,,,,61000
Papua New Guinea,PNG,2022,,1969,,,,,,,1969
Papua New Guinea,PNG,2023,,16274,,,,,,,16274
Papua New Guinea,PNG,2024,,5002,,,7849,,,,12851
Papua New Guinea,PNG,2025,,,,,0,,,,0
Paraguay,PRY,1963,6690,,,,,,,,6690
Paraguay,PRY,1964,6710,,,,,,,,6710
Paraguay,PRY,1965,,,,25000,,,,,25000
Paraguay,PRY,1966,,,,7390,,,,,7390
Paraguay,PRY,1971,,,,27000,,,,,27000
Paraguay,PRY,1979,,,,190000,,,,,190000
Paraguay,PRY,1982,,,,85000,,,,,85000
Paraguay,PRY,1983,,,,100000,,,,,100000
Paraguay,PRY,1988,,,,45000,,,,,45000
Paraguay,PRY,1990,,,,15000,,,,,15000
Paraguay,PRY,1992,,,,65575,,,,,65575
Paraguay,PRY,1995,,,,275000,,,,,275000
Paraguay,PRY,1997,,,,75000,,77,,,75077
Paraguay,PRY,1998,,,,0,,,,,0
Paraguay,PRY,1999,6534,,,,,,,,6534
Paraguay,PRY,2000,11145,,,,,,,0,11145
Paraguay,PRY,2001,11145,,,,,,,,11145
Paraguay,PRY,2002,11176,,,2765,,12500,,,26441
Paraguay,PRY,2004,,,,,,,,0,0
Paraguay,PRY,2005,52990,,,,,,,,52990
Paraguay,PRY,2007,,,,,,,125000,,125000
Paraguay,PRY,2008,18000,,,,,47655,,,65655
Paraguay,PRY,2009,200000,,,12035,,700,,,212735
Paraguay,PRY,2010,,,,,,,,0,0
Paraguay,PRY,2011,,,,,,2000,,,2000
Paraguay,PRY,2012,1391900,,,78945,,25100,,,1495945
Paraguay,PRY,2013,25068,,,61400,,50000,,,136468
Paraguay,PRY,2014,49932,,,233360,,,,,283292
Paraguay,PRY,2015,,,,98284,,10025,,,108309
Paraguay,PRY,2016,0,,,41866,,,,,41866
Paraguay,PRY,2018,,,,46300,,,,,46300
Paraguay,PRY,2019,,,,521197,,,4000,,525197
Paraguay,PRY,2021,,,,6000,,,,,6000
Paraguay,PRY,2023,,,,46675,,,,,46675
Paraguay,PRY,2025,,,,,,0,,,0
Peru,PER,1913,,0,,,,,,,0
Peru,PER,1914,,0,,,,,,,0
Peru,PER,1939,,0,,,,,,,0
Peru,PER,1940,,3500,,,,,,,3500
Peru,PER,1941,,,,,0,,,,0
Peru,PER,1942,,25,,,,,,,25
Peru,PER,1943,,0,,,,,,,0
Peru,PER,1946,,0,,,,,,,0
Peru,PER,1947,,0,,,,,,,0
Peru,PER,1950,,200,,,0,,,,200
Peru,PER,1953,,1020,,,,,,,1020
Peru,PER,1958,,0,,,,,,,0
Peru,PER,1960,,200,,,,,,,200
Peru,PER,1962,,,,,0,0,,,0
Peru,PER,1965,,,,0,,,,,0
Peru,PER,1966,156000,108356,,,,,,,264356
Peru,PER,1967,,,,50300,,,,,50300
Peru,PER,1968,,420,,,,,,,420
Peru,PER,1969,128604,3216,,,,,,,131820
Peru,PER,1970,,3231492,,136050,,,,,3367542
Peru,PER,1971,,,,330000,0,,,,330000
Peru,PER,1972,,1575000,,,,,,,1575000
Peru,PER,1973,,,,,0,,,,0
Peru,PER,1974,,43674,,,13500,,,,57174
Peru,PER,1977,,,,940,,,,,940
Peru,PER,1978,,,,22000,,,,,22000
Peru,PER,1979,,1100,,,,,,,1100
Peru,PER,1980,,3000,,36000,,,,,39000
Peru,PER,1981,,12271,,5000,0,,,,17271
Peru,PER,1982,,0,,55000,30000,,,,85000
Peru,PER,1983,620000,0,,,700000,,,2700,1322700
Peru,PER,1984,,,,,0,,,,0
Peru,PER,1985,,400,,,4000,,,,4400
Peru,PER,1986,,8180,,200000,366,,,,208546
Peru,PER,1987,,,,28519,385,,,,28904
Peru,PER,1988,,,,0,6025,,,,6025
Peru,PER,1989,,,,500,,,,,500
Peru,PER,1990,2200000,100800,4000,2600,0,,,,2307400
Peru,PER,1991,,47285,,,,,,0,47285
Peru,PER,1992,1100000,,,30000,,,,,1130000
Peru,PER,1993,,145,,219000,,,,,219145
Peru,PER,1994,,,,101130,,,,,101130
Peru,PER,1995,,,,,0,,,,0
Peru,PER,1996,,76722,,,,,,,76722
Peru,PER,1997,,,,,30000,47405,1000,,78405
Peru,PER,1998,,,,,2607,533325,,,535932
Peru,PER,1999,,8130,,491200,1200,,,,500530
Peru,PER,2000,,,,50,0,,,,50
Peru,PER,2001,,354098,,66310,150,,,,420558
Peru,PER,2002,21500,,,10868,,86682,,,119050
Peru,PER,2003,,,,61222,,,,1839888,1901110
Peru,PER,2004,0,,,11740,76,,,2137467,2149283
Peru,PER,2005,,2505,,,,,,,2505
Peru,PER,2006,0,,3000,15325,,,,,18325
Peru,PER,2007,,658331,,47714,,,,884572,1590617
Peru,PER,2008,,,,450012,,,,,450012
Peru,PER,2009,,,,60541,2615,,,24262,87418
Peru,PER,2010,,,,255767,1054,,,49294,306115
Peru,PER,2011,,2681,,150203,,0,,21746,174630
Peru,PER,2012,,4435,,722771,0,,,30113,757319
Peru,PER,2013,,7084,454,181121,,,,92701,281360
Peru,PER,2014,,604,586,71738,,,,109257,182185
Peru,PER,2015,,,,171780,,,,200620,372400
Peru,PER,2016,,11439,,10000,,,,,21439
Peru,PER,2017,,,,2188505,,,,,2188505
Peru,PER,2018,,9319,,,,,,,9319
Peru,PER,2019,,4272,30000,8945,28,,0,,43245
Peru,PER,2020,,,,7585,13,,,,7598
Peru,PER,2021,,19333,,29204,,,,,48537
Peru,PER,2022,,602,0,500,3113,,,,4215
Peru,PER,2023,,141,,534494,6327,45000,,,585962
Peru,PER,2024,,9063,,549,,149,1885,,11646
Peru,PER,2025,,639,,65116,25,,,,65780
Philippines,PHL,1905,,,,,,0,,,0
Philippines,PHL,1911,,,199,,,,,,199
Philippines,PHL,1912,,,,,,0,,,0
Philippines,PHL,1918,,0,,,,,,,0
Philippines,PHL,1925,,0,,,,,,,0
Philippines,PHL,1931,,,,,,0,,,0
Philippines,PHL,1932,,,,,,2500,,,2500
Philippines,PHL,1934,,,,,,0,,,0
Philippines,PHL,1936,,,,,,0,,,0
Philippines,PHL,1937,,200,,,,0,,,200
Philippines,PHL,1938,,,,,,0,,,0
Philippines,PHL,1940,,,,,,0,,,0
Philippines,PHL,1946,,,,,,0,,,0
Philippines,PHL,1948,,0,,,,,,,0
Philippines,PHL,1949,,,,,,0,,,0
Philippines,PHL,1950,,,0,,,,,,0
Philippines,PHL,1951,,,0,,,50000,,,50000
Philippines,PHL,1952,,,,,,500452,,,500452
Philippines,PHL,1954,,101,,,,,,,101
Philippines,PHL,1955,,2000,,,,0,,,2000
Philippines,PHL,1956,,,,,,0,,,0
Philippines,PHL,1957,,,,,,0,,,0
Philippines,PHL,1959,,,,,,0,,,0
Philippines,PHL,1960,,0,,,0,445000,,,445000
Philippines,PHL,1962,,,,,,0,,,0
Philippines,PHL,1963,,,,,,2000,,,2000
Philippines,PHL,1964,,,,,,1225546,,,1225546
Philippines,PHL,1965,,,58785,,,0,,,58785
Philippines,PHL,1966,,,,,,286000,,,286000
Philippines,PHL,1967,,,,,,137000,,,137000
Philippines,PHL,1968,,261,51000,0,,226643,,,277904
Philippines,PHL,1969,,,1700,,,0,,,1700
Philippines,PHL,1970,,200,,,,1812547,,,1812747
Philippines,PHL,1971,,,,,,46511,,,46511
Philippines,PHL,1972,,,,2770647,,492678,,,3263325
Philippines,PHL,1973,,64,,5000,,4445024,,,4450088
Philippines,PHL,1974,,,,1201823,,132073,,,1333896
Philippines,PHL,1975,,,,99,,5224,,,5323
Philippines,PHL,1976,,181348,11510,15878,,2704570,,,2913306
Philippines,PHL,1977,,60030,,7299,,158219,,,225548
Philippines,PHL,1978,3665,,26000,2500,7,2150619,,,2182791
Philippines,PHL,1979,,,,16000,,585521,,,601521
Philippines,PHL,1980,1002100,,,25980,0,1866965,,,2895045
Philippines,PHL,1981,,,,309695,0,1101545,,,1411240
Philippines,PHL,1982,,,,297000,,1019615,,,1316615
Philippines,PHL,1983,1691060,1901,,1835,,170530,,,1865326
Philippines,PHL,1984,,,70000,,,4535206,,,4605206
Philippines,PHL,1985,,175,,5444,0,1603974,,,1609593
Philippines,PHL,1986,,,,615,,1242736,,,1243351
Philippines,PHL,1987,1002100,,,,,3237632,,,4239732
Philippines,PHL,1988,,,,,0,4517505,,,4517505
Philippines,PHL,1989,,,,307511,1277,2136865,,,2445653
Philippines,PHL,1990,12943,1632072,,712736,,6319583,,,8677334
Philippines,PHL,1991,152402,,1041865,823,,1571865,,,2766955
Philippines,PHL,1992,88937,,1578,1053832,,1046294,,,2190641
Philippines,PHL,1993,,,165009,348084,0,3581327,,,4094420
Philippines,PHL,1994,,271084,,811583,73843,1991217,,,3147727
Philippines,PHL,1995,,0,2500,129185,,3276812,,,3408497
Philippines,PHL,1996,,,,96000,8,37628,,,133636
Philippines,PHL,1997,,,,105000,,366770,,,471770
Philippines,PHL,1998,2600000,,,,,7322999,300,,9923299
Philippines,PHL,1999,,190,,2105016,45,1387290,,,3492541
Philippines,PHL,2000,,,68426,165643,2838,6187431,,,6424338
Philippines,PHL,2001,,,83221,91300,,3450437,,,3624958
Philippines,PHL,2002,0,73451,,155567,,982194,,,1211212
Philippines,PHL,2003,,,,3500,141692,466261,,,611453
Philippines,PHL,2004,,,,21694,76302,3241278,,,3339274
Philippines,PHL,2005,,,,193046,,20011,,,213057
Philippines,PHL,2006,,,43849,732509,14651,7821808,,,8612817
Philippines,PHL,2007,0,,14036,86747,,1909794,,,2010577
Philippines,PHL,2008,,,,1602889,5028,6851979,,,8459896
Philippines,PHL,2009,,392,47137,1083276,16,12221663,,,13352484
Philippines,PHL,2010,,,14161,1352657,927,2595545,,,3963290
Philippines,PHL,2011,,28,33931,3713106,889,9468676,,,13216630
Philippines,PHL,2012,,353157,,4614628,23,7560480,,,12528288
Philippines,PHL,2013,,3222224,,4500338,,17944571,,,25667133
Philippines,PHL,2014,,,60545,145130,,13068983,,,13274658
Philippines,PHL,2015,101452,,,231309,,3606205,,,3938966
Philippines,PHL,2016,80235,202,,2563098,,2971512,,,5615047
Philippines,PHL,2017,,58357,,1842000,,2969448,,,4869805
Philippines,PHL,2018,,,86056,180000,,9348889,,,9614945
Philippines,PHL,2019,16000,712735,,45000,,6025139,,,6798874
Philippines,PHL,2020,,4980,736802,,11,5374740,,,6116533
Philippines,PHL,2021,,,22433,345356,,12417263,,,12785052
Philippines,PHL,2022,,650278,10415,601971,11712,6654242,,,7928618
Philippines,PHL,2023,,820834,39024,3548610,,6878482,,,11286950
Philippines,PHL,2024,,24000,73190,1228014,2967382,24372752,,34,28665372
Philippines,PHL,2025,,1601319,110000,123192,,31411350,,,33245861
Poland,POL,1928,,,,,,0,,,0
Poland,POL,1934,,,,0,,,,,0
Poland,POL,1977,,,,1000,,,,,1000
Poland,POL,1980,,,,104000,,,,,104000
Poland,POL,1982,,1050,,16824,,,,,17874
Poland,POL,1983,,,,,,900,0,,900
Poland,POL,1987,,,,6000,,,,,6000
Poland,POL,1990,,,,,,0,,,0
Poland,POL,1992,,,,,,,0,,0
Poland,POL,1994,,,,,,0,,,0
Poland,POL,1997,,,,224500,,,,0,224500
Poland,POL,1998,,,,1200,,,,0,1200
Poland,POL,1999,,,,,,0,,0,0
Poland,POL,2000,,,,,,,,0,0
Poland,POL,2001,,,,15000,,,,0,15000
Poland,POL,2002,,,,,,0,,0,0
Poland,POL,2003,,,,,,,,0,0
Poland,POL,2004,,,,600,,,,,600
Poland,POL,2005,,,,3600,,0,,0,3600
Poland,POL,2006,,,,500,,,,0,500
Poland,POL,2007,,,,,,0,,,0
Poland,POL,2008,,,,,,1060,,0,1060
Poland,POL,2009,,,,150,,82,,0,232
Poland,POL,2010,,,,100700,,1000,,0,101700
Poland,POL,2011,,,,,,,,0,0
Poland,POL,2012,,,,,,310,,0,310
Poland,POL,2013,,,,,,53,,0,53
Poland,POL,2014,,,,,,,,0,0
Poland,POL,2015,,,,,,1217,,0,1217
Poland,POL,2016,,,,3,,,,0,3
Poland,POL,2017,,,,,,5844,,,5844
Poland,POL,2018,0,,,,,0,,0,0
Poland,POL,2019,,,,,,157,,,157
Poland,POL,2020,,,,5200,,6,,,5206
Poland,POL,2021,,,,0,,2015,,,2015
Poland,POL,2022,,,,,,1512,,0,1512
Poland,POL,2023,,,,,,,,0,0
Poland,POL,2024,,,,,,57000,,0,57000
Portugal,PRT,1909,,0,,,,,,,0
Portugal,PRT,1941,,,,,,142,,,142
Portugal,PRT,1946,,,,,,0,,,0
Portugal,PRT,1964,,1000,,,,,,,1000
Portugal,PRT,1966,,,,,,,0,,0
Portugal,PRT,1967,,,,1100,,,,,1100
Portugal,PRT,1969,,80,,,,,,,80
Portugal,PRT,1973,,,,,,0,,,0
Portugal,PRT,1979,,,,45220,,,,,45220
Portugal,PRT,1980,,21900,,,,,,,21900
Portugal,PRT,1981,,,,900,,,,,900
Portugal,PRT,1983,0,,,2000,,,0,,2000
Portugal,PRT,1985,,,,,,,0,,0
Portugal,PRT,1986,,,,,,,50,,50
Portugal,PRT,1991,,,,,,,0,,0
Portugal,PRT,1996,,,,3050,,60,,,3110
Portugal,PRT,1997,0,,,,55,496,,,551
Portugal,PRT,1998,,1100,,,,,,,1100
Portugal,PRT,2000,,,,,,183,,,183
Portugal,PRT,2001,,,,983,,,0,,983
Portugal,PRT,2002,,,,168,,,,,168
Portugal,PRT,2003,,,,120,,,150000,0,150120
Portugal,PRT,2004,0,,,,,,0,,0
Portugal,PRT,2005,0,,,,,,136,0,136
Portugal,PRT,2006,,,,367,,,,0,367
Portugal,PRT,2008,,,,110,,,,,110
Portugal,PRT,2009,,,,,,,,0,0
Portugal,PRT,2010,,,,618,,0,,0,618
Portugal,PRT,2013,,,,,,3967,0,,3967
Portugal,PRT,2014,,,,,,54,,,54
Portugal,PRT,2016,,,,,,,1361,,1361
Portugal,PRT,2017,,,,,,,3475,,3475
Portugal,PRT,2018,,,,,,88,329,0,417
Portugal,PRT,2019,,,,,,51,,,51
Portugal,PRT,2022,0,,,,,,187,0,187
Portugal,PRT,2023,0,,,,,,1435,0,1435
Portugal,PRT,2024,,,,,,,41499,0,41499
Portugal,PRT,2025,,,,,,600,246,,846
Puerto Rico,PRI,1918,,0,,,,,,,0
Puerto Rico,PRI,1926,,,,,,0,,,0
Puerto Rico,PRI,1928,,,,,,0,,,0
Puerto Rico,PRI,1932,,,,,,79820,,,79820
Puerto Rico,PRI,1956,,,,,,45093,,,45093
Puerto Rico,PRI,1960,,,,,,0,,,0
Puerto Rico,PRI,1970,,,,10000,,,,,10000
Puerto Rico,PRI,1975,,,,,,0,,,0
Puerto Rico,PRI,1979,,,,,,4500,,,4500
Puerto Rico,PRI,1981,,,,,0,,,,0
Puerto Rico,PRI,1985,,,,0,0,,,,0
Puerto Rico,PRI,1989,,,,,,2000,,,2000
Puerto Rico,PRI,1992,,,,600,,,,,600
Puerto Rico,PRI,1994,0,,,,,,,,0
Puerto Rico,PRI,1995,,,,,,98000,,,98000
Puerto Rico,PRI,1996,,,,,,57315,,,57315
Puerto Rico,PRI,1998,,,,,,0,,,0
Puerto Rico,PRI,1999,,,,,,0,,,0
Puerto Rico,PRI,2001,,,,9480,,,,,9480
Puerto Rico,PRI,2003,,,,2405,,100,,,2505
Puerto Rico,PRI,2004,,,,0,,3500,,,3500
Puerto Rico,PRI,2007,,,,,,0,,,0
Puerto Rico,PRI,2011,,,,,,2271,,,2271
Puerto Rico,PRI,2012,,,,,,0,,,0
Puerto Rico,PRI,2014,,,,0,,,,,0
Puerto Rico,PRI,2017,,,,,,750000,,,750000
Puerto Rico,PRI,2018,,,,400,,0,,,400
Puerto Rico,PRI,2020,,5228,,,,0,,,5228
Puerto Rico,PRI,2022,,,,0,,0,,,0
Puerto Rico,PRI,2025,,,,,,0,,,0
Qatar,QAT,2018,,,,1500,,,,,1500
Reunion,REU,1948,,,,,,0,,,0
Reunion,REU,1977,,,1000,,,,,,1000
Reunion,REU,1980,,,,,0,7000,,,7000
Reunion,REU,1984,,,,,,0,,,0
Reunion,REU,1987,,,,,,4000,,,4000
Reunion,REU,1989,,,,,,6261,,,6261
Reunion,REU,1993,,,,,,0,,,0
Reunion,REU,2000,,,,,,600,,,600
Reunion,REU,2002,,,,,,3100,,,3100
Reunion,REU,2007,,,,,,90,,,90
Reunion,REU,2014,,,,,,265,,,265
Reunion,REU,2018,,,,,,200,,,200
Reunion,REU,2022,,,,,,13,,,13
Reunion,REU,2023,,,,,,25000,,,25000
Reunion,REU,2024,,,,,,700,,,700
Reunion,REU,2025,,,,,,606,,,606
Romania,ROU,1908,,0,,,,,,,0
Romania,ROU,1913,,0,,,,,,,0
Romania,ROU,1926,,,,0,,,,,0
Romania,ROU,1928,,0,,,,0,,,0
Romania,ROU,1934,,0,,,,,,,0
Romania,ROU,1940,,0,,,,,,,0
Romania,ROU,1945,,0,,,,,,,0
Romania,ROU,1970,,,,238755,,,,,238755
Romania,ROU,1975,,,,1000000,,,,,1000000
Romania,ROU,1977,,386300,,,,,,,386300
Romania,ROU,1984,,,,2000,,,,,2000
Romania,ROU,1990,,700,,,,,,,700
Romania,ROU,1991,,5850,,15000,,,,,20850
Romania,ROU,1993,,,,,,200,,,200
Romania,ROU,1994,,,,0,,5406,,0,5406
Romania,ROU,1995,,,,10687,,,,,10687
Romania,ROU,1996,,,,8313,,,,200,8513
Romania,ROU,1997,,,,122320,,460,,,122780
Romania,ROU,1998,,,,12000,,,,1700,13700
Romania,ROU,1999,,,,9033,330,,,,9363
Romania,ROU,2000,0,,,63431,,300,,100,63831
Romania,ROU,2001,,,,14803,,,,0,14803
Romania,ROU,2002,,,,19201,,,,0,19201
Romania,ROU,2003,,,,850,,,,,850
Romania,ROU,2004,,,,28128,,2400,,0,30528
Romania,ROU,2005,,,,91171,,0,,500,91671
Romania,ROU,2006,,,,35331,,,,200,35531
Romania,ROU,2007,,,,6976,,,,0,6976
Romania,ROU,2008,,,,11000,,90,,0,11090
Romania,ROU,2009,,,,4,,,,20,24
Romania,ROU,2010,,,,12237,,,,0,12237
Romania,ROU,2012,,,,,,,,7539,7539
Romania,ROU,2013,,,,6901,,,,,6901
Romania,ROU,2014,,,,2525,,,,0,2525
Romania,ROU,2015,,,,2000,,,,,2000
Romania,ROU,2016,,,,300,,,,,300
Romania,ROU,2017,,,,,,137,,,137
Romania,ROU,2018,,,,3900,,,,0,3900
Romania,ROU,2019,,,,362,,,,,362
Romania,ROU,2020,,,,1550,,,,,1550
Romania,ROU,2021,,,,100,,,,,100
Romania,ROU,2022,,,,,,,,0,0
Romania,ROU,2023,,,,,,0,,0,0
Romania,ROU,2024,,,,,,15000,,0,15000
Romania,ROU,2025,,,,2500,,,,,2500
Russia,RUS,1992,,,,0,1750,,0,,1750
Russia,RUS,1993,,,,14753,0,,,260,15013
Russia,RUS,1994,,2342,,797633,,62,,0,800037
Russia,RUS,1995,,750,,,0,2560,,108,3418
Russia,RUS,1996,,,,234000,300,,600,,234900
Russia,RUS,1997,,,,500,,,0,0,500
Russia,RUS,1998,0,,,190100,,160,100683,263,291206
Russia,RUS,1999,,11260,,1200,,0,0,725246,737706
Russia,RUS,2000,,19108,,76501,508,0,0,346,96463
Russia,RUS,2001,,,,375305,,12428,0,6294,394027
Russia,RUS,2002,,,,384613,0,0,120,25062,409795
Russia,RUS,2003,1000000,1805,,600,,0,0,,1002405
Russia,RUS,2004,,138,,6520,,6062,1000,,13720
Russia,RUS,2005,,,,9045,0,2,,,9047
Russia,RUS,2006,,12040,,7720,,,,14,19774
Russia,RUS,2007,,25012,,14000,,0,,,39012
Russia,RUS,2008,,5235,,,,,,,5235
Russia,RUS,2010,0,,,48464,,,7196,11,55671
Russia,RUS,2011,,,,14169,,14,,,14183
Russia,RUS,2012,0,,,46807,,,598,1594,48999
Russia,RUS,2013,,,,35635,,,,,35635
Russia,RUS,2014,,,,24545,,,,,24545
Russia,RUS,2015,,,,1500,,,5977,,7477
Russia,RUS,2016,,,,11696,,,,,11696
Russia,RUS,2017,,,,15721,,201,,,15922
Russia,RUS,2018,,,,14975,,,,,14975
Russia,RUS,2019,,,,50204,,,0,,50204
Russia,RUS,2021,,,,28638,3003,,120,,31761
Russia,RUS,2022,,,,750,,300,2202,,3252
Russia,RUS,2023,,,,,,13276,15000,,28276
Russia,RUS,2024,,,,38400,,,,,38400
Russia,RUS,2025,,169,,,,,,,169
Rwanda,RWA,1974,,,,1900000,,,,,1900000
Rwanda,RWA,1976,851162,,,,,,,,851162
Rwanda,RWA,1977,848838,,,,,,,,848838
Rwanda,RWA,1984,420000,,,,,,,,420000
Rwanda,RWA,1988,,,,21678,,,,,21678
Rwanda,RWA,1989,60000,,,,,,,,60000
Rwanda,RWA,1996,6419,,,,,,,,6419
Rwanda,RWA,1997,75581,,,,,,,,75581
Rwanda,RWA,1999,127792,,,,,,,,127792
Rwanda,RWA,2000,766753,,,,,,,,766753
Rwanda,RWA,2001,,,,3000,,,,,3000
Rwanda,RWA,2002,,1643,,20000,,,,,21643
Rwanda,RWA,2003,173174,,,7016,,,,,180190
Rwanda,RWA,2004,206564,,,,,,,,206564
Rwanda,RWA,2005,206564,,,,,,,,206564
Rwanda,RWA,2006,206564,,,,2000,,,,208564
Rwanda,RWA,2007,207134,,,4500,,,,,211634
Rwanda,RWA,2008,,643,,11346,,,,,11989
Rwanda,RWA,2010,,,,,5937,,,,5937
Rwanda,RWA,2011,,,,3608,,,,,3608
Rwanda,RWA,2012,,,,11160,,,,,11160
Rwanda,RWA,2015,,,,3431,,,,,3431
Rwanda,RWA,2016,,,,0,30030,,,,30030
Rwanda,RWA,2017,,,,,,6553,,,6553
Rwanda,RWA,2018,,,,26411,12,,,,26423
Rwanda,RWA,2019,,,,5958,,,,,5958
Rwanda,RWA,2020,,,,22455,,,,,22455
Rwanda,RWA,2021,,,13365,6500,,,,,19865
Rwanda,RWA,2022,,,,1300,,,,,1300
Rwanda,RWA,2023,,,,51982,,,,,51982
Rwanda,RWA,2024,,,,27,,,,,27
Saint Barthelemy,BLM,2017,,,,,,0,,,0
Saint Helena,SHN,2001,,,,,,300,,,300
Saint Kitts and Nevis,KNA,1928,,,,,,0,,,0
Saint Kitts and Nevis,KNA,1955,,,,,,0,,,0
Saint Kitts and Nevis,KNA,1984,,,,,,0,,,0
Saint Kitts and Nevis,KNA,1987,,,,0,,,,,0
Saint Kitts and Nevis,KNA,1989,,,,,,1300,,,1300
Saint Kitts and Nevis,KNA,1990,,,,,,0,,,0
Saint Kitts and Nevis,KNA,1995,,,,,,1800,,,1800
Saint Kitts and Nevis,KNA,1998,,,,,,10000,,,10000
Saint Kitts and Nevis,KNA,1999,,,,,,1180,,,1180
Saint Kitts and Nevis,KNA,2008,,,,,,0,,,0
Saint Kitts and Nevis,KNA,2017,,,,,,500,,,500
Saint Lucia,LCA,1960,,,,,,0,,,0
Saint Lucia,LCA,1963,,,,,,0,,,0
Saint Lucia,LCA,1967,,,,,,0,,,0
Saint Lucia,LCA,1980,,,,,,80000,,,80000
Saint Lucia,LCA,1983,,,,,,3000,,,3000
Saint Lucia,LCA,1986,,,,,,0,,,0
Saint Lucia,LCA,1987,,,,,,0,,,0
Saint Lucia,LCA,1988,,,,,,0,,,0
Saint Lucia,LCA,1994,,,,,,750,,,750
Saint Lucia,LCA,1996,,,,,175,,,,175
Saint Lucia,LCA,1999,,,,,,200,,,200
Saint Lucia,LCA,2004,,,,,,0,,,0
Saint Lucia,LCA,2007,,0,,,,0,,,0
Saint Lucia,LCA,2010,0,,,2000,,181000,,,183000
Saint Lucia,LCA,2013,,,,19984,,,,,19984
Saint Lucia,LCA,2016,,,,,,25000,,,25000
Saint Lucia,LCA,2021,,,,,,0,,,0
Saint Lucia,LCA,2022,,,,5500,,,,,5500
Saint Martin (French part),MAF,2017,,,,,,110,,,110
Saint Vincent and the Grenadines,VCT,1902,,,0,,,,,,0
Saint Vincent and the Grenadines,VCT,1955,,,,,,0,,,0
Saint Vincent and the Grenadines,VCT,1967,,,,,,0,,,0
Saint Vincent and the Grenadines,VCT,1971,,,2000,,,,,,2000
Saint Vincent and the Grenadines,VCT,1977,,,,0,,,,,0
Saint Vincent and the Grenadines,VCT,1979,,,20000,,,,,,20000
Saint Vincent and the Grenadines,VCT,1980,,,,,,20500,,,20500
Saint Vincent and the Grenadines,VCT,1986,,,,152,,,,,152
Saint Vincent and the Grenadines,VCT,1987,,,,1000,,208,,,1208
Saint Vincent and the Grenadines,VCT,1992,,,,200,,,,,200
Saint Vincent and the Grenadines,VCT,1999,,,,,,100,,,100
Saint Vincent and the Grenadines,VCT,2002,,,,,,1000,,,1000
Saint Vincent and the Grenadines,VCT,2004,,,,,,1004,,,1004
Saint Vincent and the Grenadines,VCT,2005,,,,,,530,,,530
Saint Vincent and the Grenadines,VCT,2010,0,,,,,6100,,,6100
Saint Vincent and the Grenadines,VCT,2011,,,,275,,,,,275
Saint Vincent and the Grenadines,VCT,2013,,,,17422,,,,,17422
Saint Vincent and the Grenadines,VCT,2016,,,,25000,,0,,,25000
Saint Vincent and the Grenadines,VCT,2021,,,13300,,,129,,,13429
Saint Vincent and the Grenadines,VCT,2023,,,,,,150,,,150
Saint Vincent and the Grenadines,VCT,2024,,,,,,40028,,,40028
Samoa,WSM,1964,,,,,,0,,,0
Samoa,WSM,1966,,,,,,95000,,,95000
Samoa,WSM,1968,,,,,,4,,,4
Samoa,WSM,1983,,,,,,1000,1000,,2000
Samoa,WSM,1989,,,,,,0,,,0
Samoa,WSM,1990,,,,,,195000,,,195000
Samoa,WSM,1991,,,,,,88000,,,88000
Samoa,WSM,2001,,,,0,,,,,0
Samoa,WSM,2004,,,,,,0,,,0
Samoa,WSM,2005,,,,,,0,,,0
Samoa,WSM,2009,,5584,,,,,,,5584
Samoa,WSM,2012,,,,,,12703,,,12703
Samoa,WSM,2015,0,,,,,,,,0
Samoa,WSM,2018,,,,,,0,,,0
Sao Tome and Principe,STP,1983,30971,,,,,,,,30971
Sao Tome and Principe,STP,1984,30971,,,,,,,,30971
Sao Tome and Principe,STP,1985,31058,,,,,,,,31058
Sao Tome and Principe,STP,2021,,,,219668,,,,,219668
Saudi Arabia,SAU,1964,,,,1000,,,,,1000
Saudi Arabia,SAU,1982,,,,,,0,,,0
Saudi Arabia,SAU,1985,,,,5000,,,,,5000
Saudi Arabia,SAU,2002,,,,0,,,,,0
Saudi Arabia,SAU,2003,,,,13050,,,,,13050
Saudi Arabia,SAU,2004,,,,430,,,,,430
Saudi Arabia,SAU,2005,,,,67,,,,,67
Saudi Arabia,SAU,2009,,,,10000,,,,,10000
Saudi Arabia,SAU,2010,,,,85,,,,,85
Saudi Arabia,SAU,2011,,,,0,,,,,0
Saudi Arabia,SAU,2012,,,,0,,,,,0
Saudi Arabia,SAU,2013,,,,1021,,,,,1021
Saudi Arabia,SAU,2015,,,,0,,,,,0
Saudi Arabia,SAU,2016,,,,915,,122,,,1037
Saudi Arabia,SAU,2017,,,,481,,,,,481
Saudi Arabia,SAU,2019,,,,1418,,,,,1418
Saudi Arabia,SAU,2020,,,,600,,,,,600
Saudi Arabia,SAU,2024,,,,,,,,2764,2764
Senegal,SEN,1910,0,,,,,,,,0
Senegal,SEN,1911,0,,,,,,,,0
Senegal,SEN,1912,0,,,,,,,,0
Senegal,SEN,1913,0,,,,,,,,0
Senegal,SEN,1914,0,,,,,,,,0
Senegal,SEN,1940,0,,,,,,,,0
Senegal,SEN,1941,0,,,,,,,,0
Senegal,SEN,1942,0,,,,,,,,0
Senegal,SEN,1943,0,,,,,,,,0
Senegal,SEN,1944,0,,,,,,,,0
Senegal,SEN,1966,0,,,2000,,,,,2000
Senegal,SEN,1967,0,,,,,,,,0
Senegal,SEN,1969,199921,,,,,,,,199921
Senegal,SEN,1970,199921,,,,,,,,199921
Senegal,SEN,1971,199921,,,,,,,,199921
Senegal,SEN,1972,199921,,,,,,,,199921
Senegal,SEN,1973,199921,,,,,,,,199921
Senegal,SEN,1974,199921,,,,,,,,199921
Senegal,SEN,1975,200474,,,,,,,,200474
Senegal,SEN,1977,1857500,,,,,,,,1857500
Senegal,SEN,1978,1857500,,,0,,,,,1857500
Senegal,SEN,1979,474350,,,,,,,,474350
Senegal,SEN,1980,475650,,,,,,,,475650
Senegal,SEN,1982,299794,,,,,,,,299794
Senegal,SEN,1983,299794,,,5000,,,,,304794
Senegal,SEN,1984,299794,,,,,,,,299794
Senegal,SEN,1985,300618,,,3000,,,,,303618
Senegal,SEN,1988,,,,10000,,,,,10000
Senegal,SEN,1993,,,,5000,,,,,5000
Senegal,SEN,1994,,,,17500,,,,,17500
Senegal,SEN,1998,,,,300000,,,,,300000
Senegal,SEN,1999,,,,,,95853,,,95853
Senegal,SEN,2002,284000,,,179000,,,,,463000
Senegal,SEN,2003,,,,7769,,,,,7769
Senegal,SEN,2004,,,,,,1000,,,1000
Senegal,SEN,2005,,,,50000,,,,,50000
Senegal,SEN,2007,,,,5300,,,,,5300
Senegal,SEN,2008,,,,23600,,,,,23600
Senegal,SEN,2009,,,,264000,,,,,264000
Senegal,SEN,2010,,,,102516,,,,,102516
Senegal,SEN,2011,34580,,,5220,,,,,39800
Senegal,SEN,2012,407152,,,57000,,,,,464152
Senegal,SEN,2013,408268,,,163306,,,,,571574
Senegal,SEN,2014,322494,,,,,,,,322494
Senegal,SEN,2015,317208,,,,,,,,317208
Senegal,SEN,2016,,,,10646,,,,,10646
Senegal,SEN,2018,64186,,,,,,,,64186
Senegal,SEN,2019,85193,,,8968,,,,,94161
Senegal,SEN,2020,85193,,,17000,,,,,102193
Senegal,SEN,2021,85428,,,,,,,,85428
Senegal,SEN,2022,,,,20010,,,,,20010
Senegal,SEN,2024,,,,55600,,,,,55600
Serbia,SRB,2007,,,,12370,,,,0,12370
Serbia,SRB,2009,,,,3210,,,,500,3710
Serbia,SRB,2010,,27030,,5300,,,,0,32330
Serbia,SRB,2011,,,,5000,,,,,5000
Serbia,SRB,2012,,,,,,,,88234,88234
Serbia,SRB,2013,,,,3000,,,,,3000
Serbia,SRB,2014,,,,59600,,,,3000,62600
Serbia,SRB,2016,,,,8655,,,,,8655
Serbia,SRB,2017,,,,,,,,0,0
Serbia,SRB,2018,,,,231,,,,,231
Serbia,SRB,2019,,,,11650,,,,,11650
Serbia,SRB,2020,,,,3600,,,,,3600
Serbia,SRB,2021,,,,22,,,,,22
Serbia,SRB,2022,,,,,,,,0,0
Serbia,SRB,2023,,,,15642,,20,,0,15662
Serbia,SRB,2024,,,,,,,,0,0
Serbia and Montenegro,OWID_SRM,1992,,,,6000,,,,,6000
Serbia and Montenegro,OWID_SRM,1999,,,,71008,,,,,71008
Serbia and Montenegro,OWID_SRM,2000,,,,6000,,,,70,6070
Serbia and Montenegro,OWID_SRM,2001,,,,6150,,,,,6150
Serbia and Montenegro,OWID_SRM,2002,,100,,3900,,,,,4000
Serbia and Montenegro,OWID_SRM,2005,,,,3790,,8750,,,12540
Serbia and Montenegro,OWID_SRM,2006,,,,36200,,,,0,36200
Seychelles,SYC,1997,,,,1237,,,,,1237
Seychelles,SYC,2002,,,,,,6800,,,6800
Seychelles,SYC,2004,,4830,,,,,,,4830
Seychelles,SYC,2013,,,,,,3000,,,3000
Seychelles,SYC,2014,,,,4435,,,,,4435
Sierra Leone,SLE,1975,,,,,,10000,,,10000
Sierra Leone,SLE,1984,,,,,,0,,,0
Sierra Leone,SLE,1996,,,,200000,,,,,200000
Sierra Leone,SLE,1999,,,,,,3,,,3
Sierra Leone,SLE,2004,,,,0,,,,,0
Sierra Leone,SLE,2005,,,,15000,,,,,15000
Sierra Leone,SLE,2007,,,,4500,,,,,4500
Sierra Leone,SLE,2009,,,,1470,,,,,1470
Sierra Leone,SLE,2010,,,,234,5,,,,239
Sierra Leone,SLE,2011,,,,0,,,,,0
Sierra Leone,SLE,2013,,,,,,,2257,,2257
Sierra Leone,SLE,2015,,,,24303,,,,,24303
Sierra Leone,SLE,2017,,,,,11916,,,,11916
Sierra Leone,SLE,2019,,,,10381,,,,,10381
Sierra Leone,SLE,2022,,,,12982,,,,,12982
Sierra Leone,SLE,2023,,,,,,17,,,17
Sierra Leone,SLE,2024,,,,23596,,,,,23596
Sierra Leone,SLE,2025,,,,11080,,,4180,,15260
Sint Maarten (Dutch part),SXM,2017,,,,,,5040,,,5040
Slovakia,SVK,1997,,,,10000,,,,,10000
Slovakia,SVK,1998,,,,11667,,,,,11667
Slovakia,SVK,1999,,,,36148,,,,,36148
Slovakia,SVK,2000,,,,,,,0,,0
Slovakia,SVK,2001,,,,0,,,,,0
Slovakia,SVK,2002,,,,0,,,,,0
Slovakia,SVK,2003,,,,,,,,0,0
Slovakia,SVK,2004,,,,230,,10324,,,10554
Slovakia,SVK,2005,,,,0,,,,0,0
Slovakia,SVK,2006,,,,100,,,,,100
Slovakia,SVK,2007,,,,,,,,89,89
Slovakia,SVK,2010,,,,850,,,,0,850
Slovakia,SVK,2011,,,,,,,,0,0
Slovakia,SVK,2012,,,,,,,,0,0
Slovakia,SVK,2013,,,,0,,,,,0
Slovakia,SVK,2017,,,,,,0,,,0
Slovakia,SVK,2019,,,,,,0,,,0
Slovakia,SVK,2020,,,,250,,,,,250
Slovakia,SVK,2021,,,,0,,,,,0
Slovakia,SVK,2022,,,,,,,,0,0
Slovakia,SVK,2023,,,,,,0,,0,0
Slovakia,SVK,2024,,,,,,0,,0,0
Slovenia,SVN,1998,,700,,,,,,,700
Slovenia,SVN,2003,,,,,,,,0,0
Slovenia,SVN,2004,,605,,,,,,,605
Slovenia,SVN,2005,,,,0,,,,,0
Slovenia,SVN,2007,,,,,,1050,,,1050
Slovenia,SVN,2010,,,,2000,,,,,2000
Slovenia,SVN,2012,,,,12000,,,,,12000
Slovenia,SVN,2014,,,,4400,,,,50000,54400
Slovenia,SVN,2020,,,,,,0,,,0
Slovenia,SVN,2021,,,,1500,,,,,1500
Slovenia,SVN,2022,,,,,,,,0,0
Slovenia,SVN,2023,,,,1500120,,3003,,0,1503123
Slovenia,SVN,2024,,,,,,,,0,0
Slovenia,SVN,2025,,,,,,0,,,0
Solomon Islands,SLB,1931,,0,,,,,,,0
Solomon Islands,SLB,1956,,,,,,0,,,0
Solomon Islands,SLB,1966,,,,,,1000,,,1000
Solomon Islands,SLB,1967,,,,,,0,,,0
Solomon Islands,SLB,1968,,,,,,200,,,200
Solomon Islands,SLB,1971,,,6000,,,,,,6000
Solomon Islands,SLB,1975,,0,,,,,,,0
Solomon Islands,SLB,1977,,1001,,,,,,,1001
Solomon Islands,SLB,1979,,,,,,6000,,,6000
Solomon Islands,SLB,1982,,,,,,30000,,,30000
Solomon Islands,SLB,1985,,,,,,650,,,650
Solomon Islands,SLB,1986,,,,,,150000,,,150000
Solomon Islands,SLB,1988,,500,,,,,,,500
Solomon Islands,SLB,1992,,,,,,0,,,0
Solomon Islands,SLB,1993,,,,,,88500,,,88500
Solomon Islands,SLB,1997,0,,,,,,,,0
Solomon Islands,SLB,1998,380,,,,,,,,380
Solomon Islands,SLB,2002,,,,,,1110,,,1110
Solomon Islands,SLB,2003,,,,,,425,,,425
Solomon Islands,SLB,2007,,2384,,,,,,,2384
Solomon Islands,SLB,2009,,,,7000,,,,,7000
Solomon Islands,SLB,2010,,1126,,16017,,795,,,17938
Solomon Islands,SLB,2011,,,,,,0,,,0
Solomon Islands,SLB,2012,,,,4836,,,,,4836
Solomon Islands,SLB,2013,,3329,,10227,,,,,13556
Solomon Islands,SLB,2014,,,,52000,,,,,52000
Solomon Islands,SLB,2015,0,,,,,44496,,,44496
Solomon Islands,SLB,2016,,9770,,,,,,,9770
Solomon Islands,SLB,2018,,,,,,1000,,,1000
Solomon Islands,SLB,2020,,,,,,150000,,,150000
Solomon Islands,SLB,2023,,,,,,22319,,,22319
Somalia,SOM,1961,,,,0,,,,,0
Somalia,SOM,1964,700000,,,,,,,,700000
Somalia,SOM,1969,30000,,,,,,,,30000
Somalia,SOM,1974,9356,,,,,,,,9356
Somalia,SOM,1975,110170,,,,,,,,110170
Somalia,SOM,1976,110474,,,,,,,,110474
Somalia,SOM,1977,,,,40000,,,,,40000
Somalia,SOM,1980,0,,,,,,,,0
Somalia,SOM,1981,,,,30000,,,,,30000
Somalia,SOM,1983,0,,,,,,,,0
Somalia,SOM,1987,500000,,,30000,,,,,530000
Somalia,SOM,1988,53500,,,,,,,,53500
Somalia,SOM,1989,,,,50000,,,,,50000
Somalia,SOM,1994,,,,0,,0,,,0
Somalia,SOM,1995,,,,8500,,,,,8500
Somalia,SOM,1996,,,,100,,,,,100
Somalia,SOM,1997,,,,1232000,,,,,1232000
Somalia,SOM,2000,600820,,,373500,,,,,974320
Somalia,SOM,2001,599180,,,6500,,,,,605680
Somalia,SOM,2003,,,,300,,,,,300
Somalia,SOM,2004,200000,105083,,1500,,,,,306583
Somalia,SOM,2005,0,,,7520,,,,,7520
Somalia,SOM,2006,,,,486500,,,,,486500
Somalia,SOM,2007,,,,10012,,,,,10012
Somalia,SOM,2008,2485185,,,52000,,,,,2537185
Somalia,SOM,2009,814815,,,1750,,,,,816565
Somalia,SOM,2010,2000000,,,16200,,,,,2016200
Somalia,SOM,2011,2000000,,,2800,,,,,2002800
Somalia,SOM,2012,3000000,,,32200,,,,,3032200
Somalia,SOM,2013,,,,105000,,142380,,,247380
Somalia,SOM,2014,76995,,,90000,,,,,166995
Somalia,SOM,2015,1682736,,,916296,,4000,,,2603032
Somalia,SOM,2016,3802736,,,0,,,,,3802736
Somalia,SOM,2017,1673157,,,,,,,,1673157
Somalia,SOM,2018,,,,700000,,228000,,,928000
Somalia,SOM,2019,1500000,,,500000,,30000,,,2030000
Somalia,SOM,2020,,,,1191020,,120000,,,1311020
Somalia,SOM,2021,3237853,,,400000,,,,,3637853
Somalia,SOM,2022,3862147,,,4416,,,,,3866563
Somalia,SOM,2023,,,,3326003,,,,,3326003
Somalia,SOM,2024,,,,226000,,,,,226000
Somalia,SOM,2025,5595518,,,129010,,,,,5724528
South Africa,ZAF,1952,,,,,,0,,,0
South Africa,ZAF,1959,,,,0,,,,,0
South Africa,ZAF,1964,5000,,,,,,,,5000
South Africa,ZAF,1968,,,,0,,,,,0
South Africa,ZAF,1969,,1000,,,,,,,1000
South Africa,ZAF,1974,,,,0,,,,,0
South Africa,ZAF,1977,,,,1000,,,,,1000
South Africa,ZAF,1978,,,,0,,,,,0
South Africa,ZAF,1981,,,,185,,,,,185
South Africa,ZAF,1982,0,,,,,,,,0
South Africa,ZAF,1983,0,,,,,200,,,200
South Africa,ZAF,1984,,,,,,500000,,,500000
South Africa,ZAF,1986,850000,,,,,,,,850000
South Africa,ZAF,1987,,,,65000,,,,,65000
South Africa,ZAF,1988,1320000,,,0,,,,,1320000
South Africa,ZAF,1990,,6,,,,0,,,6
South Africa,ZAF,1991,0,,,,,,0,,0
South Africa,ZAF,1992,0,,,,,,,,0
South Africa,ZAF,1993,,,,15000,,0,,,15000
South Africa,ZAF,1994,,,,11000,,2000,,,13000
South Africa,ZAF,1995,300000,,,3500,,,,,303500
South Africa,ZAF,1996,,,,8530,0,,,0,8530
South Africa,ZAF,1997,,46,,307,,,,,353
South Africa,ZAF,1998,,,,,,160,0,,160
South Africa,ZAF,1999,,,,2300,,18780,3005,,24085
South Africa,ZAF,2000,,,,3200,,300,1250,,4750
South Africa,ZAF,2001,,,,42668,,640,0,,43308
South Africa,ZAF,2002,,,,2500,,101216,1500,,105216
South Africa,ZAF,2003,,,,500,,600,,,1100
South Africa,ZAF,2004,15000000,,,15000,,,,,15015000
South Africa,ZAF,2005,,58,,,,,,,58
South Africa,ZAF,2006,,,,7160,,,,,7160
South Africa,ZAF,2007,,,,38000,,,1600,0,39600
South Africa,ZAF,2008,,,,4000,,3576,25,,7601
South Africa,ZAF,2009,,,,20300,,0,,,20300
South Africa,ZAF,2010,,,,,,3517,,,3517
South Africa,ZAF,2011,,,,200321,,8806,,,209127
South Africa,ZAF,2012,,,,125000,,1350,,,126350
South Africa,ZAF,2013,,,,,,2870,,,2870
South Africa,ZAF,2014,,2002,,7185,,,,,9187
South Africa,ZAF,2015,1117346,,,,,,,,1117346
South Africa,ZAF,2016,1117346,,,7500,,,,20,1124866
South Africa,ZAF,2017,465308,,,200,,7436,5500,,478444
South Africa,ZAF,2018,0,,,,,,,,0
South Africa,ZAF,2019,750000,,,4500,,20,,,754520
South Africa,ZAF,2020,,,,200,,210,,,410
South Africa,ZAF,2021,12000000,,,400,,12037,,,12012437
South Africa,ZAF,2022,,,,199296,,,,,199296
South Africa,ZAF,2023,,,,8300,,1367,,,9667
South Africa,ZAF,2024,,,,50466,,21708,250,,72424
South Africa,ZAF,2025,,,,1000,,11524,,,12524
South America,OWID_SAM,1906,,0,,,,,,,0
South America,OWID_SAM,1913,,0,,,,,,,0
South America,OWID_SAM,1914,,0,,,,,,,0
South America,OWID_SAM,1920,,0,,,,,,,0
South America,OWID_SAM,1922,,0,,,,,,,0
South America,OWID_SAM,1923,,0,,,,,,,0
South America,OWID_SAM,1924,,0,,,,,,,0
South America,OWID_SAM,1926,,,,,0,,,,0
South America,OWID_SAM,1928,,0,,,,,,,0
South America,OWID_SAM,1931,,,,,0,,,,0
South America,OWID_SAM,1933,,,,,,0,,,0
South America,OWID_SAM,1936,,0,,,,,,,0
South America,OWID_SAM,1939,,58500,,,,,,,58500
South America,OWID_SAM,1940,,3500,,,,,,,3500
South America,OWID_SAM,1941,,,,,0,,,,0
South America,OWID_SAM,1942,,25,,,,,,,25
South America,OWID_SAM,1943,,35,,,,,,,35
South America,OWID_SAM,1944,,155000,,,,,,,155000
South America,OWID_SAM,1946,,0,,,,,,,0
South America,OWID_SAM,1947,,0,,,,,,,0
South America,OWID_SAM,1948,,,0,0,,,,,0
South America,OWID_SAM,1949,,100173,0,,,0,,,100173
South America,OWID_SAM,1950,,40200,,0,0,,,,40200
South America,OWID_SAM,1953,,1075,,0,,,,,1075
South America,OWID_SAM,1954,,,,,0,,,,0
South America,OWID_SAM,1956,,,,,0,,,,0
South America,OWID_SAM,1957,,,,0,,,,,0
South America,OWID_SAM,1958,,81,,0,,,,,81
South America,OWID_SAM,1959,,,,0,,0,,,0
South America,OWID_SAM,1960,,2003200,,,,,,,2003200
South America,OWID_SAM,1962,,300,,0,0,0,,,300
South America,OWID_SAM,1963,6690,,,,,,,,6690
South America,OWID_SAM,1964,606710,,2000,120000,,,,,728710
South America,OWID_SAM,1965,,20350,,720500,0,0,,,740850
South America,OWID_SAM,1966,156000,111362,,341628,4000000,0,,,4608990
South America,OWID_SAM,1967,,121736,,533406,0,,,,655142
South America,OWID_SAM,1968,11375,420,,26200,,1083,,0,39078
South America,OWID_SAM,1969,155741,3216,,112905,,,,,271862
South America,OWID_SAM,1970,10027137,3322610,,5500021,,,,,18849768
South America,OWID_SAM,1971,27137,2348973,,393400,6,90000,,,2859516
South America,OWID_SAM,1972,27214,1575000,,,0,,,0,1602214
South America,OWID_SAM,1973,,,,35172,0,300,,,35472
South America,OWID_SAM,1974,,43674,,383000,14500,100000,,,541174
South America,OWID_SAM,1975,,,0,828000,,0,,600,828600
South America,OWID_SAM,1976,,20000,25000,0,16,,,,45016
South America,OWID_SAM,1977,0,40100,,224440,100,16900,,,281540
South America,OWID_SAM,1978,0,,,208600,,100,,,208700
South America,OWID_SAM,1979,5000000,12742,,1812000,0,,,,6824742
South America,OWID_SAM,1980,,3226,,362050,,48,,,365324
South America,OWID_SAM,1981,,12271,,57300,18000,,,,87571
South America,OWID_SAM,1982,,0,,384410,30000,4300,,,418710
South America,OWID_SAM,1983,23703049,37724,,10311890,700040,540,,2700,34755943
South America,OWID_SAM,1984,,,,2334500,12014,323373,,,2669887
South America,OWID_SAM,1985,0,1527913,12700,1833475,4000,3000,800,,3381888
South America,OWID_SAM,1986,,32180,,1044953,366,59806,,,1137305
South America,OWID_SAM,1987,276724,155118,,279262,29851,1000,152752,,894707
South America,OWID_SAM,1988,473276,,3900,7853014,6025,100000,,0,8436215
South America,OWID_SAM,1989,,2000,,1064444,78000,45000,,,1189444
South America,OWID_SAM,1990,2483160,107310,4000,45525,0,,,,2639995
South America,OWID_SAM,1991,0,48152,126400,18500,83528,,0,0,276580
South America,OWID_SAM,1992,1100000,1635,,580892,660,38000,0,,1721187
South America,OWID_SAM,1993,,3216,356,302559,78557,15900,0,,400588
South America,OWID_SAM,1994,50000,37416,,119099,165518,1000,0,0,373033
South America,OWID_SAM,1995,,20924,,397300,2000,6000,,35000,461224
South America,OWID_SAM,1996,,107427,,346700,7215,,,,461342
South America,OWID_SAM,1997,237506,57281,,481154,30000,50908,1300,,858149
South America,OWID_SAM,1998,4800569,20090,,434153,2630,537325,12000,,5806767
South America,OWID_SAM,1999,5709659,1214063,24200,1187693,4609,1000,7300,,8148524
South America,OWID_SAM,2000,31145,430,,424603,143390,530,0,25977,626075
South America,OWID_SAM,2001,1011145,354098,22770,718995,182,16150,0,3000,2126340
South America,OWID_SAM,2002,32676,727,149650,495968,3500,117767,0,25200,825488
South America,OWID_SAM,2003,0,,25000,396982,1780,900,285,1839888,2264835
South America,OWID_SAM,2004,11072,8538,,707040,76,151790,,2139467,3017983
South America,OWID_SAM,2005,96918,30150,0,964785,,3794,3000,,1098647
South America,OWID_SAM,2006,0,,320263,697557,,,,,1017820
South America,OWID_SAM,2007,1000000,683947,3000,3641304,5000,,125000,884572,6342823
South America,OWID_SAM,2008,20152,1754,30358,4273177,16,55910,,,4381367
South America,OWID_SAM,2009,240741,,,2199419,23249,3088,,24262,2490759
South America,OWID_SAM,2010,216607,2671556,2500,3074055,2020,0,500,49444,6016682
South America,OWID_SAM,2011,,2681,6500,3495229,4325,2000,760,47221,3558716
South America,OWID_SAM,2012,3866647,28732,,1355479,0,34630,3749,30113,5319350
South America,OWID_SAM,2013,1893841,17099,454,1259702,29,63876,,110191,3345192
South America,OWID_SAM,2014,9092900,513991,586,1269582,11750,18,13000,109257,11011084
South America,OWID_SAM,2015,8991788,722735,850628,1325427,348,26500,119032,200620,12237078
South America,OWID_SAM,2016,9681424,400950,87014,276899,,,,,10446287
South America,OWID_SAM,2017,,,,2392412,48680,0,19608,,2460700
South America,OWID_SAM,2018,14741,9319,,193856,300,1200,,,219416
South America,OWID_SAM,2019,26407,5316,33000,1020411,173,,10042942,,11128249
South America,OWID_SAM,2020,26407,,18685,126453,25,279529,126000,,577099
South America,OWID_SAM,2021,26441,21186,133306,3183428,10,521,1207,,3366099
South America,OWID_SAM,2022,14741,8406,0,1247074,100910,35002,137136,,1543269
South America,OWID_SAM,2023,2192588,127557,,1300180,15577,402294,11716,,4049912
South America,OWID_SAM,2024,2763865,9063,335,3226383,3648,747689,68124,,6819107
South America,OWID_SAM,2025,0,5581,,3726195,5440,335793,61286,,4134295
South Korea,KOR,1936,,,,,,0,,,0
South Korea,KOR,1954,,,,,,0,,,0
South Korea,KOR,1956,,,,,0,,,,0
South Korea,KOR,1957,,,,0,,0,,,0
South Korea,KOR,1959,,,,0,,782126,,,782126
South Korea,KOR,1961,,,,0,,,,,0
South Korea,KOR,1962,,,,0,,0,,,0
South Korea,KOR,1963,,,,,0,,,,0
South Korea,KOR,1964,,,,,,86830,,,86830
South Korea,KOR,1965,,,,344459,,,,,344459
South Korea,KOR,1966,,,,197619,,,,,197619
South Korea,KOR,1967,1398084,,,,,,,,1398084
South Korea,KOR,1968,1401916,,,,,0,,,1401916
South Korea,KOR,1969,,,,227673,,120015,,,347688
South Korea,KOR,1970,,,,7000,,2500,,,9500
South Korea,KOR,1971,,,,,,50,,,50
South Korea,KOR,1972,,,,1128339,,,,,1128339
South Korea,KOR,1974,,,,,,0,,,0
South Korea,KOR,1976,,,,,0,,,,0
South Korea,KOR,1977,,,,76000,,,,,76000
South Korea,KOR,1978,,,,2000,,4000,,,6000
South Korea,KOR,1979,,,,,,35000,,,35000
South Korea,KOR,1980,,,,,,20017,,,20017
South Korea,KOR,1981,,,,,0,14253,,,14253
South Korea,KOR,1982,,,,,,5042,,,5042
South Korea,KOR,1984,,,,351171,4000,,,,355171
South Korea,KOR,1985,,,,,,20,,,20
South Korea,KOR,1986,,,,,,6696,,,6696
South Korea,KOR,1987,,,,154000,,56000,,,210000
South Korea,KOR,1988,,,,,0,,,,0
South Korea,KOR,1989,,,,,,75194,,,75194
South Korea,KOR,1990,,,,189260,,0,,0,189260
South Korea,KOR,1991,,,,1536,,20750,,,22286
South Korea,KOR,1992,,,,278,,433,,,711
South Korea,KOR,1993,,,,,1688,8630,,,10318
South Korea,KOR,1994,,,,,,88,,,88
South Korea,KOR,1995,,,,,,5160,,,5160
South Korea,KOR,1996,,,,60365,0,,,,60365
South Korea,KOR,1997,,,,115,,,,,115
South Korea,KOR,1998,,,,121000,,4379,,,125379
South Korea,KOR,1999,,,,30208,,514,,,30722
South Korea,KOR,2000,,,,3089,,711,1533,,5333
South Korea,KOR,2001,0,,,310000,,300,,,310300
South Korea,KOR,2002,,,,4007,,88625,,,92632
South Korea,KOR,2003,,,,,,80000,,,80000
South Korea,KOR,2004,,,,4691,,2922,2155,,9768
South Korea,KOR,2005,,,,14510,,1100,2140,,17750
South Korea,KOR,2006,,,,4630,,,,,4630
South Korea,KOR,2007,,,,1000,,602,,,1602
South Korea,KOR,2008,,,,13,,,,,13
South Korea,KOR,2010,,,,,,41500,,,41500
South Korea,KOR,2011,,,,29000,2026,,,,31026
South Korea,KOR,2012,,,,,,3120,,,3120
South Korea,KOR,2014,,,,0,,101,,,101
South Korea,KOR,2016,,29832,,,,1500,,0,31332
South Korea,KOR,2017,,5057,,,,,,,5057
South Korea,KOR,2018,,,,,,,,0,0
South Korea,KOR,2019,,,,,,84852,3035,,87887
South Korea,KOR,2020,,,,15000,,3407,,,18407
South Korea,KOR,2021,,,,,,600,,,600
South Korea,KOR,2022,,,,11418,,36003,8080,355,55856
South Korea,KOR,2023,,,,10534,,0,500,,11034
South Korea,KOR,2024,,,,3500,,0,,2570,6070
South Korea,KOR,2025,,,,15575,,,12089,,27664
South Sudan,SSD,2008,,,,92791,,,,,92791
South Sudan,SSD,2009,2150000,,,,,,,,2150000
South Sudan,SSD,2010,2150000,,,290000,,,,,2440000
South Sudan,SSD,2012,,,,157000,,,,,157000
South Sudan,SSD,2013,,,,581000,,,,,581000
South Sudan,SSD,2016,3600000,,,22000,,,,,3622000
South Sudan,SSD,2019,,,,934800,,,12,,934812
South Sudan,SSD,2020,,,,1042000,,,,,1042000
South Sudan,SSD,2021,4033103,,,835000,,,,,4868103
South Sudan,SSD,2022,3690567,,,1000000,,,,,4690567
South Sudan,SSD,2024,,,,1400000,,,,,1400000
South Sudan,SSD,2025,,,,960000,,,,,960000
Spain,ESP,1907,,,,0,,,,,0
Spain,ESP,1940,,,,6000,,,,,6000
Spain,ESP,1941,,,,,,120,,,120
Spain,ESP,1953,,,,0,,,,,0
Spain,ESP,1956,,70,,,,,,,70
Spain,ESP,1957,,,,23200,,0,,,23200
Spain,ESP,1962,,,,20000,,,,,20000
Spain,ESP,1971,,,,,,0,,0,0
Spain,ESP,1972,,,,0,,,,,0
Spain,ESP,1973,,,,20000,,0,,,20000
Spain,ESP,1978,,,,325,,,,,325
Spain,ESP,1979,,,,325,,,,,325
Spain,ESP,1980,0,,,,,,,,0
Spain,ESP,1981,0,,,,,,,,0
Spain,ESP,1982,0,,,226600,,,,,226600
Spain,ESP,1983,0,,,507600,,,,,507600
Spain,ESP,1984,,,,,,60060,0,,60060
Spain,ESP,1985,,,,,,,300,0,300
Spain,ESP,1987,,,,28000,,0,,,28000
Spain,ESP,1989,,,,6800,,0,,,6800
Spain,ESP,1990,375770,,,,,0,,,375770
Spain,ESP,1991,1124229,,,,,,0,,1124229
Spain,ESP,1992,1124229,,,,,,,,1124229
Spain,ESP,1993,1124229,,,,,,,,1124229
Spain,ESP,1994,1124229,,,0,,0,16520,,1140749
Spain,ESP,1995,1127314,,,,,,,70,1127384
Spain,ESP,1996,,,,0,929,,,,929
Spain,ESP,1997,,,,400,,350,,,750
Spain,ESP,1998,,,,,,0,600,,600
Spain,ESP,1999,0,20,,,,0,,,20
Spain,ESP,2000,,,,8500,,,0,,8500
Spain,ESP,2001,,,,300,,0,,,300
Spain,ESP,2002,,,,430,,,,,430
Spain,ESP,2003,,,,,,,200,0,200
Spain,ESP,2004,,,,600,,,1100,113,1813
Spain,ESP,2005,,,,,,0,1,0,1
Spain,ESP,2006,,,,289,,,0,0,289
Spain,ESP,2007,,,,16600,,0,405,,17005
Spain,ESP,2009,,,,,,1793,0,,1793
Spain,ESP,2010,,,,14000,,0,,,14000
Spain,ESP,2011,,15300,,2400,,,,,17700
Spain,ESP,2012,,,,755,,,6,,761
Spain,ESP,2013,,,,600,,0,,,600
Spain,ESP,2014,,,,,,0,,,0
Spain,ESP,2015,,,,1750,,,,,1750
Spain,ESP,2016,,,,150,,,,,150
Spain,ESP,2017,,,,,,,1500,,1500
Spain,ESP,2018,,,,200,,0,0,0,200
Spain,ESP,2019,,,,3573,,320,,0,3893
Spain,ESP,2020,,,,,,2000,,,2000
Spain,ESP,2021,,,6888,250,,0,,,7138
Spain,ESP,2022,,,,,,,3500,0,3500
Spain,ESP,2023,22329,,,6000,,0,800,0,29129
Spain,ESP,2024,3671,,,36615,,0,,0,40286
Spain,ESP,2025,,,,,,1018,,,1018
Sri Lanka,LKA,1957,,,,,,250000,,,250000
Sri Lanka,LKA,1964,,,,,,380000,,,380000
Sri Lanka,LKA,1966,,,,352347,,,,,352347
Sri Lanka,LKA,1967,,,,47000,,,,,47000
Sri Lanka,LKA,1969,,,,1000000,,,,,1000000
Sri Lanka,LKA,1974,,,,,0,,,,0
Sri Lanka,LKA,1977,250000,,,,0,,,,250000
Sri Lanka,LKA,1978,,,,2000,,1005000,,,1007000
Sri Lanka,LKA,1980,0,,,,,,,,0
Sri Lanka,LKA,1981,0,,,20000,,,,,20000
Sri Lanka,LKA,1982,501026,,,130000,,,,,631026
Sri Lanka,LKA,1983,1498974,,,1250000,,,,,2748974
Sri Lanka,LKA,1984,,,,575000,,,,,575000
Sri Lanka,LKA,1985,,,,,,8000,,,8000
Sri Lanka,LKA,1986,,,,64485,,,,,64485
Sri Lanka,LKA,1987,2200000,,,,,,,,2200000
Sri Lanka,LKA,1988,238065,,,,,,,,238065
Sri Lanka,LKA,1989,567935,,,501000,,,,,1068935
Sri Lanka,LKA,1990,,,,440000,,,,,440000
Sri Lanka,LKA,1991,,,,297151,,,,,297151
Sri Lanka,LKA,1992,,,,655950,,,,,655950
Sri Lanka,LKA,1993,,,,330000,130,,,,330130
Sri Lanka,LKA,1994,,,,728150,,,,,728150
Sri Lanka,LKA,1995,,,,120000,,,,,120000
Sri Lanka,LKA,1996,,,,10000,,,,,10000
Sri Lanka,LKA,1997,,,,5000,,,,,5000
Sri Lanka,LKA,1998,,,,161226,,,,,161226
Sri Lanka,LKA,1999,,,,578259,,,,,578259
Sri Lanka,LKA,2000,,,,400000,,375000,,,775000
Sri Lanka,LKA,2001,250513,,,160,,,,,250673
Sri Lanka,LKA,2002,749487,,,500000,,,,,1249487
Sri Lanka,LKA,2003,,,,695000,,,,,695000
Sri Lanka,LKA,2004,,1019306,,200000,,,,,1219306
Sri Lanka,LKA,2005,,,,145000,,,,,145000
Sri Lanka,LKA,2006,,,,333002,,,,,333002
Sri Lanka,LKA,2007,,,,391294,,,,,391294
Sri Lanka,LKA,2008,,,,791611,,50000,,,841611
Sri Lanka,LKA,2009,,,,380000,,,,,380000
Sri Lanka,LKA,2010,,,,770265,,,,,770265
Sri Lanka,LKA,2011,,,,1293924,,35041,,,1328965
Sri Lanka,LKA,2012,1800000,,,447021,,69000,,,2316021
Sri Lanka,LKA,2013,,,,73961,,7339,,,81300
Sri Lanka,LKA,2014,1800000,,,1051248,1797,,,,2853045
Sri Lanka,LKA,2015,,,,180090,,,,,180090
Sri Lanka,LKA,2016,340740,,,301602,,,,,642342
Sri Lanka,LKA,2017,559260,,,893129,,160077,,,1612466
Sri Lanka,LKA,2018,,,,303712,,,,,303712
Sri Lanka,LKA,2019,139261,,,532574,,,,,671835
Sri Lanka,LKA,2020,82830,,,151665,,1100,,,235595
Sri Lanka,LKA,2021,,,,329898,,879,,,330777
Sri Lanka,LKA,2022,,,,149338,,28838,,,178176
Sri Lanka,LKA,2023,,,,244504,,44344,,,288848
Sri Lanka,LKA,2024,,,,410902,,597153,,,1008055
Sri Lanka,LKA,2025,,,,,3007,1702737,,,1705744
Sudan,SDN,1975,,,,145000,,,,,145000
Sudan,SDN,1978,,,,100000,,,,,100000
Sudan,SDN,1980,0,,,,,,,,0
Sudan,SDN,1983,2296222,,,132000,,,,,2428222
Sudan,SDN,1984,3047713,,,,,,,,3047713
Sudan,SDN,1985,3056065,,,,,,,,3056065
Sudan,SDN,1987,3450000,,,,,,,,3450000
Sudan,SDN,1988,,,,2500000,,,,,2500000
Sudan,SDN,1990,600000,8000,,,,,,,608000
Sudan,SDN,1991,1727510,,,,,,,,1727510
Sudan,SDN,1992,6872490,,,,,,,,6872490
Sudan,SDN,1993,,15,,2000,,,,,2015
Sudan,SDN,1994,,,,5965,,,,,5965
Sudan,SDN,1996,160000,,,120400,,,,,280400
Sudan,SDN,1997,,,,100000,,,,,100000
Sudan,SDN,1998,,,,1000000,,,0,,1000000
Sudan,SDN,1999,,,,280841,,,,,280841
Sudan,SDN,2000,1001367,,,,,,,,1001367
Sudan,SDN,2001,998633,,,97000,,,,,1095633
Sudan,SDN,2002,,,,100000,,0,,,100000
Sudan,SDN,2003,,,,325056,,,,,325056
Sudan,SDN,2005,,,,160780,,,,,160780
Sudan,SDN,2006,,,,167000,,,,,167000
Sudan,SDN,2007,,,,565335,,,,,565335
Sudan,SDN,2009,,,,111455,,,,,111455
Sudan,SDN,2010,,,,26362,,,,,26362
Sudan,SDN,2011,,,,,,30,,,30
Sudan,SDN,2012,3200000,,,135135,,,,,3335135
Sudan,SDN,2013,,,,500133,,,,,500133
Sudan,SDN,2014,,,,266204,,,,,266204
Sudan,SDN,2015,800000,,,0,,,,0,800000
Sudan,SDN,2016,,,,200004,,,,,200004
Sudan,SDN,2017,,,,55647,,,,,55647
Sudan,SDN,2018,,,,127476,,,,,127476
Sudan,SDN,2019,,,,352498,,,,,352498
Sudan,SDN,2020,,,,875013,,,,,875013
Sudan,SDN,2021,,,,303045,,16000,,,319045
Sudan,SDN,2022,11839300,,,349122,,,,,12188422
Sudan,SDN,2024,,,,317107,,,,,317107
Sudan,SDN,2025,,,,10000,0,,,,10000
Suriname,SUR,1969,,,,4600,,,,,4600
Suriname,SUR,2006,,,,25000,,,,,25000
Suriname,SUR,2008,,,,6548,,,,,6548
Suriname,SUR,2021,,,,10100,,,,,10100
Suriname,SUR,2022,,,,9000,,,,,9000
Sweden,SWE,1976,,,,,,0,,,0
Sweden,SWE,1977,,,,236,50,,,,286
Sweden,SWE,1985,,,,0,,,,,0
Sweden,SWE,1990,,,,,,0,,,0
Sweden,SWE,1999,,,,,,0,,,0
Sweden,SWE,2002,,,,,,0,,,0
Sweden,SWE,2005,,,,,,0,,0,0
Sweden,SWE,2013,,,,,,0,,,0
Sweden,SWE,2018,,,,,,,0,,0
Sweden,SWE,2020,,,,,,0,,,0
Sweden,SWE,2021,,,,13500,,,,,13500
Sweden,SWE,2022,,,,,,,,0,0
Sweden,SWE,2023,,,,,,,,0,0
Sweden,SWE,2024,,,,,,,,0,0
Switzerland,CHE,1951,,,,,0,,,,0
Switzerland,CHE,1965,,,,,0,,,,0
Switzerland,CHE,1968,,,,,22,,,,22
Switzerland,CHE,1970,,,,,48,,,,48
Switzerland,CHE,1975,,,,,0,,,,0
Switzerland,CHE,1977,,,,0,,,,,0
Switzerland,CHE,1982,,,,,,0,,,0
Switzerland,CHE,1983,,,,0,,140,,,140
Switzerland,CHE,1984,,,,,,0,,,0
Switzerland,CHE,1985,,,,,,0,,,0
Switzerland,CHE,1986,,,,,,0,,,0
Switzerland,CHE,1987,,,,,,0,,,0
Switzerland,CHE,1988,,,,,2000,,,,2000
Switzerland,CHE,1990,,,,,,0,,,0
Switzerland,CHE,1993,,,,,,0,,,0
Switzerland,CHE,1994,,,,,,0,,,0
Switzerland,CHE,1995,,,,800,,,,,800
Switzerland,CHE,1997,,,,0,,,,,0
Switzerland,CHE,1998,,,,,,0,,,0
Switzerland,CHE,1999,,,,0,0,0,,,0
Switzerland,CHE,2000,,,,,1500,,,,1500
Switzerland,CHE,2002,,,,,231,2,,,233
Switzerland,CHE,2003,,,,,,7,,0,7
Switzerland,CHE,2005,,,,2500,,,,0,2500
Switzerland,CHE,2006,,,,3000,,0,,,3000
Switzerland,CHE,2007,,,,101,,0,,,101
Switzerland,CHE,2009,,,,,,0,,,0
Switzerland,CHE,2010,,,,,,0,,0,0
Switzerland,CHE,2012,,,,,,,,0,0
Switzerland,CHE,2013,,,,,,84,,,84
Switzerland,CHE,2014,,,,,,0,,,0
Switzerland,CHE,2017,,,,,200,,,,200
Switzerland,CHE,2018,,,,,,16,,,16
Switzerland,CHE,2019,,,,,,0,,,0
Switzerland,CHE,2020,,,,,,13,,,13
Switzerland,CHE,2021,,,,0,0,5,,,5
Switzerland,CHE,2022,,,,,,,,0,0
Switzerland,CHE,2023,,,,,0,15040,,0,15040
Switzerland,CHE,2024,,,,,,0,,0,0
Switzerland,CHE,2025,,,,0,,,,,0
Syria,SYR,1967,,,,40000,,,,,40000
Syria,SYR,1974,,,,205000,,,,,205000
Syria,SYR,1999,131923,,,,,,,,131923
Syria,SYR,2000,197077,,,,,,,,197077
Syria,SYR,2001,,,,,,172,,,172
Syria,SYR,2002,,,,,23,,,,23
Syria,SYR,2004,,,,,,180,,,180
Syria,SYR,2006,,,,0,,,,,0
Syria,SYR,2008,434124,,,,,,,,434124
Syria,SYR,2009,432937,,,,,,,,432937
Syria,SYR,2010,432939,,,,,,,,432939
Syria,SYR,2015,,,,,,3500,,,3500
Syria,SYR,2019,,,,235000,,,,,235000
Syria,SYR,2020,,,,,,,140079,,140079
Syria,SYR,2021,3479202,,,142003,,,,,3621205
Syria,SYR,2022,2020798,,,,,362700,,,2383498
Syria,SYR,2023,650000,8012394,,2851,,,50005,,8715250
Syria,SYR,2024,,,,9700,,,15000,,24700
Syria,SYR,2025,16200000,,,,,52666,55000,,16307666
Taiwan,TWN,1904,,2349,,,,,,,2349
Taiwan,TWN,1906,,25918,,,,,,,25918
Taiwan,TWN,1909,,417,,,,,,,417
Taiwan,TWN,1910,,0,,,,,,,0
Taiwan,TWN,1911,,,,,,0,,,0
Taiwan,TWN,1916,,2153,,,,,,,2153
Taiwan,TWN,1917,,475,,,,,,,475
Taiwan,TWN,1922,,417,,,,,,,417
Taiwan,TWN,1924,,,,,,0,,,0
Taiwan,TWN,1930,,1254,,,,,,,1254
Taiwan,TWN,1935,,257592,,,,,,,257592
Taiwan,TWN,1936,,75,,,,,,,75
Taiwan,TWN,1941,,5304,,,,,,,5304
Taiwan,TWN,1946,,3884,,,,,,,3884
Taiwan,TWN,1951,,12746,,,,0,,,12746
Taiwan,TWN,1953,,,,,,0,,,0
Taiwan,TWN,1958,,,,,,0,,,0
Taiwan,TWN,1959,,63,,,,0,,,63
Taiwan,TWN,1960,,,,,,0,,,0
Taiwan,TWN,1961,,,,,,0,,,0
Taiwan,TWN,1962,,,,,,0,,,0
Taiwan,TWN,1963,,18,,,,,,,18
Taiwan,TWN,1964,,62485,,,,,,,62485
Taiwan,TWN,1965,,,,,,166,,,166
Taiwan,TWN,1966,,,,,,5021,,,5021
Taiwan,TWN,1967,,,,,,167,,,167
Taiwan,TWN,1969,,,,,,40408,,,40408
Taiwan,TWN,1973,,,,,,8000,,,8000
Taiwan,TWN,1975,,,,,,0,,,0
Taiwan,TWN,1977,,,,26000,,11528,,,37528
Taiwan,TWN,1981,,,,,,0,,,0
Taiwan,TWN,1983,,,,,,0,,,0
Taiwan,TWN,1984,,,,15,,,,,15
Taiwan,TWN,1986,,46,,,134,0,,,180
Taiwan,TWN,1987,,,,,,2200,,,2200
Taiwan,TWN,1989,,,,,,0,,,0
Taiwan,TWN,1990,,,,,,20000,,,20000
Taiwan,TWN,1991,,,,,,4,,,4
Taiwan,TWN,1992,,,,,,0,,,0
Taiwan,TWN,1994,,,,,,588,,,588
Taiwan,TWN,1996,,,,,,0,,,0
Taiwan,TWN,1997,,,,0,,78,,,78
Taiwan,TWN,1998,,,,300,,400000,,,400300
Taiwan,TWN,1999,,108918,,,,,,,108918
Taiwan,TWN,2000,,,,,,2102,,,2102
Taiwan,TWN,2001,,,,,,652333,,,652333
Taiwan,TWN,2002,,500,,,,0,,,500
Taiwan,TWN,2003,,,,,,0,,,0
Taiwan,TWN,2004,,,,,,8873,,,8873
Taiwan,TWN,2005,,,,2700,,1639,,,4339
Taiwan,TWN,2006,,42,,300,,800,,,1142
Taiwan,TWN,2007,,,,,,2879,,,2879
Taiwan,TWN,2008,,,,,,88,,,88
Taiwan,TWN,2009,,,,,,2307523,,,2307523
Taiwan,TWN,2010,,96,,,,100,,,196
Taiwan,TWN,2012,,,,35000,,0,,,35000
Taiwan,TWN,2013,,1616,,,,54,,,1670
Taiwan,TWN,2014,,,,,,0,,,0
Taiwan,TWN,2015,,,,,,762,,,762
Taiwan,TWN,2016,,525,,,,460,,0,985
Taiwan,TWN,2017,,,,4074,,131,,,4205
Taiwan,TWN,2018,,285,,,,6140,,,6425
Taiwan,TWN,2019,,,,,,0,,,0
Taiwan,TWN,2020,,,,,,1,,,1
Taiwan,TWN,2021,,,,,,0,,,0
Taiwan,TWN,2022,,140,,,,100,,,240
Taiwan,TWN,2023,,,,,,258,,,258
Taiwan,TWN,2024,,2369,,,,2092,,,4461
Taiwan,TWN,2025,,27,,5977,,484,,,6488
Tajikistan,TJK,1992,,,,63500,0,,,,63500
Tajikistan,TJK,1993,,,,,75357,,,,75357
Tajikistan,TJK,1994,,,,6051,,,,,6051
Tajikistan,TJK,1996,,,,180000,,,,,180000
Tajikistan,TJK,1997,,,,,0,,,,0
Tajikistan,TJK,1998,,,,41890,0,,,,41890
Tajikistan,TJK,1999,,,,9392,,1500,,,10892
Tajikistan,TJK,2000,1204918,6000,,,,,,,1210918
Tajikistan,TJK,2001,1795082,,,2190,165,830,,,1798267
Tajikistan,TJK,2002,,1550,,4251,,,,,5801
Tajikistan,TJK,2003,,,,1755,6181,,,,7936
Tajikistan,TJK,2004,,180,,400000,,,,,400180
Tajikistan,TJK,2005,,,,5112,1953,,,,7065
Tajikistan,TJK,2006,,15427,,,13728,,,,29155
Tajikistan,TJK,2007,,7003,,17309,0,,,,24312
Tajikistan,TJK,2008,800000,,,,,,,2000000,2800000
Tajikistan,TJK,2009,,,,15000,,,,,15000
Tajikistan,TJK,2010,,7840,,8622,,,,,16462
Tajikistan,TJK,2011,,0,,2130,,,,,2130
Tajikistan,TJK,2012,,2531,,5556,,,,0,8087
Tajikistan,TJK,2013,,,,,,,,2500,2500
Tajikistan,TJK,2014,,,,13223,,,,,13223
Tajikistan,TJK,2015,,7976,,10802,0,,,,18778
Tajikistan,TJK,2016,,155,,12750,,,,,12905
Tajikistan,TJK,2017,,,,700,0,,,,700
Tajikistan,TJK,2018,,,,5725,,,,,5725
Tajikistan,TJK,2019,,,,6750,,,,,6750
Tajikistan,TJK,2020,,,,2690,,,,,2690
Tajikistan,TJK,2021,,100,,25010,0,,,,25110
Tajikistan,TJK,2023,,2205,,0,,,,,2205
Tajikistan,TJK,2024,,,,40,,,,,40
Tajikistan,TJK,2025,,4020,,,,,,,4020
Tanzania,TZA,1964,,500,,13900,,,,,14400
Tanzania,TZA,1967,53483,,,,,,,,53483
Tanzania,TZA,1968,,,,57000,,,,,57000
Tanzania,TZA,1974,,,,68000,,,,,68000
Tanzania,TZA,1977,20000,,,,,,,,20000
Tanzania,TZA,1978,,,,9000,,,,,9000
Tanzania,TZA,1979,,,,90000,,,,,90000
Tanzania,TZA,1982,,,,40000,,,,,40000
Tanzania,TZA,1984,1900000,,,,,,,,1900000
Tanzania,TZA,1986,,,,6000,,,,,6000
Tanzania,TZA,1988,,,,6500,,,,,6500
Tanzania,TZA,1989,,,,141056,,,,,141056
Tanzania,TZA,1990,,,,162868,,,,,162868
Tanzania,TZA,1991,399452,,,,,,,,399452
Tanzania,TZA,1992,400548,,,,,,,,400548
Tanzania,TZA,1993,,,,201823,,,,,201823
Tanzania,TZA,1994,,,,7000,,2500,,,9500
Tanzania,TZA,1995,,,,21850,,,,,21850
Tanzania,TZA,1996,600985,,,,,,,,600985
Tanzania,TZA,1997,599343,,,10132,,,0,,609475
Tanzania,TZA,1998,599343,,,4600,,,,,603943
Tanzania,TZA,1999,599343,,,,,,,,599343
Tanzania,TZA,2000,600986,791,,1817,,,,,603594
Tanzania,TZA,2001,,700,,200,150,,,,1050
Tanzania,TZA,2002,,2000,,1200,,,,,3200
Tanzania,TZA,2003,560115,,,2000,,,,,562115
Tanzania,TZA,2004,1593885,0,,,,,,,1593885
Tanzania,TZA,2005,,5000,,10548,,,,,15548
Tanzania,TZA,2006,3700000,,,21528,,,,,3721528
Tanzania,TZA,2008,,,,9457,,677,,,10134
Tanzania,TZA,2009,,,,20588,,605,,,21193
Tanzania,TZA,2010,,,,29412,,,,,29412
Tanzania,TZA,2011,294797,,,65976,,,,,360773
Tanzania,TZA,2012,705203,,,0,,,,,705203
Tanzania,TZA,2014,,,,40000,,,,,40000
Tanzania,TZA,2015,,,,5000,,5112,,,10112
Tanzania,TZA,2016,,139601,,140275,,,,,279876
Tanzania,TZA,2017,,,,0,,,,,0
Tanzania,TZA,2018,,,,15873,,,,,15873
Tanzania,TZA,2019,,,,5000,,2000000,,,2005000
Tanzania,TZA,2020,,,,65081,,,,,65081
Tanzania,TZA,2021,300704,,,2000,,30001,,,332705
Tanzania,TZA,2022,1799296,,,3500,,,,,1802796
Tanzania,TZA,2023,,,,2898500,6341,,,,2904841
Tanzania,TZA,2024,,,,200376,0,7775,,,208151
Tanzania,TZA,2025,,,,3150,,7851,,,11001
Thailand,THA,1962,,,,,,0,,,0
Thailand,THA,1966,,,,205200,,,,,205200
Thailand,THA,1975,,,,3000093,,,,,3000093
Thailand,THA,1978,,,,2028400,,0,,,2028400
Thailand,THA,1980,,,,630000,,,,,630000
Thailand,THA,1981,,,,,,43000,,,43000
Thailand,THA,1983,,,,1000000,,,,,1000000
Thailand,THA,1984,,,,786171,,,,,786171
Thailand,THA,1985,,,,7640,,,,,7640
Thailand,THA,1986,,,,27801,,,,,27801
Thailand,THA,1987,,,,0,,,,,0
Thailand,THA,1988,,,,1114819,,,,,1114819
Thailand,THA,1989,,,,,,199000,,,199000
Thailand,THA,1990,,,,,,0,,,0
Thailand,THA,1991,2500000,,,16574,,1894238,,,4410812
Thailand,THA,1992,,,,,,386446,,,386446
Thailand,THA,1993,,,,889345,,213916,,,1103261
Thailand,THA,1994,,,,171257,10000,15000,,,196257
Thailand,THA,1995,,0,,4280984,,0,,,4280984
Thailand,THA,1996,,,,5000000,,343386,,,5343386
Thailand,THA,1997,,,,0,,50394,,,50394
Thailand,THA,1999,6000000,,,283762,,,,,6283762
Thailand,THA,2000,,,,3323801,,41219,,,3365020
Thailand,THA,2001,,,,465239,,150,,,465389
Thailand,THA,2002,5000000,,,3290920,33000,30204,,,8354124
Thailand,THA,2003,,,,107700,,5000,,,112700
Thailand,THA,2004,,67007,,507000,110,9050,,,583167
Thailand,THA,2005,0,,,654604,,3500,0,,658104
Thailand,THA,2006,,,,2722014,,,,,2722014
Thailand,THA,2007,,,,183000,,,,,183000
Thailand,THA,2008,10000000,,,1544016,,1000,,,11545016
Thailand,THA,2009,,,,228141,,,,,228141
Thailand,THA,2010,5009283,,,8970653,,,,,13979936
Thailand,THA,2011,1473319,16,,9967743,,1000000,,,12441078
Thailand,THA,2012,12000000,,,483912,,,,,12483912
Thailand,THA,2013,,,,3515254,,,,,3515254
Thailand,THA,2014,0,17523,,131288,,2000,,1000000,1150811
Thailand,THA,2015,0,,,,,1440,,,1440
Thailand,THA,2016,0,,,808843,,,,0,808843
Thailand,THA,2017,0,,,3790498,,28560,,,3819058
Thailand,THA,2019,0,,,158000,,720885,,,878885
Thailand,THA,2020,0,,,870659,,325425,,,1196084
Thailand,THA,2021,,,,957694,,900,,,958594
Thailand,THA,2022,,,,1380693,,1052,,,1381745
Thailand,THA,2023,,,,249123,,22200,,,271323
Thailand,THA,2024,,,,775350,,6218,,0,781568
Thailand,THA,2025,,2351,,4621573,,1184559,,,5808483
Togo,TGO,1966,,,,,,15,,,15
Togo,TGO,1971,150000,,,,,,,,150000
Togo,TGO,1983,0,,,,,,,,0
Togo,TGO,1989,400000,,,,,,,,400000
Togo,TGO,1994,,,,11500,,,,,11500
Togo,TGO,1995,,,,185000,,,,,185000
Togo,TGO,1998,,,,30405,,,,,30405
Togo,TGO,1999,,,,65000,,,,,65000
Togo,TGO,2006,,,,2000,,,,,2000
Togo,TGO,2007,,,,141331,,,,,141331
Togo,TGO,2008,,,,44814,,,,,44814
Togo,TGO,2009,,,,0,,,,,0
Togo,TGO,2010,,,,111550,,,,,111550
Togo,TGO,2017,,,,16060,,,,,16060
Togo,TGO,2020,,,,57000,,,,,57000
Togo,TGO,2022,,,,18596,,,,,18596
Togo,TGO,2024,,,,12700,,,,,12700
Tokelau,TKL,1914,,,,,,0,,,0
Tokelau,TKL,1925,,,,,,0,,,0
Tokelau,TKL,1966,,,,,,0,,,0
Tokelau,TKL,1987,,,,,,1730,,,1730
Tokelau,TKL,1990,,,,,,102,,,102
Tokelau,TKL,2005,,,,,,26,,,26
Tonga,TON,1946,,,2500,,,,,,2500
Tonga,TON,1961,,,,,,8000,,,8000
Tonga,TON,1973,,,,,,900,,,900
Tonga,TON,1977,,5505,,,,10005,,,15510
Tonga,TON,1982,,,,,,146514,,,146514
Tonga,TON,1990,,,,,,3103,,,3103
Tonga,TON,1997,,,,,,3000,,,3000
Tonga,TON,1998,,,,,,3571,,,3571
Tonga,TON,2001,,,,,,16500,,,16500
Tonga,TON,2004,,,,,,0,,,0
Tonga,TON,2009,,507,,,,,,,507
Tonga,TON,2011,,,,,,7600,,,7600
Tonga,TON,2014,,,,,,4014,,,4014
Tonga,TON,2015,0,,,,,,,,0
Tonga,TON,2016,,,,,,392,,,392
Tonga,TON,2018,,,,,,87000,,,87000
Tonga,TON,2020,,,,,,25000,,,25000
Tonga,TON,2022,,,84176,,,,,,84176
Trinidad and Tobago,TTO,1933,,,,,,1000,,,1000
Trinidad and Tobago,TTO,1963,,,,,,0,,,0
Trinidad and Tobago,TTO,1974,,,,,,50000,,,50000
Trinidad and Tobago,TTO,1990,,,,,,1000,,,1000
Trinidad and Tobago,TTO,1993,,,,10,,,,,10
Trinidad and Tobago,TTO,1996,,,,200,,,,,200
Trinidad and Tobago,TTO,1997,,17,200,,,,,,217
Trinidad and Tobago,TTO,2004,,,,,1200,560,,,1760
Trinidad and Tobago,TTO,2005,,,,,,0,,,0
Trinidad and Tobago,TTO,2010,0,,,,,,,,0
Trinidad and Tobago,TTO,2018,,,,150000,,,,,150000
Trinidad and Tobago,TTO,2022,,,,100000,,,,,100000
Tunisia,TUN,1957,,0,,,,,,,0
Tunisia,TUN,1962,,,,0,,,,,0
Tunisia,TUN,1964,,,,21000,,,,,21000
Tunisia,TUN,1969,,,,271269,,,,,271269
Tunisia,TUN,1973,,,,44240,,,,,44240
Tunisia,TUN,1977,31400,,,,,,,,31400
Tunisia,TUN,1979,,,,750,,,,,750
Tunisia,TUN,1982,,,,30000,,,,,30000
Tunisia,TUN,1986,,,,2500,,,,,2500
Tunisia,TUN,1988,0,,,,,,,,0
Tunisia,TUN,1990,,,,152000,,,,,152000
Tunisia,TUN,2003,,,,27000,,,,,27000
Tunisia,TUN,2007,,,,6500,,,,,6500
Tunisia,TUN,2009,,,,5008,,,,,5008
Tunisia,TUN,2017,,,,,,,2000,,2000
Tunisia,TUN,2018,,,,30000,,,,,30000
Tunisia,TUN,2020,,,,40000,,,,,40000
Tunisia,TUN,2021,,,,0,,,1000,,1000
Tunisia,TUN,2022,,,,4000,,,,,4000
Turkey,TUR,1900,,0,,,,,,,0
Turkey,TUR,1903,,60000,,,,,,,60000
Turkey,TUR,1912,,18195,,,,,,,18195
Turkey,TUR,1914,,51700,,,,,,,51700
Turkey,TUR,1924,,1140,,,,,,,1140
Turkey,TUR,1925,,6129,,,,,,,6129
Turkey,TUR,1928,,209,,,,,,,209
Turkey,TUR,1934,,0,,,,,,,0
Turkey,TUR,1935,,0,,,,,,,0
Turkey,TUR,1938,,800,,,,,,,800
Turkey,TUR,1939,,585068,,,,,,,585068
Turkey,TUR,1940,,0,,,,,,,0
Turkey,TUR,1941,,0,,,,,,,0
Turkey,TUR,1942,,0,,,,,,,0
Turkey,TUR,1943,,5000,,,,,,,5000
Turkey,TUR,1944,,0,,,,,,,0
Turkey,TUR,1945,,0,,,,,,,0
Turkey,TUR,1946,,0,,,,,,,0
Turkey,TUR,1948,,,,0,,,,,0
Turkey,TUR,1949,,355,,,,,,,355
Turkey,TUR,1950,,0,,,,,,,0
Turkey,TUR,1951,,150,,,,,,,150
Turkey,TUR,1952,,250,,,,,,,250
Turkey,TUR,1953,,50000,,,,,,,50000
Turkey,TUR,1956,,,,0,,,,,0
Turkey,TUR,1957,,119,,0,,,,,119
Turkey,TUR,1964,,13100,,3000,,12000,,,28100
Turkey,TUR,1966,,109520,,,,,,,109520
Turkey,TUR,1967,,326073,,,,,,,326073
Turkey,TUR,1968,,20200,,0,,,,,20200
Turkey,TUR,1969,,350,,,,,,,350
Turkey,TUR,1970,,84241,,,,,,,84241
Turkey,TUR,1971,,88665,,,,,,,88665
Turkey,TUR,1972,,,,,,0,,,0
Turkey,TUR,1974,,,,0,,,,,0
Turkey,TUR,1975,,53372,,,,,,,53372
Turkey,TUR,1976,,225056,,,0,,,,225056
Turkey,TUR,1977,,0,,,,,,,0
Turkey,TUR,1978,,2645,,,,,,,2645
Turkey,TUR,1979,,1000,,,,,,,1000
Turkey,TUR,1980,,,,60000,0,,,,60000
Turkey,TUR,1981,,,,0,,,,,0
Turkey,TUR,1983,,834137,,,,,,,834137
Turkey,TUR,1984,,750073,,200,,,,,750273
Turkey,TUR,1985,,579,,,,,0,,579
Turkey,TUR,1986,,21103,,,,,,,21103
Turkey,TUR,1987,,,,,,,,0,0
Turkey,TUR,1988,,,,1500,620,,,,2120
Turkey,TUR,1990,,,,4500,,,,,4500
Turkey,TUR,1991,,,,500,,3,,,503
Turkey,TUR,1992,,348850,,,1069,,,,349919
Turkey,TUR,1993,,,,,0,,,,0
Turkey,TUR,1994,,,,,,0,,8000,8000
Turkey,TUR,1995,,160240,,306818,12046,,,,479104
Turkey,TUR,1996,,26006,,,,,500,,26506
Turkey,TUR,1998,,1591306,,1241047,,,,,2832353
Turkey,TUR,1999,,1584792,,,,,,,1584792
Turkey,TUR,2000,,24080,,1000,,,350,300,25730
Turkey,TUR,2001,,611,,2520,600,,,0,3731
Turkey,TUR,2002,,252327,,3000,,0,,,255327
Turkey,TUR,2003,,290930,,,,,,,290930
Turkey,TUR,2004,,36916,,50100,,1636,,0,88652
Turkey,TUR,2005,,3044,,3000,9,0,,20,6073
Turkey,TUR,2006,,,,63015,,,,130,63145
Turkey,TUR,2007,,,,3186,,,,0,3186
Turkey,TUR,2008,,,,,,,300,,300
Turkey,TUR,2009,,,,35131,6,,,,35137
Turkey,TUR,2010,,3600,,,206,,,,3806
Turkey,TUR,2011,,43164,,,,,,,43164
Turkey,TUR,2012,,,,0,,,,,0
Turkey,TUR,2014,,324,,,,,,,324
Turkey,TUR,2015,,,,6500,,,,,6500
Turkey,TUR,2017,,360,,,,270,,,630
Turkey,TUR,2018,,,,,100,,,,100
Turkey,TUR,2019,,1453,,15290,,,,,16743
Turkey,TUR,2020,,86604,,822,84,300,,,87810
Turkey,TUR,2021,,,,7160,,,561088,,568248
Turkey,TUR,2022,,306,,3115,,,,,3421
Turkey,TUR,2023,,16107494,,31,,554,,,16108079
Turkey,TUR,2024,,1717,,900,,,0,,2617
Turkey,TUR,2025,,1749,,,,,1208,0,2957
Turkmenistan,TKM,1993,,,,420,,,,,420
Turkmenistan,TKM,2000,,0,,,,,,,0
Turks and Caicos Islands,TCA,1985,,,,,,770,,,770
Turks and Caicos Islands,TCA,1990,,,,,,0,,,0
Turks and Caicos Islands,TCA,2004,,,,,,200,,,200
Turks and Caicos Islands,TCA,2008,,,,,,1500,,,1500
Turks and Caicos Islands,TCA,2017,,,,,,0,,,0
Tuvalu,TUV,1972,,,,,,700,,,700
Tuvalu,TUV,1984,,,,,,0,,,0
Tuvalu,TUV,1987,,,,,,0,,,0
Tuvalu,TUV,1990,,,,,,700,,,700
Tuvalu,TUV,1993,,,,,,150,,,150
Tuvalu,TUV,2011,0,,,,,,,,0
Tuvalu,TUV,2015,,,,,,4613,,,4613
Tuvalu,TUV,2020,,,,,,5500,,,5500
Tuvalu,TUV,2021,10204,,,,,,,,10204
USSR,OWID_USS,1902,,142652,,,,,,,142652
USSR,OWID_USS,1911,,0,,,,,,,0
USSR,OWID_USS,1921,5000000,,,,,,,,5000000
USSR,OWID_USS,1923,,0,,,,0,,,0
USSR,OWID_USS,1930,,208,,,,,,,208
USSR,OWID_USS,1946,,0,,,,,,,0
USSR,OWID_USS,1948,,0,,,,,,,0
USSR,OWID_USS,1949,,0,,,0,,,,0
USSR,OWID_USS,1952,,0,,,,,,,0
USSR,OWID_USS,1956,,,0,,,,,,0
USSR,OWID_USS,1961,,,,,0,,,,0
USSR,OWID_USS,1966,,100000,,,,,,,100000
USSR,OWID_USS,1974,,,,,0,,,,0
USSR,OWID_USS,1976,,0,,,,,,,0
USSR,OWID_USS,1981,,,,2000,,10000,,,12000
USSR,OWID_USS,1982,,,,586,,,,,586
USSR,OWID_USS,1983,,14000,,1000,,0,,,15000
USSR,OWID_USS,1984,,20100,,0,,0,,,20100
USSR,OWID_USS,1985,,8080,,10000,,,,,18080
USSR,OWID_USS,1986,,230058,,,,,,,230058
USSR,OWID_USS,1987,,,,36000,506,,0,,36506
USSR,OWID_USS,1988,,1642000,,0,,,,,1642000
USSR,OWID_USS,1989,,12051,,0,10500,,,,22551
USSR,OWID_USS,1990,,24508,,23488,0,,,,47996
USSR,OWID_USS,1991,,256500,,42000,0,0,,,298500
Uganda,UGA,1966,,5510,,,,,,,5510
Uganda,UGA,1967,25000,,,,,,,,25000
Uganda,UGA,1979,249658,,,,,,,,249658
Uganda,UGA,1980,250342,,,,,,,,250342
Uganda,UGA,1987,46851,,,,,,,,46851
Uganda,UGA,1988,553149,2000,,,,,,,555149
Uganda,UGA,1990,,0,,,,,,,0
Uganda,UGA,1994,,50000,,,,,,,50000
Uganda,UGA,1997,,,,153500,0,,,,153500
Uganda,UGA,1998,63000,,,15200,,,,,78200
Uganda,UGA,1999,184153,,,,,,,,184153
Uganda,UGA,2000,289027,,,,,10000,,,299027
Uganda,UGA,2001,289820,,,800,3366,,,,293986
Uganda,UGA,2002,655000,,,860,,100,,,655960
Uganda,UGA,2003,,,,2200,,,,,2200
Uganda,UGA,2004,,,,30000,,,,,30000
Uganda,UGA,2005,463636,,,,,,,,463636
Uganda,UGA,2006,136364,,,5680,,,,,142044
Uganda,UGA,2007,,,,721045,,,,,721045
Uganda,UGA,2008,414754,,,30040,,,,,444794
Uganda,UGA,2009,685246,,,,,,,,685246
Uganda,UGA,2010,,,,,12795,,,,12795
Uganda,UGA,2011,669000,,,63075,,47,,,732122
Uganda,UGA,2012,,,,15000,3432,,,,18432
Uganda,UGA,2013,,,,25445,,,,,25445
Uganda,UGA,2016,,590,,10000,1000,,,,11590
Uganda,UGA,2017,,,,14,,,,,14
Uganda,UGA,2018,,,,,0,,,,0
Uganda,UGA,2019,,,,78600,130953,,,,209553
Uganda,UGA,2020,,,,131500,,8700,,,140200
Uganda,UGA,2021,,,,117464,,,,,117464
Uganda,UGA,2022,518000,,,79968,1196,,,,599164
Uganda,UGA,2023,,,,1016,,,,,1016
Uganda,UGA,2024,,,,57804,31036,34,,,88874
Uganda,UGA,2025,,,,15050,235,,,,15285
Ukraine,UKR,1992,,,,,,1000,,,1000
Ukraine,UKR,1993,,,,325000,,,,,325000
Ukraine,UKR,1995,,,,1700000,,,,,1700000
Ukraine,UKR,1996,,,,10000,,,,,10000
Ukraine,UKR,1997,,,,0,,0,,,0
Ukraine,UKR,1998,,,,24570,,,,,24570
Ukraine,UKR,2000,,,,,,48110,,0,48110
Ukraine,UKR,2001,,,,300000,,,,,300000
Ukraine,UKR,2003,,,,600,,,,,600
Ukraine,UKR,2005,,,,8340,,,,,8340
Ukraine,UKR,2006,,,,5000,,,,59600,64600
Ukraine,UKR,2007,,,,,,7552,,,7552
Ukraine,UKR,2008,,,,224725,,,,,224725
Ukraine,UKR,2009,,,,,,,,0,0
Ukraine,UKR,2010,,,,40059,,,,,40059
Ukraine,UKR,2012,0,,,,,,,88026,88026
Ukraine,UKR,2013,,,,2260,,,,,2260
Ukraine,UKR,2016,,,,200,,,,0,200
Ukraine,UKR,2017,,,,,,,,0,0
Ukraine,UKR,2018,,,,,,600,,,600
Ukraine,UKR,2020,,,,55000,,,1968,,56968
Ukraine,UKR,2021,,,,,,1700,,,1700
Ukraine,UKR,2023,,,,2850,,23,,,2873
Ukraine,UKR,2025,,,,2010,,,,,2010
United Arab Emirates,ARE,2017,,,,188,,,,,188
United Arab Emirates,ARE,2024,,,,346,,,,,346
United Kingdom,GBR,1920,,,,0,,,,,0
United Kingdom,GBR,1952,,,,660,,,,,660
United Kingdom,GBR,1966,,,,,0,,,,0
United Kingdom,GBR,1968,,,,,,700,,,700
United Kingdom,GBR,1976,,,,,,0,,,0
United Kingdom,GBR,1977,,,,20000,,,,,20000
United Kingdom,GBR,1981,,,,,,0,,,0
United Kingdom,GBR,1983,,,,,,12,,,12
United Kingdom,GBR,1984,,,,,,0,,,0
United Kingdom,GBR,1986,,,,,,0,,,0
United Kingdom,GBR,1987,,,,,,1600,,,1600
United Kingdom,GBR,1989,,,,,,0,,,0
United Kingdom,GBR,1990,,0,,,,0,,,0
United Kingdom,GBR,1991,,,,,,0,,0,0
United Kingdom,GBR,1993,,,,6000,,,,,6000
United Kingdom,GBR,1994,,,,700,,,,,700
United Kingdom,GBR,1995,,,,,,0,,,0
United Kingdom,GBR,1996,,,,,,12000,,,12000
United Kingdom,GBR,1997,,,,1200,,,,0,1200
United Kingdom,GBR,1998,,,,18000,,256000,,,274000
United Kingdom,GBR,1999,,,,800,,200,,,1000
United Kingdom,GBR,2000,,,,44000,,20104,,,64104
United Kingdom,GBR,2001,,,,1150,,,,,1150
United Kingdom,GBR,2002,,,,1070,,0,,,1070
United Kingdom,GBR,2003,,,,,,,,0,0
United Kingdom,GBR,2004,,,,1008,,,,,1008
United Kingdom,GBR,2005,,,,800,,3000,,0,3800
United Kingdom,GBR,2007,,4501,,370200,,0,,,374701
United Kingdom,GBR,2008,,,,5000,,,,,5000
United Kingdom,GBR,2009,,,,3900,,180,,47,4127
United Kingdom,GBR,2010,,,,400,,0,,0,400
United Kingdom,GBR,2011,,,,,,0,,,0
United Kingdom,GBR,2012,,,,3995,,,,,3995
United Kingdom,GBR,2013,,,,79,,4200,,0,4279
United Kingdom,GBR,2014,,,,1521,,18000,,,19521
United Kingdom,GBR,2015,,,,48000,,15600,,,63600
United Kingdom,GBR,2016,,,,,,7200,,,7200
United Kingdom,GBR,2017,,,,300,,,,,300
United Kingdom,GBR,2018,,,,,,784,,0,784
United Kingdom,GBR,2019,,,,4800,,,,0,4800
United Kingdom,GBR,2020,,,,480,,6400,,0,6880
United Kingdom,GBR,2021,,,,,,0,,,0
United Kingdom,GBR,2022,0,,,,,0,,0,0
United Kingdom,GBR,2023,,,,,,0,,0,0
United Kingdom,GBR,2024,,,,,,750,,0,750
United Kingdom,GBR,2025,,,,,,2055,,,2055
United States,USA,1900,,,,,,0,,,0
United States,USA,1903,,,,1200,,180,,,1380
United States,USA,1906,,84564,,,,0,,,84564
United States,USA,1909,,,,0,,15000,,,15000
United States,USA,1910,,,,,,0,,,0
United States,USA,1913,,,,,,0,,,0
United States,USA,1915,,0,,,,0,,,0
United States,USA,1918,,,,,,0,0,,0
United States,USA,1919,,,,,,0,,,0
United States,USA,1920,,,,,,1374,,,1374
United States,USA,1925,,0,,,,0,,,0
United States,USA,1926,,,,,,0,,,0
United States,USA,1927,,,,0,,620,,,620
United States,USA,1928,,,,,,0,,,0
United States,USA,1932,,,,,,0,,,0
United States,USA,1933,,0,,,,0,,,0
United States,USA,1934,,,,,,15000,,,15000
United States,USA,1935,,,,,,0,,,0
United States,USA,1936,,,,0,,0,,0,0
United States,USA,1937,,,,1000000,,,,,1000000
United States,USA,1938,,,,,0,0,,,0
United States,USA,1940,,0,,,,0,,,0
United States,USA,1943,,,,0,,,,,0
United States,USA,1944,,,,,,0,0,,0
United States,USA,1945,,,,,,1001,,,1001
United States,USA,1946,,0,,,,0,,,0
United States,USA,1947,,,,,,0,0,,0
United States,USA,1948,,,,0,,0,,,0
United States,USA,1949,,0,,,,0,,,0
United States,USA,1950,,,,0,,228,,,228
United States,USA,1951,,,,518000,,,,0,518000
United States,USA,1952,,470,,,,0,,,470
United States,USA,1953,,,,,,11288,,,11288
United States,USA,1954,,,,,,34795,,,34795
United States,USA,1955,,,,0,,105000,,0,105000
United States,USA,1956,,,,,,200,0,,200
United States,USA,1957,,,,,,0,,,0
United States,USA,1958,,,,,,0,,0,0
United States,USA,1959,,0,,,,0,,,0
United States,USA,1960,,0,,,,0,,,0
United States,USA,1961,,,,,,0,,,0
United States,USA,1962,,,,,,56977,,,56977
United States,USA,1963,,,,,,0,,0,0
United States,USA,1964,,0,,0,,0,,,0
United States,USA,1965,,0,,,,1000,,,1000
United States,USA,1966,,,,,,0,,0,0
United States,USA,1967,,,,,,0,,,0
United States,USA,1968,,,,,,458,,,458
United States,USA,1969,,,,0,,0,,,0
United States,USA,1970,,,,,,197100,0,,197100
United States,USA,1971,,2000,,,,0,,,2000
United States,USA,1972,,,,3000,0,0,,0,3000
United States,USA,1973,,11,,0,,246,,0,257
United States,USA,1974,,,,,,0,,,0
United States,USA,1975,,1560,,,,577,,,2137
United States,USA,1976,,,,250,,,,,250
United States,USA,1977,,,,2700,,0,,0,2700
United States,USA,1978,,,,0,,4500,,,4500
United States,USA,1979,,,,,,2160,,,2160
United States,USA,1980,,,2500,117000,,570,,0,120070
United States,USA,1981,,,,0,,0,,,0
United States,USA,1982,,,,0,,51500,,,51500
United States,USA,1983,,1553,,0,,6000,,0,7553
United States,USA,1984,,,,5500,,14657,,,20157
United States,USA,1985,,,,5550,,1020500,,,1026050
United States,USA,1986,,179,,2000,,80,,0,2259
United States,USA,1987,,2294,,,,3200,,0,5494
United States,USA,1988,0,,,0,,0,,,0
United States,USA,1989,,4072,,,,25100,,0,29172
United States,USA,1990,,150,,3350,,10668,,0,14168
United States,USA,1991,0,100,,0,,3000,300,,3400
United States,USA,1992,,426,,0,,295055,990,,296471
United States,USA,1993,,3000,,43900,,600,130,0,47630
United States,USA,1994,,27225,,14070,125,21750,1432,,64602
United States,USA,1995,,,,115300,,92160,,0,207460
United States,USA,1996,,,,236327,,4131,50,,240508
United States,USA,1997,,,,198162,,4892,1000,,204054
United States,USA,1998,,,,37000,,153621,41221,0,231842
United States,USA,1999,0,,,100,,3058870,1019,0,3059989
United States,USA,2000,0,25174,,3646,,23154,36087,0,88061
United States,USA,2001,0,400,,23800,,181053,139,0,205392
United States,USA,2002,0,,,147750,,18899,6488,0,173137
United States,USA,2003,,160,,3200,15,243647,27894,,274916
United States,USA,2004,,,,5340,,5079710,15487,0,5100537
United States,USA,2005,,,,14847,,830305,783,31,845966
United States,USA,2006,,3529,,77471,,5663,1212,0,87875
United States,USA,2007,0,,,8810,,8317,650991,,668118
United States,USA,2008,0,2103,,11007384,,2301147,55320,0,13365954
United States,USA,2009,0,,,35224,,908,455,0,36587
United States,USA,2010,,630,,1000,,10934,,,12564
United States,USA,2011,0,,,36100,,389200,6105,0,431405
United States,USA,2012,0,,,300,,90404,2847,0,93551
United States,USA,2013,,,,34725,,177474,2375,0,214574
United States,USA,2014,0,3250,,102040,150,1215,429,0,107084
United States,USA,2015,0,,,27592,,4576,13364,,45532
United States,USA,2016,,120,,92058,,85019468,8452,,85120098
United States,USA,2017,0,,,370,,854401,12304,,867075
United States,USA,2018,0,,2500,1596,1366,1505093,253240,,1763795
United States,USA,2019,,150,,16600,,1486,1265,,19501
United States,USA,2020,0,,,13000,,28431,0,,41431
United States,USA,2021,0,,,1876,,15236,60639,0,77751
United States,USA,2022,0,12,,1075,,2775,3620,,7482
United States,USA,2023,0,,,2126,,18055,8497,25,28703
United States,USA,2024,0,,,6564,,3733,3239,0,13536
United States,USA,2025,0,0,,1527,,23231,2334,,27092
United States Virgin Islands,VIR,1932,,,,,,0,,,0
United States Virgin Islands,VIR,1989,,,,,,10000,,,10000
United States Virgin Islands,VIR,1995,,,,,,10000,,,10000
United States Virgin Islands,VIR,1998,,,,,,0,,,0
United States Virgin Islands,VIR,1999,,,,,,0,,,0
United States Virgin Islands,VIR,2004,,,,,,0,,,0
United States Virgin Islands,VIR,2017,,,,,,0,,,0
Upper-middle-income countries,OWID_UMC,1900,0,0,,0,,,,,0
Upper-middle-income countries,OWID_UMC,1902,,142652,0,,,,,,142652
Upper-middle-income countries,OWID_UMC,1903,,60000,,,,0,,,60000
Upper-middle-income countries,OWID_UMC,1905,,0,,,,0,,,0
Upper-middle-income countries,OWID_UMC,1906,,10000,,,,,,,10000
Upper-middle-income countries,OWID_UMC,1907,,90000,,,,,,,90000
Upper-middle-income countries,OWID_UMC,1909,,0,,,0,0,,,0
Upper-middle-income countries,OWID_UMC,1910,0,0,,,,,,,0
Upper-middle-income countries,OWID_UMC,1911,0,22,199,0,,,,,221
Upper-middle-income countries,OWID_UMC,1912,0,18195,,,,594820,,,613015
Upper-middle-income countries,OWID_UMC,1913,0,112,,,,,,,112
Upper-middle-income countries,OWID_UMC,1914,0,51720,,,,,,,51720
Upper-middle-income countries,OWID_UMC,1915,,0,,3000000,,,,,3000000
Upper-middle-income countries,OWID_UMC,1917,,0,,635000,,0,,,635000
Upper-middle-income countries,OWID_UMC,1918,,0,,,,,,,0
Upper-middle-income countries,OWID_UMC,1919,,,0,,,,,,0
Upper-middle-income countries,OWID_UMC,1920,20000000,167,,,,,,,20000167
Upper-middle-income countries,OWID_UMC,1921,5000000,,,,,,,,5000000
Upper-middle-income countries,OWID_UMC,1922,,,,,,0,,,0
Upper-middle-income countries,OWID_UMC,1923,,0,,,,1300,,,1300
Upper-middle-income countries,OWID_UMC,1924,,12390,,,,,,,12390
Upper-middle-income countries,OWID_UMC,1925,,7629,,,,,,,7629
Upper-middle-income countries,OWID_UMC,1926,,,,,0,0,,,0
Upper-middle-income countries,OWID_UMC,1927,,133944,,0,,0,,,133944
Upper-middle-income countries,OWID_UMC,1928,0,209,,,,,,,209
Upper-middle-income countries,OWID_UMC,1929,,1121,,,,,0,,1121
Upper-middle-income countries,OWID_UMC,1930,,3256,0,,,12000,,,15256
Upper-middle-income countries,OWID_UMC,1931,,0,0,0,0,0,,,0
Upper-middle-income countries,OWID_UMC,1932,,5560,,,,2500,,,8060
Upper-middle-income countries,OWID_UMC,1933,,150,,3600000,,0,,,3600150
Upper-middle-income countries,OWID_UMC,1934,,0,,,0,0,,,0
Upper-middle-income countries,OWID_UMC,1935,,0,,10030000,,500,,,10030500
Upper-middle-income countries,OWID_UMC,1936,,71441,,,,0,,,71441
Upper-middle-income countries,OWID_UMC,1937,,200,,0,0,0,,,200
Upper-middle-income countries,OWID_UMC,1938,,6430,,,,0,,,6430
Upper-middle-income countries,OWID_UMC,1939,,585068,,0,,,,,585068
Upper-middle-income countries,OWID_UMC,1940,0,67705,,2000,,0,,,69705
Upper-middle-income countries,OWID_UMC,1941,0,32168,,,0,0,,,32168
Upper-middle-income countries,OWID_UMC,1942,0,135,,,,,,,135
Upper-middle-income countries,OWID_UMC,1943,0,21096,3000,,,,,,24096
Upper-middle-income countries,OWID_UMC,1944,0,155000,,,,2000,,,157000
Upper-middle-income countries,OWID_UMC,1945,,30,,,,,,,30
Upper-middle-income countries,OWID_UMC,1946,0,0,2500,,,0,,,2500
Upper-middle-income countries,OWID_UMC,1947,,0,,,,,,,0
Upper-middle-income countries,OWID_UMC,1948,,13200,,0,,300,,,13500
Upper-middle-income countries,OWID_UMC,1949,,105422,0,0,0,0,,,105422
Upper-middle-income countries,OWID_UMC,1950,,40250,0,10000000,0,,,,10040250
Upper-middle-income countries,OWID_UMC,1951,,149600,0,0,,70200,,,219800
Upper-middle-income countries,OWID_UMC,1952,,4420,,0,,501252,,,505672
Upper-middle-income countries,OWID_UMC,1953,,51020,,0,,0,,0,51020
Upper-middle-income countries,OWID_UMC,1954,,134351,0,0,0,,,,134351
Upper-middle-income countries,OWID_UMC,1955,,2113,,,0,15205,,,17318
Upper-middle-income countries,OWID_UMC,1956,,0,0,0,0,11016617,,,11016617
Upper-middle-income countries,OWID_UMC,1957,,15219,,0,,250000,,,265219
Upper-middle-income countries,OWID_UMC,1958,,4391,,0,,0,,,4391
Upper-middle-income countries,OWID_UMC,1959,,200,,0,,0,,,200
Upper-middle-income countries,OWID_UMC,1960,,1450,,0,0,445000,,,446450
Upper-middle-income countries,OWID_UMC,1961,,0,,0,0,18000,,,18000
Upper-middle-income countries,OWID_UMC,1962,,103454,,0,0,0,,0,103454
Upper-middle-income countries,OWID_UMC,1963,6690,8675,78000,45400,,2000,,,140765
Upper-middle-income countries,OWID_UMC,1964,1236710,17100,,381000,,2317546,,,3952356
Upper-middle-income countries,OWID_UMC,1965,60000,204070,58785,740500,0,10000,0,,1073355
Upper-middle-income countries,OWID_UMC,1966,360000,317876,47060,1924851,4000000,658041,,,7307828
Upper-middle-income countries,OWID_UMC,1967,,409088,,1161688,0,431524,,,2002300
Upper-middle-income countries,OWID_UMC,1968,400000,120561,51000,300000,,237730,,0,1109291
Upper-middle-income countries,OWID_UMC,1969,295270,399324,251700,1313142,0,14840,,,2274276
Upper-middle-income countries,OWID_UMC,1970,10254266,3417051,,5947021,100,1826547,,,21444985
Upper-middle-income countries,OWID_UMC,1971,166668,95556,2000,372400,6,296511,,,933141
Upper-middle-income countries,OWID_UMC,1972,1752393,1598458,,2871717,0,638394,,0,6860962
Upper-middle-income countries,OWID_UMC,1973,1747607,1294,,337199,0,4604884,,,6690984
Upper-middle-income countries,OWID_UMC,1974,0,43674,,1546823,14500,477105,,,2082102
Upper-middle-income countries,OWID_UMC,1975,0,53372,0,14828192,,884482,,600,15766646
Upper-middle-income countries,OWID_UMC,1976,,6060167,36510,35898,16,3280970,,,9413561
Upper-middle-income countries,OWID_UMC,1977,250000,531041,,450739,100,342384,,,1574264
Upper-middle-income countries,OWID_UMC,1978,6020885,46547,26000,6428100,7,3161889,,,15683428
Upper-middle-income countries,OWID_UMC,1979,5000000,1015156,48000,2232850,6,2352778,,,10648790
Upper-middle-income countries,OWID_UMC,1980,1002100,964917,52235,2851176,3010,17685556,,,22558994
Upper-middle-income countries,OWID_UMC,1981,0,74875,5000,4101070,20000,1159245,0,0,5360190
Upper-middle-income countries,OWID_UMC,1982,636798,61544,370500,1731109,33000,2735564,,,5568515
Upper-middle-income countries,OWID_UMC,1983,24021240,912624,19435,13111797,700040,1872498,1000,2700,40641334
Upper-middle-income countries,OWID_UMC,1984,182206,775545,101000,4140541,12054,5712705,,,10924051
Upper-middle-income countries,OWID_UMC,1985,180206,2214679,13778,4682279,4026,2897822,800,7085,10000675
Upper-middle-income countries,OWID_UMC,1986,1031206,1057035,,11018388,366,8395294,0,30000,21532289
Upper-middle-income countries,OWID_UMC,1987,3695978,375528,16035,1168914,14147,5566011,209065,0,11045678
Upper-middle-income countries,OWID_UMC,1988,51067891,2978451,13470,36267787,58645,7181344,,0,97567588
Upper-middle-income countries,OWID_UMC,1989,1634601,295237,3000,102094455,106748,46822385,0,,150956426
Upper-middle-income countries,OWID_UMC,1990,3279609,2569942,14265,43610554,5115,12929280,0,0,62408765
Upper-middle-income countries,OWID_UMC,1991,8719070,634824,1112744,211973743,717,7435466,8,0,229876572
Upper-middle-income countries,OWID_UMC,1992,13288937,478268,6578,3395195,76129,17758531,,16000,35019638
Upper-middle-income countries,OWID_UMC,1993,10000,150918,168479,3948491,79383,12978791,,,17336062
Upper-middle-income countries,OWID_UMC,1994,85050879,605238,80422,114281645,84877,28301152,3000000,8000,231412213
Upper-middle-income countries,OWID_UMC,1995,12999121,1363891,8806,135821788,14069,9948655,3000,25000,160184330
Upper-middle-income countries,OWID_UMC,1996,0,5483431,743,161277772,8295,16752154,5561,0,183527956
Upper-middle-income countries,OWID_UMC,1997,1537679,1033575,3000,8128034,31851,9655958,41070,702180,21133347
Upper-middle-income countries,OWID_UMC,1998,10685451,3496639,7358,244787745,2790,22768511,14300,0,281762794
Upper-middle-income countries,OWID_UMC,1999,42430036,6022350,24850,117269830,4701,3851757,3005,0,169606529
Upper-middle-income countries,OWID_UMC,2000,34268659,2405977,110226,10512690,205441,12964083,1600,612,60469288
Upper-middle-income countries,OWID_UMC,2001,32211137,2462047,105991,6583328,46325,30957087,0,4862,72370777
Upper-middle-income countries,OWID_UMC,2002,71826389,570540,154950,119881356,36990,109921093,1700,3700,302396718
Upper-middle-income countries,OWID_UMC,2003,51077575,4165875,25000,158069799,374223,10340486,300,1839888,225893146
Upper-middle-income countries,OWID_UMC,2004,15000000,2275618,43548,44753453,81959,14479356,,2137467,78771401
Upper-middle-income countries,OWID_UMC,2005,8236990,863252,28000,36593739,2554,47714632,0,220,93439387
Upper-middle-income countries,OWID_UMC,2006,18000000,3812813,375112,20118012,25969,66728054,200,61550,109121710
Upper-middle-income countries,OWID_UMC,2007,1210394,1278617,48948,118443771,8991,12398852,1126675,884924,135401172
Upper-middle-income countries,OWID_UMC,2008,11898833,47402968,22958,16469999,5079,9792031,325,77000000,162592193
Upper-middle-income countries,OWID_UMC,2009,27410609,2934492,47137,50124086,36327,38706062,,165764,119424477
Upper-middle-income countries,OWID_UMC,2010,48408879,254619,170661,156861106,2201702,6981276,203,687405,215565851
Upper-middle-income countries,OWID_UMC,2011,33011781,275995,45304,114691125,1226,37767709,0,4177861,189971001
Upper-middle-income countries,OWID_UMC,2012,17938932,2804999,10000,40209994,238,19136746,1945,516029,80618883
Upper-middle-income countries,OWID_UMC,2013,6559870,6824897,93260,19590871,7,31565424,,111604,64745933
Upper-middle-income countries,OWID_UMC,2014,41084265,2550590,177683,28184431,6454,24576919,,1162049,97742391
Upper-middle-income countries,OWID_UMC,2015,11348456,275096,844136,2976439,1920,5931938,528664,530570,22437219
Upper-middle-income countries,OWID_UMC,2016,22999611,543172,87014,70002761,238403,5491455,,750278,100112694
Upper-middle-income countries,OWID_UMC,2017,3324832,1996271,133349,21783213,100377,18644220,5700,226067,46214029
Upper-middle-income countries,OWID_UMC,2018,1328074,2698229,1898248,4830227,50414,14481057,,264000,25550249
Upper-middle-income countries,OWID_UMC,2019,2030441,1530018,30000,17049870,14322,7041072,10006195,132485,37834403
Upper-middle-income countries,OWID_UMC,2020,263076,150936,775773,17179503,20815,12152125,3168,,30545396
Upper-middle-income countries,OWID_UMC,2021,17660414,545483,181360,22415308,1671,13301096,684798,,54790130
Upper-middle-income countries,OWID_UMC,2022,10734861,3213597,97333,6667599,47618,12552143,130853,29662,33473666
Upper-middle-income countries,OWID_UMC,2023,21159739,17977672,42258,12344804,141198,11774925,31126,7100,63478822
Upper-middle-income countries,OWID_UMC,2024,2364831,203755,95683,6969776,3491133,35171719,8035,2601,48307533
Upper-middle-income countries,OWID_UMC,2025,0,1703323,112872,6614859,9041,46786341,52708,0,55279144
Uruguay,URY,1967,,,,38063,,,,,38063
Uruguay,URY,1986,,,,18500,,,,,18500
Uruguay,URY,1991,,,,1500,,,,,1500
Uruguay,URY,1992,,,,4700,,,,,4700
Uruguay,URY,1993,,,,,,2000,,,2000
Uruguay,URY,1997,,,,,,500,,,500
Uruguay,URY,1998,,,,9300,,,,,9300
Uruguay,URY,1999,0,,,,,1000,,,1000
Uruguay,URY,2000,0,,,5000,,100,,400,5500
Uruguay,URY,2001,,,,5000,,,,,5000
Uruguay,URY,2002,,,,2500,,1500,,,4000
Uruguay,URY,2003,,,,200,,,,,200
Uruguay,URY,2004,,,,,,,,2000,2000
Uruguay,URY,2005,,,,,,12,,,12
Uruguay,URY,2007,,,,120000,,,,0,120000
Uruguay,URY,2009,,,,4000,,,,,4000
Uruguay,URY,2010,,,,,,,,0,0
Uruguay,URY,2015,,,,35326,,,,,35326
Uruguay,URY,2016,,,,10605,,,,,10605
Uruguay,URY,2017,,,,6639,,,,,6639
Uruguay,URY,2018,14741,,,,,,,,14741
Uruguay,URY,2019,14741,,,13103,,,,,27844
Uruguay,URY,2020,14741,,,360,,360,,,15461
Uruguay,URY,2021,14741,,,,,,,,14741
Uruguay,URY,2022,14741,,,160,,,,,14901
Uruguay,URY,2023,410410,,,3472,,0,,,413882
Uruguay,URY,2024,,,,103588,,,,,103588
Uruguay,URY,2025,,,,,,3000,,,3000
Uzbekistan,UZB,1992,,50000,,,400,,,,50400
Uzbekistan,UZB,1999,,,,,0,,,,0
Uzbekistan,UZB,2000,231818,,,,,,,,231818
Uzbekistan,UZB,2001,368182,,,,,,,,368182
Uzbekistan,UZB,2005,,,,1500,,,,,1500
Uzbekistan,UZB,2011,,86,,,,,,,86
Uzbekistan,UZB,2020,,,,70060,,,,,70060
Uzbekistan,UZB,2021,,,,,6,,,,6
Uzbekistan,UZB,2022,,,,165,,,,,165
Vanuatu,VUT,1940,,,,,,0,,,0
Vanuatu,VUT,1951,,,,,,0,,,0
Vanuatu,VUT,1959,,,,,,0,,,0
Vanuatu,VUT,1972,,,,,,0,,,0
Vanuatu,VUT,1975,,,,,,0,,,0
Vanuatu,VUT,1977,,,,,,0,,,0
Vanuatu,VUT,1979,,,,,,0,,,0
Vanuatu,VUT,1981,,,,,,0,,,0
Vanuatu,VUT,1985,,,,,,117500,,,117500
Vanuatu,VUT,1987,,,,,,48000,,,48000
Vanuatu,VUT,1988,,,,,3000,6700,,,9700
Vanuatu,VUT,1990,,2,,,,,,,2
Vanuatu,VUT,1992,,,,,,1160,,,1160
Vanuatu,VUT,1993,,,,,,12005,,,12005
Vanuatu,VUT,1994,,0,,,,,,,0
Vanuatu,VUT,1998,,,,,,2400,,,2400
Vanuatu,VUT,1999,,14100,,,,0,,,14100
Vanuatu,VUT,2001,,,4500,,,800,,,5300
Vanuatu,VUT,2002,,1003,,3001,,,,,4004
Vanuatu,VUT,2004,,,,,,54008,,,54008
Vanuatu,VUT,2005,,,5000,,,,,,5000
Vanuatu,VUT,2006,,,0,,,,,,0
Vanuatu,VUT,2008,,,1847,,,,,,1847
Vanuatu,VUT,2009,,,7553,950,,,,,8503
Vanuatu,VUT,2011,,,,,,32000,,,32000
Vanuatu,VUT,2014,,,,,,20006,,,20006
Vanuatu,VUT,2015,,,,,,188000,,,188000
Vanuatu,VUT,2017,,,11000,,,2564,,,13564
Vanuatu,VUT,2018,,,13586,,,,,,13586
Vanuatu,VUT,2020,,,,,,130120,,,130120
Vanuatu,VUT,2021,,,3383,,,,,,3383
Vanuatu,VUT,2023,,,,,,593702,,,593702
Vanuatu,VUT,2024,,80265,,,,,,,80265
Venezuela,VEN,1933,,,,,,0,,,0
Venezuela,VEN,1950,,0,,,,,,,0
Venezuela,VEN,1962,,,,,0,,,,0
Venezuela,VEN,1967,,81536,,23000,,,,,104536
Venezuela,VEN,1980,,186,,,,,,,186
Venezuela,VEN,1981,,,,,4000,,,,4000
Venezuela,VEN,1985,,,,15000,,,,,15000
Venezuela,VEN,1986,,1000,,,,,,,1000
Venezuela,VEN,1987,,,,29,17000,,,,17029
Venezuela,VEN,1988,,,,5480,,0,,,5480
Venezuela,VEN,1989,,2000,,,,,,,2000
Venezuela,VEN,1993,,,,,,5900,,,5900
Venezuela,VEN,1994,,,,0,518,,,,518
Venezuela,VEN,1996,,,,51500,,,,,51500
Venezuela,VEN,1997,,4183,,18000,,,,,22183
Venezuela,VEN,1999,,,,543503,,,,,543503
Venezuela,VEN,2000,,,,27004,,,,,27004
Venezuela,VEN,2002,,,,55376,,,,,55376
Venezuela,VEN,2003,,,,650,,,,,650
Venezuela,VEN,2004,,,,4000,,1730,,,5730
Venezuela,VEN,2005,,,,45797,,,,,45797
Venezuela,VEN,2006,,,,135,,,,,135
Venezuela,VEN,2008,,,,1500,,,,,1500
Venezuela,VEN,2009,0,,,,,,,,0
Venezuela,VEN,2010,0,,,94800,,0,,,94800
Venezuela,VEN,2011,,,,3668,,,,,3668
Venezuela,VEN,2012,,,,11000,,,,,11000
Venezuela,VEN,2015,,,,45297,,,,,45297
Venezuela,VEN,2016,,,,0,,,,,0
Venezuela,VEN,2018,,,,10700,,,,,10700
Venezuela,VEN,2019,,,,2000,,,,,2000
Venezuela,VEN,2020,,,,3690,,,,,3690
Venezuela,VEN,2021,,,,1401300,,,,,1401300
Venezuela,VEN,2022,,,,91700,65101,30000,,,186801
Venezuela,VEN,2023,,,,112,,,,,112
Venezuela,VEN,2024,,,,,,29000,,,29000
Venezuela,VEN,2025,,210,,,0,24095,,,24305
Vietnam,VNM,1952,,,,,,0,,,0
Vietnam,VNM,1953,,,,,,0,,,0
Vietnam,VNM,1956,,,,,,0,,,0
Vietnam,VNM,1964,,,,0,,700000,,,700000
Vietnam,VNM,1966,,,,195902,,,,,195902
Vietnam,VNM,1970,,,,204000,,0,,,204000
Vietnam,VNM,1971,,,,,,250000,,,250000
Vietnam,VNM,1973,,,,,,150000,,,150000
Vietnam,VNM,1977,,,,,,1000,,,1000
Vietnam,VNM,1978,,,,4079000,,,,,4079000
Vietnam,VNM,1980,,,,628000,,15651884,,,16279884
Vietnam,VNM,1982,,,,,,1300290,,,1300290
Vietnam,VNM,1983,,,,,,1181868,,,1181868
Vietnam,VNM,1984,,,,38000,,651799,,,689799
Vietnam,VNM,1985,,,,2800000,,450257,,,3250257
Vietnam,VNM,1986,,,,0,,2502502,,,2502502
Vietnam,VNM,1987,0,,,,,937011,,,937011
Vietnam,VNM,1988,,,,,,1320000,,,1320000
Vietnam,VNM,1989,,,,,,6417359,,,6417359
Vietnam,VNM,1990,,,,10200,,502108,,,512308
Vietnam,VNM,1991,,,,295614,,477605,,,773219
Vietnam,VNM,1992,,,,109698,38000,79358,,,227056
Vietnam,VNM,1993,,,,15000,,38757,,,53757
Vietnam,VNM,1994,,,,382000,1034,11000,,,394034
Vietnam,VNM,1995,,,,400000,,23051,,,423051
Vietnam,VNM,1996,,,,375000,,667091,,,1042091
Vietnam,VNM,1997,438679,,,,,1081177,,,1519856
Vietnam,VNM,1998,2561321,,,32505,,2525237,,,5119063
Vietnam,VNM,1999,1400000,,,5783281,,0,,,7183281
Vietnam,VNM,2000,,,,5025007,39,14534,,,5039580
Vietnam,VNM,2001,,,,1608451,,200639,,,1809090
Vietnam,VNM,2002,1300000,,,1431816,,1800,0,,2733616
Vietnam,VNM,2003,,,,416823,,5018,,,421841
Vietnam,VNM,2004,,,,35018,0,500905,,,535923
Vietnam,VNM,2005,410000,,,92393,,367660,,,870053
Vietnam,VNM,2006,,,,52120,,3297290,,,3349410
Vietnam,VNM,2007,,,,962172,,685430,,,1647602
Vietnam,VNM,2008,,,,624170,,156649,,,780819
Vietnam,VNM,2009,,,,748334,1,2977460,,,3725795
Vietnam,VNM,2010,,,,1489833,,34600,,,1524433
Vietnam,VNM,2011,,,,1361584,,63,,,1361647
Vietnam,VNM,2012,,,,17540,,338972,,,356512
Vietnam,VNM,2013,,,,2161001,,1963444,,,4124445
Vietnam,VNM,2014,,,,,,48075,,,48075
Vietnam,VNM,2015,118969,,,15100,,115,,,134184
Vietnam,VNM,2016,1400767,,,1428585,,995340,,,3824692
Vietnam,VNM,2017,230264,,,90203,,5043013,,,5363480
Vietnam,VNM,2018,,,,127728,,156028,,,283756
Vietnam,VNM,2019,516978,,,126010,,22164,,,665152
Vietnam,VNM,2020,168580,,,2621,,2195449,,,2366650
Vietnam,VNM,2021,,,,313783,,84560,,,398343
Vietnam,VNM,2022,,,,23275,,491890,,,515165
Vietnam,VNM,2023,,,,225150,,80003,,,305153
Vietnam,VNM,2024,266000,,,9628,234,3758106,,0,4033968
Vietnam,VNM,2025,,,,800,,3504578,,,3505378
Wallis and Futuna,WLF,1965,,,,,,0,,,0
Wallis and Futuna,WLF,1966,,,,,,0,,,0
Wallis and Futuna,WLF,1986,,,,,,4500,,,4500
Wallis and Futuna,WLF,1993,,20,,,,,,,20
Wallis and Futuna,WLF,2012,,,,,,1252,,,1252
West Germany,OWID_GFR,1920,,,,0,,,,,0
West Germany,OWID_GFR,1925,,,,0,,,,,0
West Germany,OWID_GFR,1926,,,,0,,,,,0
West Germany,OWID_GFR,1929,,,,,,0,,,0
West Germany,OWID_GFR,1953,,,,,,0,,,0
West Germany,OWID_GFR,1962,,,,,,180000,,,180000
West Germany,OWID_GFR,1968,,,,,,0,,,0
West Germany,OWID_GFR,1972,,,,,,0,,,0
West Germany,OWID_GFR,1974,,,,,,0,,,0
West Germany,OWID_GFR,1976,,,,,,0,,,0
West Germany,OWID_GFR,1978,,235,,1000,,,,,1235
West Germany,OWID_GFR,1979,,,,,,,,0,0
West Germany,OWID_GFR,1983,,,,12,,0,0,,12
West Germany,OWID_GFR,1984,,,,,,250,,,250
West Germany,OWID_GFR,1985,,,,,,0,,,0
West Germany,OWID_GFR,1988,,,,3500,,,,,3500
World,OWID_WRL,1900,0,0,0,0,,0,,,0
World,OWID_WRL,1901,,24,,,,,,,24
World,OWID_WRL,1902,,142652,0,,,0,,,142652
World,OWID_WRL,1903,0,60000,0,1200,23,6180,,,67403
World,OWID_WRL,1904,,3969,,,,0,,,3969
World,OWID_WRL,1905,,22277,,,18,0,,,22295
World,OWID_WRL,1906,0,120482,0,,,0,,,120482
World,OWID_WRL,1907,0,90000,,6000,,,,,96000
World,OWID_WRL,1908,,150000,,,0,,,,150000
World,OWID_WRL,1909,,3345,,0,0,15000,,,18345
World,OWID_WRL,1910,6396,0,,0,0,0,,,6396
World,OWID_WRL,1911,6396,1288,199,0,,0,200,,8083
World,OWID_WRL,1912,6396,18195,,,,597520,,,622111
World,OWID_WRL,1913,6396,112,,,,0,,,6508
World,OWID_WRL,1914,6416,54309,0,,,0,,,60725
World,OWID_WRL,1915,,0,,3000000,22,0,,,3000022
World,OWID_WRL,1916,,2153,,0,,0,,,2153
World,OWID_WRL,1917,,475,,635000,,0,,,635475
World,OWID_WRL,1918,,0,,,,0,0,,0
World,OWID_WRL,1919,0,,0,,,0,,,0
World,OWID_WRL,1920,20000000,167,,0,,1374,,,20001541
World,OWID_WRL,1921,5000000,,,,,,,,5000000
World,OWID_WRL,1922,0,417,,,,0,11000,,11417
World,OWID_WRL,1923,0,203733,,,0,26300,,,230033
World,OWID_WRL,1924,,12390,,0,,1000000,,,1012390
World,OWID_WRL,1925,,17628,,0,,0,,,17628
World,OWID_WRL,1926,,0,0,0,0,40000,,,40000
World,OWID_WRL,1927,,213484,,0,,40630,,,254114
World,OWID_WRL,1928,0,209,,8000,,0,,,8209
World,OWID_WRL,1929,,1121,,,,0,0,,1121
World,OWID_WRL,1930,,40632,0,16200,0,12000,,,68832
World,OWID_WRL,1931,2497,11000,0,0,0,0,,,13497
World,OWID_WRL,1932,2497,28201,,,0,82320,,,113018
World,OWID_WRL,1933,2497,150,,3600000,,1000,,,3603647
World,OWID_WRL,1934,2497,0,,0,0,15000,,,17497
World,OWID_WRL,1935,2497,282592,,10030000,,500,,,10315589
World,OWID_WRL,1936,2497,71516,,0,0,150000,,0,224013
World,OWID_WRL,1937,2497,200,7500,1000800,0,0,,,1010997
World,OWID_WRL,1938,2497,6430,,0,0,0,,,8927
World,OWID_WRL,1939,2497,652687,,0,,0,3900,,659084
World,OWID_WRL,1940,2527,67705,,17000,,0,,,87232
World,OWID_WRL,1941,0,46172,,,0,262,,,46434
World,OWID_WRL,1942,0,135,,,,0,,,135
World,OWID_WRL,1943,0,44348,3000,0,,30000,,,77348
World,OWID_WRL,1944,0,235573,14000,,,12000,2100,,263673
World,OWID_WRL,1945,,22589,0,,,1884673,,,1907262
World,OWID_WRL,1946,0,3884,2500,,,0,,,6384
World,OWID_WRL,1947,0,35020,,0,,0,0,,35020
World,OWID_WRL,1948,,350575,0,0,0,419698,,,770273
World,OWID_WRL,1949,,105595,0,0,0,194046,0,,299641
World,OWID_WRL,1950,,40250,0,10132000,0,642345,,,10814595
World,OWID_WRL,1951,,162346,0,1013934,0,196617,,0,1372897
World,OWID_WRL,1952,,5446,29,660,0,1501252,,,1507387
World,OWID_WRL,1953,,194952,0,2191110,,1758107,,0,4144169
World,OWID_WRL,1954,,134551,0,0,5846,444965,,,585362
World,OWID_WRL,1955,,28723,,15000,2006,495205,,0,540934
World,OWID_WRL,1956,,2589,0,77000,0,12066910,0,,12146499
World,OWID_WRL,1957,,15219,3200,291440,,250111,,,559970
World,OWID_WRL,1958,,4426,,11900,0,20000,,0,36326
World,OWID_WRL,1959,,263,,13000,0,2493342,,,2506605
World,OWID_WRL,1960,0,2004450,2000,167000,0,728963,,,2902413
World,OWID_WRL,1961,0,0,,1304384,0,19186,,0,1323570
World,OWID_WRL,1962,,133454,,20000,0,348977,,0,502431
World,OWID_WRL,1963,6690,8693,83200,80410,0,6059250,,0,6238243
World,OWID_WRL,1964,2602710,116461,2000,2276937,0,2896179,,,7894287
World,OWID_WRL,1965,35299333,254873,58785,4515772,22,16203339,0,0,56332124
World,OWID_WRL,1966,33693333,376265,47060,4916471,4000000,2705846,0,0,45738975
World,OWID_WRL,1967,34809901,560579,,2465202,668,595097,3100,,38434547
World,OWID_WRL,1968,2407508,193127,66671,24828976,897,439230,1800,0,27938209
World,OWID_WRL,1969,3292533,400540,251700,1820987,0,709344,0,,6475104
World,OWID_WRL,1970,11581827,3421271,,28203103,198,5691657,0,,48898056
World,OWID_WRL,1971,2373216,2450749,11600,1174000,1506,7301672,,0,13312743
World,OWID_WRL,1972,103203109,2323923,,4315528,1000,7707383,,0,117550943
World,OWID_WRL,1973,102945874,5077,5200,5227301,0,4668406,5000,0,112856858
World,OWID_WRL,1974,1791821,93947,,43199823,14500,1224595,,,46324686
World,OWID_WRL,1975,1387187,54932,0,50129448,75000,918072,,600,52565239
World,OWID_WRL,1976,2359485,6400395,181513,9985348,16,4717774,0,,23644531
World,OWID_WRL,1977,8574645,918507,96000,3624042,150,14911012,0,0,28124356
World,OWID_WRL,1978,9058736,652298,26000,42487783,7,3442304,7200,0,55674328
World,OWID_WRL,1979,19247240,1020156,48024,30586689,5918,4055063,30000,0,54993090
World,OWID_WRL,1980,6035518,1635433,54735,45298962,3010,18901624,5000,0,71934282
World,OWID_WRL,1981,5183990,158268,5000,20788520,24000,3547248,48588,0,29755614
World,OWID_WRL,1982,42272624,509694,370500,36867064,52331,8449751,9018,200,88531182
World,OWID_WRL,1983,121921855,1019927,50035,21500223,732263,3493002,12020,2700,148732025
World,OWID_WRL,1984,21957412,796086,101000,53518632,16054,8530560,200,0,84919944
World,OWID_WRL,1985,14310641,3708992,13778,17698499,4026,6040374,2830,7085,41786225
World,OWID_WRL,1986,1031206,1108400,23437,12582919,2500700,14702846,4050,30000,31983558
World,OWID_WRL,1987,315414484,416611,16035,50087488,37366,5887487,209195,7,372068673
World,OWID_WRL,1988,54500641,23285858,15470,107979771,66145,21033930,,200,206882015
World,OWID_WRL,1989,8080798,353624,3000,104331987,107956,50834395,25000,0,163736760
World,OWID_WRL,1990,12766449,2596470,14265,46675374,5115,17269098,0,1000000,80326771
World,OWID_WRL,1991,20873172,977815,1193164,227799826,88528,23303867,308,450,274237130
World,OWID_WRL,1992,30381362,768516,346653,19605324,79079,18486817,52190,16000,69735941
World,OWID_WRL,1993,11254557,225272,173759,149253937,158402,15059521,130,3000760,179126338
World,OWID_WRL,1994,94581839,791945,232424,129791057,309049,37040141,3067413,1108184,266922052
World,OWID_WRL,1995,23307703,1940555,25876,193379576,1134395,14281620,11839,535278,234616842
World,OWID_WRL,1996,2955313,5490181,6572,182742696,9736,27779056,6211,200,218989965
World,OWID_WRL,1997,5034859,1297003,7200,44654492,33951,14150761,53229,712180,65943675
World,OWID_WRL,1998,13077875,3677863,7808,293500004,212813,31557759,166604,36386,342237112
World,OWID_WRL,1999,45817303,6856841,33555,149289797,15291,25102093,18830,725246,227858956
World,OWID_WRL,2000,74133152,2478558,126626,73954681,215157,15134887,39701,27686,166110448
World,OWID_WRL,2001,80000655,9711283,110491,34549790,71037,31991430,2678,213156,156650520
World,OWID_WRL,2002,391864245,849703,278350,167788325,304685,110831079,29185,71694,672017266
World,OWID_WRL,2003,63875606,4194415,25000,169223219,382352,11425149,184333,1872250,251182324
World,OWID_WRL,2004,26358232,3147205,53148,117191846,89026,21436663,20519,2140010,170436649
World,OWID_WRL,2005,18538525,6187464,341000,74824015,9554,49123881,6280,1616,149032335
World,OWID_WRL,2006,35345259,3858839,378611,30381198,432161,67109735,2989,62384,137571176
World,OWID_WRL,2007,3909647,1399884,50963,178543440,9002,23986730,1785013,988088,210672767
World,OWID_WRL,2008,23700535,47512447,32805,45230451,5846,15651774,58668,79171184,211363710
World,OWID_WRL,2009,49836940,3237122,54690,59696722,48116,50584571,11574,185764,163655499
World,OWID_WRL,2010,63140040,6936939,170661,186886959,2460871,8959380,30491,736340,269321681
World,OWID_WRL,2011,53471876,1747620,48804,137707036,7252,38594332,13985,4339836,235930741
World,OWID_WRL,2012,42469788,2863233,10000,64907271,3716,20267181,7200,571113,131099502
World,OWID_WRL,2013,11825063,7117775,93260,31913739,1036,48852000,8831,234761,100046465
World,OWID_WRL,2014,49896800,3169190,179132,41626458,18747,25790698,13719,1229049,121923793
World,OWID_WRL,2015,206652576,7222471,870186,27643912,50358,10468318,618819,625503,254152143
World,OWID_WRL,2016,219006588,1185885,87014,79291935,269473,94044042,158490,1501378,395544805
World,OWID_WRL,2017,24315662,2009832,144349,55681232,201773,25417146,100263,1876067,109746324
World,OWID_WRL,2018,16001805,3309145,1915398,34263257,52158,18163693,261287,396768,74363511
World,OWID_WRL,2019,35978668,1663211,48823,34266908,174099,38110293,10053835,161382,120457219
World,OWID_WRL,2020,19107255,385432,775773,34936167,179771,41289442,272392,30000,96976232
World,OWID_WRL,2021,44983953,1329508,493400,29579803,5593,17927832,769303,0,95089392
World,OWID_WRL,2022,130997524,3616111,97333,57781924,114950,16980795,250497,61667,209900801
World,OWID_WRL,2023,30341708,27478903,42258,37380248,150371,24920549,167431,1032115,121513583
World,OWID_WRL,2024,25954363,460953,95683,50444620,3560300,48384518,138412,36380362,165419211
World,OWID_WRL,2025,33308102,5923287,631820,22163660,19329,53209946,190678,0,115446822
Yemen,YEM,1991,,40039,,30000,,,,,70039
Yemen,YEM,1993,,,,21500,,,,,21500
Yemen,YEM,1996,,,,243210,,,,,243210
Yemen,YEM,1998,,,,3240,,,,,3240
Yemen,YEM,1999,,,,19750,,,,,19750
Yemen,YEM,2001,,,,0,,0,,,0
Yemen,YEM,2002,,,,700,,,,,700
Yemen,YEM,2003,,,,0,,,,,0
Yemen,YEM,2005,,,,721,11,,,,732
Yemen,YEM,2006,,,,2320,,,,,2320
Yemen,YEM,2007,,,15,2618,,,,,2633
Yemen,YEM,2008,,,,25064,,,,,25064
Yemen,YEM,2009,,,,,0,,,,0
Yemen,YEM,2010,,,,1002,,,,,1002
Yemen,YEM,2013,,,,49092,,,,,49092
Yemen,YEM,2015,,,,,,125065,,,125065
Yemen,YEM,2016,,,,29750,20,,,,29770
Yemen,YEM,2017,,,,8,,,,,8
Yemen,YEM,2018,,,,,,15874,,,15874
Yemen,YEM,2019,,,,80500,,,,,80500
Yemen,YEM,2020,,,,173374,,,,,173374
Yemen,YEM,2021,,,,228208,,,,,228208
Yemen,YEM,2022,,,,219400,,,,,219400
Yemen,YEM,2023,,,,308183,,150,,,308333
Yemen,YEM,2024,,,,867160,,,,,867160
Yemen,YEM,2025,,,,455095,,,,,455095
Yemen Arab Republic,OWID_YAR,1941,,8700,,,,,,,8700
Yemen Arab Republic,OWID_YAR,1969,673332,,,,,,,,673332
Yemen Arab Republic,OWID_YAR,1970,673332,,,,,,,,673332
Yemen Arab Republic,OWID_YAR,1971,673336,,,,,,,,673336
Yemen Arab Republic,OWID_YAR,1973,,,,2862,,,,,2862
Yemen Arab Republic,OWID_YAR,1975,,,,50000,,,,,50000
Yemen Arab Republic,OWID_YAR,1977,0,,,,,,,,0
Yemen Arab Republic,OWID_YAR,1982,,401500,,,,,,,401500
Yemen Arab Republic,OWID_YAR,1989,,,,150000,,,,,150000
Yemen People's Republic,OWID_YPR,1972,,,,0,,,,,0
Yemen People's Republic,OWID_YPR,1977,0,,,,,,,,0
Yemen People's Republic,OWID_YPR,1981,,,,15000,,,,,15000
Yemen People's Republic,OWID_YPR,1982,,,,350000,,,,,350000
Yemen People's Republic,OWID_YPR,1989,,,,340000,,,,,340000
Yugoslavia,OWID_YGS,1943,,0,,,,,,,0
Yugoslavia,OWID_YGS,1963,,3300,,,,,,,3300
Yugoslavia,OWID_YGS,1964,,,,240000,,,,,240000
Yugoslavia,OWID_YGS,1965,,,,95000,,,,,95000
Yugoslavia,OWID_YGS,1967,,21870,,,,,,,21870
Yugoslavia,OWID_YGS,1968,,15030,,,,,,,15030
Yugoslavia,OWID_YGS,1969,,286116,,,,,,,286116
Yugoslavia,OWID_YGS,1979,,310180,,12000,,,,,322180
Yugoslavia,OWID_YGS,1980,,5100,,,,,,,5100
Yugoslavia,OWID_YGS,1981,,44,,22000,,,,,22044
Yugoslavia,OWID_YGS,1983,,0,,,,,0,,0
Yugoslavia,OWID_YGS,1985,,1516,,,,,0,,1516
Yugoslavia,OWID_YGS,1986,,,,8500,,,,,8500
Yugoslavia,OWID_YGS,1988,,,,,,,,0,0
Yugoslavia,OWID_YGS,1990,0,,,20900,,,,,20900
Zambia,ZMB,1978,,,,30900,,,,,30900
Zambia,ZMB,1982,0,,,,,,,,0
Zambia,ZMB,1989,,,,800000,,,,,800000
Zambia,ZMB,1991,848837,,,,,,,,848837
Zambia,ZMB,1992,851163,,,,,,,,851163
Zambia,ZMB,1995,1273204,,,,,,,,1273204
Zambia,ZMB,1998,,,,1300000,,,,,1300000
Zambia,ZMB,2000,,,,12000,,,,,12000
Zambia,ZMB,2001,,,,617900,,,,,617900
Zambia,ZMB,2003,,,,11000,,,,,11000
Zambia,ZMB,2004,,,,196398,,,,,196398
Zambia,ZMB,2005,1200000,,,4000,,,,,1204000
Zambia,ZMB,2007,,,,1519913,,,,,1519913
Zambia,ZMB,2008,,,,48608,,,,,48608
Zambia,ZMB,2009,,,,614814,,,,,614814
Zambia,ZMB,2010,,,,1200,150,,,,1350
Zambia,ZMB,2011,,,,1375,,,,,1375
Zambia,ZMB,2013,,,,1800,,,,,1800
Zambia,ZMB,2014,,,,20000,,,,,20000
Zambia,ZMB,2019,714021,,,0,,,,,714021
Zambia,ZMB,2020,715979,,,705772,,,,,1421751
Zambia,ZMB,2021,636148,,,,,,,,636148
Zambia,ZMB,2022,943852,,,21582,,,,,965434
Zambia,ZMB,2023,,,,176608,,,,,176608
Zambia,ZMB,2024,8332487,,,,,,,,8332487
Zambia,ZMB,2025,1467513,,,19375,,,,,1486888
Zimbabwe,ZWE,1975,,,,,,0,,,0
Zimbabwe,ZWE,1982,0,,,,,,,,0
Zimbabwe,ZWE,1983,0,,,,,,,,0
Zimbabwe,ZWE,1984,0,,,,,,,,0
Zimbabwe,ZWE,1991,792050,,,,,,,,792050
Zimbabwe,ZWE,1992,1051267,,,,,,,,1051267
Zimbabwe,ZWE,1993,1051267,,,,,,,,1051267
Zimbabwe,ZWE,1994,1051267,,,,,,,,1051267
Zimbabwe,ZWE,1995,1054149,,,,,,,,1054149
Zimbabwe,ZWE,1998,55000,,,0,,,,,55000
Zimbabwe,ZWE,2000,,,,266000,,,,,266000
Zimbabwe,ZWE,2001,1772200,,,30000,,,,,1802200
Zimbabwe,ZWE,2002,2113899,,,,,,,,2113899
Zimbabwe,ZWE,2003,2113901,,,18000,,0,,,2131901
Zimbabwe,ZWE,2007,840460,,,16733,,0,,,857193
Zimbabwe,ZWE,2008,840460,,,267,,,,,840727
Zimbabwe,ZWE,2009,419080,,,,,,,,419080
Zimbabwe,ZWE,2010,304672,,,820,,,,,305492
Zimbabwe,ZWE,2011,453900,,,0,,,,,453900
Zimbabwe,ZWE,2012,453900,,,,,,,,453900
Zimbabwe,ZWE,2013,1507089,,,9700,,,,,1516789
Zimbabwe,ZWE,2014,1051943,,,1752,,,,,1053695
Zimbabwe,ZWE,2015,1051943,,,750,,475,,,1053168
Zimbabwe,ZWE,2016,1051943,,,,,2000,,,1053943
Zimbabwe,ZWE,2017,2087552,,,,,113023,,,2200575
Zimbabwe,ZWE,2018,2180519,,,,,,,,2180519
Zimbabwe,ZWE,2019,2180519,,,300,,270186,,,2451005
Zimbabwe,ZWE,2020,543638,,,,,,,,543638
Zimbabwe,ZWE,2021,120884,,,,,2400,,,123284
Zimbabwe,ZWE,2022,46616,,,0,,3000,,,49616
Zimbabwe,ZWE,2023,,,,,,0,,,0
Zimbabwe,ZWE,2024,7600000,,,,,,,,7600000